"id";"data_inversa";"dia_semana";"horario";"uf";"br";"km";"municipio";"causa_acidente";"tipo_acidente";"classificacao_acidente";"fase_dia";"sentido_via";"condicao_metereologica";"tipo_pista";"tracado_via";"uso_solo";"pessoas";"mortos";"feridos_leves";"feridos_graves";"ilesos";"ignorados";"feridos";"veiculos";"latitude";"longitude";"regional";"delegacia";"uop"
745147;2026-01-12;"segunda-feira";"06:00:00";"MG";40;740;"SANTOS DUMONT";"Transitar na contramão";"Colisão frontal";"Com Vítimas Feridas";"Pleno dia";"Decrescente";"Céu Claro";"Simples";"Curva;Declive";"Sim";3;0;1;0;1;1;1;3;-21,433953;-43,552125;"SPRF-MG";"DEL05-MG";"UOP01-DEL05-MG"
745151;2026-01-12;"segunda-feira";"03:45:00";"BA";116;404;"FEIRA DE SANTANA";"Ausência de reação do condutor";"Colisão traseira";"Com Vítimas Feridas";"Amanhecer";"Crescente";"Céu Claro";"Dupla";"Aclive;Reta";"Sim";3;0;1;0;0;2;1;3;-12,0715;-38,969764;"SPRF-BA";"DEL02-BA";"UOP01-DEL02-BA"
745153;2026-01-12;"segunda-feira";"03:50:00";"RJ";116;222,8;"PARACAMBI";"Ausência de reação do condutor";"Engavetamento";"Com Vítimas Feridas";"Plena Noite";"Decrescente";"Céu Claro";"Dupla";"Reta";"Não";10;0;4;1;4;12;5;18;-22,689631;-43,80043;"SPRF-RJ";"DEL06-RJ";"UOP02-DEL06-RJ"
745164;2026-01-12;"segunda-feira";"07:43:00";"RS";158;325;"SANTA MARIA";"Ausência de reação do condutor";"Colisão traseira";"Com Vítimas Feridas";"Pleno dia";"Crescente";"Nublado";"Dupla";"Declive;Reta";"Sim";2;0;1;0;1;0;1;2;-29,703194;-53,794661;"SPRF-RS";"DEL09-RS";"UOP01-DEL09-RS"
745165;2026-01-12;"segunda-feira";"07:00:00";"MG";381;502;"BETIM";"Reação tardia ou ineficiente do condutor";"Colisão traseira";"Com Vítimas Feridas";"Pleno dia";"Crescente";"Céu Claro";"Múltipla";"Reta";"Não";3;0;2;0;1;0;2;2;-20,0201495;-44,22882199;"SPRF-MG";"DEL01-MG";"UOP03-DEL01-MG"
745184;2026-01-12;"segunda-feira";"09:00:00";"PR";376;386,2;"IMBAU";"Reação tardia ou ineficiente do condutor";"Tombamento";"Com Vítimas Fatais";"Pleno dia";"Decrescente";"Nublado";"Dupla";"Declive;Curva";"Não";2;1;0;0;0;1;0;2;-24,48362377;-50,73403716;"SPRF-PR";"DEL03-PR";"UOP02-DEL03-PR"
745185;2026-01-12;"segunda-feira";"09:30:00";"SP";116;213;"GUARULHOS";"Condutor deixou de manter distância do veículo da frente";"Colisão traseira";"Com Vítimas Feridas";"Pleno dia";"Crescente";"Céu Claro";"Dupla";"Reta";"Não";2;0;1;0;0;1;1;2;-23,443323;-46,446657;"SPRF-SP";"DEL01-SP";"UOP01-DEL01-SP"
745197;2026-01-12;"segunda-feira";"09:40:00";"PB";230;211;"SOLEDADE";"Ultrapassagem Indevida";"Colisão lateral mesmo sentido";"Com Vítimas Feridas";"Pleno dia";"Crescente";"Nublado";"Simples";"Aclive;Reta";"Não";2;0;0;1;1;0;1;2;-7,0757;-36,339893;"SPRF-PB";"DEL02-PB";"UOP02-DEL02-PB"
745198;2026-01-12;"segunda-feira";"10:40:00";"PR";277;68,9;"SAO JOSE DOS PINHAIS";"Condutor usando celular";"Colisão traseira";"Com Vítimas Feridas";"Pleno dia";"Crescente";"Nublado";"Dupla";"Reta";"Sim";3;0;1;0;1;1;1;3;-25,51911854;-49,1109832;"SPRF-PR";"DEL01-PR";"UOP01-DEL01-PR"
745219;2026-01-12;"segunda-feira";"07:45:00";"MG";262;698;"ARAXA";"Ultrapassagem Indevida";"Colisão lateral mesmo sentido";"Sem Vítimas";"Pleno dia";"Decrescente";"Céu Claro";"Simples";"Aclive;Reta";"Não";4;0;0;0;3;3;0;6;-19,59285811;-47,13132352;"SPRF-MG";"DEL08-MG";"UOP01-DEL08-MG"
745221;2026-01-12;"segunda-feira";"12:20:00";"BA";407;219;"CAPIM GROSSO";"Condutor deixou de manter distância do veículo da frente";"Colisão traseira";"Com Vítimas Feridas";"Pleno dia";"Decrescente";"Céu Claro";"Simples";"Reta";"Não";2;0;0;1;1;0;1;2;-11,27291;-40,02245;"SPRF-BA";"DEL04-BA";"UOP02-DEL04-BA"
745226;2026-01-12;"segunda-feira";"11:40:00";"AL";101;115;"PILAR";"Condutor deixou de manter distância do veículo da frente";"Colisão traseira";"Sem Vítimas";"Pleno dia";"Crescente";"Céu Claro";"Simples";"Declive;Reta;Em Obras";"Não";3;0;0;0;2;1;0;3;-9,643387;-36,02438;"SPRF-AL";"DEL02-AL";"UOP01-DEL02-AL"
745229;2026-01-12;"segunda-feira";"13:30:00";"MG";381;525;"BRUMADINHO";"Demais falhas mecânicas ou elétricas";"Colisão traseira";"Com Vítimas Feridas";"Pleno dia";"Crescente";"Céu Claro";"Dupla";"Ponte;Declive;Reta";"Não";4;0;2;0;1;1;2;3;-20,145961;-44,323344;"SPRF-MG";"DEL04-MG";"UOP03-DEL04-MG"
745238;2026-01-12;"segunda-feira";"13:00:00";"PR";153;105,4;"IBAITI";"Ultrapassagem Indevida";"Colisão lateral mesmo sentido";"Com Vítimas Fatais";"Pleno dia";"Crescente";"Céu Claro";"Simples";"Reta";"Não";3;1;1;0;1;0;1;2;-23,81726803;-50,18078146;"SPRF-PR";"DEL07-PR";"UOP04-DEL07-PR"
745240;2026-01-12;"segunda-feira";"08:30:00";"BA";20;154,8;"SAO DESIDERIO";"Transitar na contramão";"Colisão lateral sentido oposto";"Sem Vítimas";"Pleno dia";"Decrescente";"Céu Claro";"Simples";"Reta";"Não";4;0;0;0;1;3;0;3;-12,59794;-45,91075;"SPRF-BA";"DEL10-BA";"UOP01-DEL10-BA"
745247;2026-01-12;"segunda-feira";"12:10:00";"SC";280;121;"SAO BENTO DO SUL";"Reação tardia ou ineficiente do condutor";"Colisão frontal";"Com Vítimas Feridas";"Pleno dia";"Crescente";"Céu Claro";"Simples";"Declive;Reta";"Não";4;0;0;3;1;0;3;3;-26,25529379;-49,45070593;"SPRF-SC";"DEL06-SC";"UOP03-DEL06-SC"
745248;2026-01-12;"segunda-feira";"15:25:00";"MG";381;748,5;"TRES CORACOES";"Reação tardia ou ineficiente do condutor";"Colisão traseira";"Com Vítimas Feridas";"Pleno dia";"Decrescente";"Sol";"Dupla";"Reta";"Não";3;0;1;0;2;0;1;2;-21,6301025;-45,2743066;"SPRF-MG";"DEL16-MG";"UOP02-DEL16-MG"
745249;2026-01-12;"segunda-feira";"14:51:00";"MS";163;560;"BANDEIRANTES";"Ultrapassagem Indevida";"Colisão lateral mesmo sentido";"Com Vítimas Feridas";"Pleno dia";"Decrescente";"Chuva";"Simples";"Reta";"Não";5;0;2;0;2;2;2;5;-19,81557;-54,37084;"SPRF-MS";"DEL01-MS";"UOP02-DEL01-MS"
745252;2026-01-12;"segunda-feira";"15:15:00";"SC";282;24;"SANTO AMARO DA IMPERATRIZ";"Condutor deixou de manter distância do veículo da frente";"Colisão traseira";"Sem Vítimas";"Pleno dia";"Decrescente";"Nublado";"Simples";"Aclive";"Não";2;0;0;0;2;0;0;2;-27,67635721;-48,76709685;"SPRF-SC";"DEL01-SC";"UOP03-DEL01-SC"
745253;2026-01-12;"segunda-feira";"15:00:00";"RO";364;139,6;"PIMENTA BUENO";"Ultrapassagem Indevida";"Colisão lateral mesmo sentido";"Com Vítimas Feridas";"Pleno dia";"Decrescente";"Céu Claro";"Simples";"Aclive;Reta";"Não";6;0;2;0;4;0;2;2;-12,01524;-60,84262;"SPRF-RO";"DEL02-RO";"UOP02-DEL02-RO"
745257;2026-01-12;"segunda-feira";"15:30:00";"RS";116;198,1;"PICADA CAFE";"Reação tardia ou ineficiente do condutor";"Colisão frontal";"Com Vítimas Feridas";"Pleno dia";"Crescente";"Céu Claro";"Simples";"Curva";"Não";4;0;1;1;2;0;2;2;-29,47719;-51,143363;"SPRF-RS";"DEL05-RS";"UOP02-DEL05-RS"
745259;2026-01-12;"segunda-feira";"16:40:00";"MG";262;513;"LUZ";"Acessar a via sem observar a presença dos outros veículos";"Colisão traseira";"Com Vítimas Feridas";"Pleno dia";"Crescente";"Céu Claro";"Simples";"Declive";"Não";4;0;2;0;2;0;2;2;-19,783136;-45,658257;"SPRF-MG";"DEL08-MG";"UOP03-DEL08-MG"
745266;2026-01-12;"segunda-feira";"16:00:00";"RJ";101;586;"PARATY";"Objeto estático sobre o leito carroçável";"Colisão traseira";"Com Vítimas Feridas";"Pleno dia";"Crescente";"Nublado";"Simples";"Reta";"Não";6;0;2;0;3;1;2;4;-23,274599;-44,688068;"SPRF-RJ";"DEL03-RJ";"UOP04-DEL03-RJ"
745268;2026-01-12;"segunda-feira";"15:23:00";"MG";116;276;"TEOFILO OTONI";"Ausência de reação do condutor";"Colisão traseira";"Com Vítimas Feridas";"Pleno dia";"Decrescente";"Céu Claro";"Simples";"Reta";"Sim";2;0;0;1;1;0;1;2;-17,85663968;-41,51454449;"SPRF-MG";"DEL11-MG";"UOP01-DEL11-MG"
745271;2026-01-12;"segunda-feira";"17:00:00";"RJ";40;109;"DUQUE DE CAXIAS";"Reação tardia ou ineficiente do condutor";"Colisão traseira";"Com Vítimas Feridas";"Pleno dia";"Decrescente";"Sol";"Múltipla";"Reta";"Sim";3;0;1;0;1;2;1;4;-22,680722;-43,285719;"SPRF-RJ";"DEL01-RJ";"UOP02-DEL01-RJ"
745278;2026-01-12;"segunda-feira";"17:30:00";"RJ";101;313;"SAO GONCALO";"Condutor deixou de manter distância do veículo da frente";"Colisão traseira";"Com Vítimas Feridas";"Pleno dia";"Decrescente";"Céu Claro";"Dupla";"Reta";"Sim";2;0;1;0;1;0;1;2;-22,792845;-43,0248534;"SPRF-RJ";"DEL02-RJ";"UOP02-DEL02-RJ"
745285;2026-01-12;"segunda-feira";"18:10:00";"RS";470;225;"GARIBALDI";"Acessar a via sem observar a presença dos outros veículos";"Colisão transversal";"Com Vítimas Feridas";"Anoitecer";"Crescente";"Céu Claro";"Simples";"Curva;Aclive;Interseção de Vias";"Não";4;0;1;0;2;1;1;3;-29,24667268;-51,51596395;"SPRF-RS";"DEL06-RS";"UOP01-DEL06-RS"
745300;2026-01-12;"segunda-feira";"19:30:00";"GO";20;217;"POSSE";"Reação tardia ou ineficiente do condutor";"Colisão lateral mesmo sentido";"Com Vítimas Feridas";"Plena Noite";"Crescente";"Chuva";"Simples";"Declive";"Não";3;0;0;1;1;1;1;3;-14,12701424;-46,31524801;"SPRF-DF";"DEL02-DF";"UOP03-DEL02-DF"
745303;2026-01-12;"segunda-feira";"19:20:00";"RS";386;79,2;"BOA VISTA DAS MISSOES";"Transitar na contramão";"Capotamento";"Com Vítimas Feridas";"Anoitecer";"Decrescente";"Nublado";"Simples";"Reta";"Não";4;0;1;1;0;2;2;3;-27,70772;-53,27877;"SPRF-RS";"DEL08-RS";"UOP02-DEL08-RS"
745314;2026-01-12;"segunda-feira";"13:30:00";"GO";364;276;"MINEIROS";"Demais falhas mecânicas ou elétricas";"Colisão transversal";"Com Vítimas Feridas";"Pleno dia";"Decrescente";"Chuva";"Simples";"Reta";"Não";5;0;0;1;3;4;1;7;-17,647338;-52,363388;"SPRF-GO";"DEL05-GO";"UOP01-DEL05-GO"
745327;2026-01-12;"segunda-feira";"17:00:00";"MT";163;983;"TERRA NOVA DO NORTE";"Condutor deixou de manter distância do veículo da frente";"Colisão traseira";"Com Vítimas Feridas";"Anoitecer";"Crescente";"Céu Claro";"Simples";"Reta";"Não";6;0;3;0;2;3;3;5;-10,63318266;-55,13239861;"SPRF-MT";"DEL06-MT";"UOP03-DEL06-MT"
745329;2026-01-12;"segunda-feira";"22:00:00";"BA";235;98;"JEREMOABO";"Ingestão de álcool pelo condutor";"Colisão lateral sentido oposto";"Com Vítimas Fatais";"Plena Noite";"Decrescente";"Céu Claro";"Simples";"Reta";"Não";2;1;0;0;0;1;0;2;-10,067804;-38,473907;"SPRF-BA";"DEL07-BA";"UOP01-DEL07-BA"
745335;2026-01-13;"terça-feira";"05:50:00";"PE";101;68;"RECIFE";"Manobra de mudança de faixa";"Colisão lateral mesmo sentido";"Sem Vítimas";"Pleno dia";"Crescente";"Céu Claro";"Dupla";"Rotatória";"Sim";2;0;0;0;2;0;0;2;-8,05266995;-34,94357228;"SPRF-PE";"DEL01-PE";"UOP01-DEL01-PE"
745337;2026-01-12;"segunda-feira";"22:20:00";"PR";163;209;"CASCAVEL";"Velocidade Incompatível";"Colisão traseira";"Com Vítimas Feridas";"Plena Noite";"Decrescente";"Céu Claro";"Dupla";"Reta";"Não";3;0;1;0;1;2;1;4;-24,9315627;-53,53781311;"SPRF-PR";"DEL05-PR";"UOP05-DEL05-PR"
745344;2026-01-13;"terça-feira";"06:55:00";"ES";262;161,9;"IBATIBA";"Transitar na contramão";"Colisão lateral sentido oposto";"Com Vítimas Feridas";"Pleno dia";"Decrescente";"Céu Claro";"Simples";"Reta";"Não";8;0;4;0;2;4;4;6;-20,23449602;-41,52900696;"SPRF-ES";"DEL01-ES";"UOP02-DEL01-ES"
745346;2026-01-13;"terça-feira";"06:30:00";"AL";101;71;"MESSIAS";"Deficiência do Sistema de Iluminação/Sinalização";"Colisão traseira";"Com Vítimas Feridas";"Pleno dia";"Crescente";"Sol";"Dupla";"Aclive;Reta";"Não";3;0;0;1;1;2;1;4;-9,3732234;-35,82855877;"SPRF-AL";"DEL01-AL";"UOP01-DEL01-AL"
745347;2026-01-12;"segunda-feira";"15:30:00";"MT";364;151;"PEDRA PRETA";"Acostamento em desnível";"Tombamento";"Com Vítimas Feridas";"Pleno dia";"Crescente";"Céu Claro";"Simples";"Reta";"Não";3;0;1;0;1;4;1;6;-16,7286;-54,2652;"SPRF-MT";"DEL02-MT";"UOP01-DEL02-MT"
745351;2026-01-13;"terça-feira";"07:15:00";"MG";381;455,2;"SABARA";"Mal súbito do condutor";"Colisão frontal";"Com Vítimas Feridas";"Pleno dia";"Crescente";"Céu Claro";"Simples";"Curva";"Sim";4;0;0;1;2;1;1;4;-19,83435984;-43,85957764;"SPRF-MG";"DEL01-MG";"UOP01-DEL01-MG"
745357;2026-01-13;"terça-feira";"07:00:00";"PR";277;376;"GUARAPUAVA";"Ausência de reação do condutor";"Saída de leito carroçável";"Com Vítimas Feridas";"Amanhecer";"Decrescente";"Céu Claro";"Simples";"Aclive;Reta";"Não";2;0;1;0;0;1;1;2;-25,41805538;-51,78013945;"SPRF-PR";"DEL08-PR";"UOP01-DEL08-PR"
745359;2026-01-13;"terça-feira";"05:50:00";"MS";262;210,8;"RIBAS DO RIO PARDO";"Demais falhas mecânicas ou elétricas";"Incêndio";"Sem Vítimas";"Amanhecer";"Crescente";"Céu Claro";"Simples";"Aclive";"Não";2;0;0;0;1;3;0;4;-20,464902;-53,489705;"SPRF-MS";"DEL01-MS";"UOP05-DEL01-MS"
745363;2026-01-13;"terça-feira";"08:55:00";"SC";101;147;"ITAPEMA";"Ausência de reação do condutor";"Colisão traseira";"Com Vítimas Feridas";"Pleno dia";"Decrescente";"Nublado";"Dupla";"Reta";"Sim";2;0;0;1;1;0;1;2;-27,10436;-48,616153;"SPRF-SC";"DEL04-SC";"UOP03-DEL04-SC"
745366;2026-01-13;"terça-feira";"05:40:00";"MG";381;276;"JAGUARACU";"Ultrapassagem Indevida";"Colisão frontal";"Com Vítimas Fatais";"Amanhecer";"Crescente";"Céu Claro";"Simples";"Curva";"Não";6;3;3;0;0;0;3;2;-19,58884;-42,73469;"SPRF-MG";"DEL03-MG";"UOP02-DEL03-MG"
745367;2026-01-13;"terça-feira";"08:15:00";"MT";70;523;"VARZEA GRANDE";"Ausência de reação do condutor";"Colisão transversal";"Com Vítimas Feridas";"Pleno dia";"Crescente";"Céu Claro";"Simples";"Reta";"Sim";3;0;1;1;1;0;2;2;-15,65566;-56,190328;"SPRF-MT";"DEL01-MT";"UOP02-DEL01-MT"
745376;2026-01-13;"terça-feira";"08:40:00";"SC";470;252,8;"CURITIBANOS";"Ausência de reação do condutor";"Colisão traseira";"Com Vítimas Feridas";"Pleno dia";"Decrescente";"Céu Claro";"Simples";"Reta";"Não";4;0;1;0;2;1;1;3;-27,30940076;-50,63341141;"SPRF-SC";"DEL05-SC";"UOP03-DEL05-SC"
745380;2026-01-13;"terça-feira";"09:30:00";"RJ";40;124;"DUQUE DE CAXIAS";"Mal súbito do condutor";"Colisão lateral mesmo sentido";"Sem Vítimas";"Pleno dia";"Crescente";"Céu Claro";"Múltipla";"Reta";"Sim";3;0;0;0;3;0;0;3;-22,80957364;-43,28887939;"SPRF-RJ";"DEL01-RJ";"UOP02-DEL01-RJ"
745393;2026-01-13;"terça-feira";"12:50:00";"PI";316;11;"TERESINA";"Acessar a via sem observar a presença dos outros veículos";"Colisão transversal";"Com Vítimas Feridas";"Pleno dia";"Crescente";"Céu Claro";"Simples";"Rotatória";"Sim";2;0;1;0;0;1;1;2;-5,19066292;-42,76136398;"SPRF-PI";"DEL01-PI";"UOP02-DEL01-PI"
745400;2026-01-13;"terça-feira";"11:50:00";"CE";222;120,6;"ITAPAJE";"Conversão proibida";"Colisão transversal";"Com Vítimas Feridas";"Pleno dia";"Crescente";"Céu Claro";"Simples";"Reta";"Sim";3;0;2;0;1;0;2;2;-3,706843;-39,569877;"SPRF-CE";"DEL04-CE";"UOP03-DEL04-CE"
745407;2026-01-13;"terça-feira";"14:15:00";"PR";277;69;"SAO JOSE DOS PINHAIS";"Acostamento em desnível";"Tombamento";"Com Vítimas Feridas";"Pleno dia";"Decrescente";"Céu Claro";"Dupla";"Reta";"Sim";3;0;1;0;1;1;1;2;-25,51615102;-49,11862493;"SPRF-PR";"DEL01-PR";"UOP01-DEL01-PR"
745417;2026-01-13;"terça-feira";"15:06:00";"CE";20;11,4;"PARAMBU";"Reação tardia ou ineficiente do condutor";"Colisão lateral sentido oposto";"Com Vítimas Feridas";"Pleno dia";"Crescente";"Céu Claro";"Simples";"Declive;Curva";"Não";4;0;1;0;2;3;1;6;-6,447982;-40,727313;"SPRF-CE";"DEL02-CE";"UOP02-DEL02-CE"
745420;2026-01-11;"domingo";"18:20:00";"MT";364;440;"VARZEA GRANDE";"Reação tardia ou ineficiente do condutor";"Colisão lateral sentido oposto";"Sem Vítimas";"Plena Noite";"Crescente";"Chuva";"Simples";"Declive;Reta";"Não";4;0;0;0;4;0;0;4;-15,60324083;-56,20426224;"SPRF-MT";"DEL01-MT";"UOP02-DEL01-MT"
745421;2026-01-13;"terça-feira";"15:00:00";"RN";304;122,6;"ITAJA";"Transitar na contramão";"Colisão lateral sentido oposto";"Sem Vítimas";"Pleno dia";"Decrescente";"Céu Claro";"Simples";"Reta";"Não";7;0;0;0;6;1;0;3;-5,644496;-36,834862;"SPRF-RN";"DEL04-RN";"UOP01-DEL04-RN"
745428;2026-01-13;"terça-feira";"16:00:00";"PR";277;594,5;"CASCAVEL";"Transitar na contramão";"Colisão lateral sentido oposto";"Com Vítimas Feridas";"Pleno dia";"Decrescente";"Céu Claro";"Simples";"Viaduto;Curva";"Sim";3;0;1;0;0;2;1;3;-24,98270735;-53,47360823;"SPRF-PR";"DEL04-PR";"UOP01-DEL04-PR"
745431;2026-01-13;"terça-feira";"15:30:00";"PR";163;25;"SANTO ANTONIO DO SUDOESTE";"Ultrapassagem Indevida";"Colisão traseira";"Sem Vítimas";"Pleno dia";"Crescente";"Céu Claro";"Simples";"Declive;Reta;Em Obras";"Não";5;0;0;0;2;5;0;6;-26,119772;-53,67898;"SPRF-PR";"DEL02-PR";"UOP02-DEL02-PR"
745434;2026-01-13;"terça-feira";"16:20:00";"BA";101;821;"ITAMARAJU";"Transitar na contramão";"Colisão frontal";"Com Vítimas Feridas";"Pleno dia";"Crescente";"Céu Claro";"Simples";"Reta";"Não";6;0;1;0;4;1;1;4;-17,1156;-39,5669;"SPRF-BA";"DEL09-BA";"UOP01-DEL09-BA"
745435;2026-01-13;"terça-feira";"15:35:00";"BA";116;567;"BREJOES";"Acessar a via sem observar a presença dos outros veículos";"Colisão transversal";"Com Vítimas Fatais";"Pleno dia";"Decrescente";"Céu Claro";"Simples";"Rotatória;Reta";"Não";7;1;0;4;1;1;4;3;-13,01356;-39,95812;"SPRF-BA";"DEL03-BA";"UOP02-DEL03-BA"
745444;2026-01-13;"terça-feira";"14:25:00";"RO";364;147,9;"PIMENTA BUENO";"Reação tardia ou ineficiente do condutor";"Colisão lateral sentido oposto";"Com Vítimas Feridas";"Pleno dia";"Crescente";"Nublado";"Simples";"Declive;Curva";"Não";6;0;2;0;3;3;2;5;-12,009918;-60,918392;"SPRF-RO";"DEL02-RO";"UOP02-DEL02-RO"
745470;2026-01-13;"terça-feira";"20:30:00";"MG";40;464,3;"SETE LAGOAS";"Chuva";"Colisão lateral mesmo sentido";"Com Vítimas Feridas";"Plena Noite";"Crescente";"Garoa/Chuvisco";"Dupla";"Curva";"Não";4;0;2;0;1;1;2;2;-19,420327;-44,340949;"SPRF-MG";"DEL02-MG";"UOP01-DEL02-MG"
745474;2026-01-13;"terça-feira";"20:50:00";"MG";381;850,7;"POUSO ALEGRE";"Velocidade Incompatível";"Colisão com objeto";"Com Vítimas Feridas";"Plena Noite";"Crescente";"Garoa/Chuvisco";"Dupla";"Viaduto;Reta";"Sim";2;0;1;0;0;1;1;2;-22,24192538;-45,88252097;"SPRF-MG";"DEL16-MG";"UOP01-DEL16-MG"
745477;2026-01-13;"terça-feira";"17:40:00";"RR";401;71;"BONFIM";"Demais falhas mecânicas ou elétricas";"Saída de leito carroçável";"Com Vítimas Fatais";"Anoitecer";"Decrescente";"Nublado";"Simples";"Reta";"Não";3;1;1;1;0;0;2;1;3,1727;-60,221536;"SPRF-RR";"DEL01-RR";"UOP01-DEL01-RR"
745483;2026-01-13;"terça-feira";"15:30:00";"GO";153;280;"NOVA GLORIA";"Transitar na contramão";"Colisão frontal";"Com Vítimas Feridas";"Pleno dia";"Decrescente";"Céu Claro";"Simples";"Aclive;Reta";"Não";7;0;2;0;4;4;2;8;-15,15371426;-49,53688413;"SPRF-GO";"DEL07-GO";"UOP02-DEL07-GO"
745489;2026-01-13;"terça-feira";"23:00:00";"PR";277;132,8;"BALSA NOVA";"Acessar a via sem observar a presença dos outros veículos";"Colisão traseira";"Com Vítimas Feridas";"Plena Noite";"Decrescente";"Nublado";"Dupla";"Interseção de Vias;Reta;Aclive";"Não";5;0;2;0;2;2;2;4;-25,46627673;-49,59288094;"SPRF-PR";"DEL03-PR";"UOP03-DEL03-PR"
745492;2026-01-13;"terça-feira";"23:40:00";"MG";381;398;"BOM JESUS DO AMPARO";"Ausência de reação do condutor";"Colisão traseira";"Com Vítimas Feridas";"Plena Noite";"Crescente";"Nublado";"Dupla";"Reta";"Sim";3;0;0;1;1;1;1;3;-19,74182343;-43,51890564;"SPRF-MG";"DEL01-MG";"UOP01-DEL01-MG"
745493;2026-01-13;"terça-feira";"23:15:00";"RJ";116;304;"RESENDE";"Acessar a via sem observar a presença dos outros veículos";"Atropelamento de Pedestre";"Com Vítimas Feridas";"Plena Noite";"Decrescente";"Céu Claro";"Dupla";"Reta";"Sim";2;0;0;1;1;0;1;2;-22,45377795;-44,37366589;"SPRF-RJ";"DEL07-RJ";"UOP02-DEL07-RJ"
745495;2026-01-14;"quarta-feira";"01:00:00";"BA";116;290;"TUCANO";"Ingestão de álcool pelo condutor";"Colisão frontal";"Com Vítimas Fatais";"Plena Noite";"Crescente";"Céu Claro";"Simples";"Reta";"Não";4;1;0;2;0;1;2;3;-11,091476;-38,833259;"SPRF-BA";"DEL07-BA";"UOP02-DEL07-BA"
745496;2026-01-14;"quarta-feira";"02:20:00";"CE";116;534;"JATI";"Ausência de reação do condutor";"Tombamento";"Com Vítimas Feridas";"Plena Noite";"Crescente";"Céu Claro";"Simples";"Curva;Declive";"Sim";5;0;2;1;1;1;3;3;-7,68762227;-39,00712967;"SPRF-CE";"DEL05-CE";"UOP03-DEL05-CE"
745497;2026-01-14;"quarta-feira";"02:25:00";"SC";101;150,9;"ITAPEMA";"Reação tardia ou ineficiente do condutor";"Colisão transversal";"Sem Vítimas";"Plena Noite";"Crescente";"Céu Claro";"Simples";"Reta";"Sim";3;0;0;0;2;1;0;3;-27,12556671;-48,60989928;"SPRF-SC";"DEL04-SC";"UOP03-DEL04-SC"
745500;2026-01-14;"quarta-feira";"03:00:00";"MG";381;750,2;"TRES CORACOES";"Ausência de reação do condutor";"Saída de leito carroçável";"Com Vítimas Feridas";"Plena Noite";"Crescente";"Céu Claro";"Dupla";"Declive;Curva";"Não";2;0;1;0;0;1;1;2;-21,64389713;-45,29137731;"SPRF-MG";"DEL16-MG";"UOP02-DEL16-MG"
745503;2026-01-14;"quarta-feira";"05:20:00";"PR";277;363;"GUARAPUAVA";"Manobra de mudança de faixa";"Colisão traseira";"Com Vítimas Feridas";"Amanhecer";"Decrescente";"Céu Claro";"Simples";"Reta";"Não";1;0;1;0;0;0;1;1;-25,4300436;-51,60104084;"SPRF-PR";"DEL08-PR";"UOP01-DEL08-PR"
745505;2026-01-14;"quarta-feira";"02:30:00";"BA";116;733;"BOA NOVA";"Demais falhas mecânicas ou elétricas";"Incêndio";"Sem Vítimas";"Plena Noite";"Crescente";"Céu Claro";"Simples";"Reta";"Não";2;0;0;0;1;1;0;2;-14,33979;-40,328478;"SPRF-BA";"DEL08-BA";"UOP02-DEL08-BA"
745524;2026-01-10;"sábado";"20:30:00";"BA";116;312;"ARACI";"Entrada inopinada do pedestre";"Atropelamento de Pedestre";"Com Vítimas Feridas";"Plena Noite";"Crescente";"Céu Claro";"Dupla";"Reta";"Não";3;0;0;1;1;1;1;3;-11,25230629;-38,90940607;"SPRF-BA";"DEL02-BA";"UOP01-DEL02-BA"
745529;2026-01-14;"quarta-feira";"06:42:00";"PI";343;189,6;"PIRIPIRI";"Manobra de mudança de faixa";"Colisão frontal";"Com Vítimas Feridas";"Amanhecer";"Crescente";"Céu Claro";"Simples";"Reta";"Sim";6;0;1;3;1;1;4;3;-4,31615678;-41,77853823;"SPRF-PI";"DEL02-PI";"UOP01-DEL02-PI"
745530;2026-01-14;"quarta-feira";"08:00:00";"RJ";116;299;"RESENDE";"Ausência de reação do condutor";"Colisão traseira";"Com Vítimas Feridas";"Pleno dia";"Crescente";"Céu Claro";"Dupla";"Reta";"Não";4;0;1;0;2;1;1;3;-22,4545135;-44,3790631;"SPRF-RJ";"DEL07-RJ";"UOP02-DEL07-RJ"
745535;2026-01-14;"quarta-feira";"08:10:00";"SP";116;19,4;"LAVRINHAS";"Demais falhas mecânicas ou elétricas";"Colisão traseira";"Com Vítimas Feridas";"Pleno dia";"Decrescente";"Céu Claro";"Dupla";"Reta";"Não";3;0;0;1;1;2;1;4;-22,56438308;-44,86526728;"SPRF-SP";"DEL08-SP";"UOP02-DEL08-SP"
745539;2026-01-14;"quarta-feira";"07:52:00";"PE";232;408,3;"SERRA TALHADA";"Conversão proibida";"Colisão transversal";"Com Vítimas Feridas";"Pleno dia";"Crescente";"Céu Claro";"Simples";"Reta";"Sim";2;0;0;1;1;0;1;2;-7,983633;-38,280816;"SPRF-PE";"DEL04-PE";"UOP01-DEL04-PE"
745541;2026-01-14;"quarta-feira";"08:30:00";"ES";101;139,7;"LINHARES";"Condutor usando celular";"Colisão lateral mesmo sentido";"Com Vítimas Feridas";"Pleno dia";"Decrescente";"Nublado";"Múltipla";"Reta";"Não";3;0;1;0;2;0;1;2;-19,31560667;-40,07696333;"SPRF-ES";"DEL04-ES";"UOP01-DEL04-ES"