"id";"data_inversa";"dia_semana";"horario";"uf";"br";"km";"municipio";"causa_acidente";"tipo_acidente";"classificacao_acidente";"fase_dia";"sentido_via";"condicao_metereologica";"tipo_pista";"tracado_via";"uso_solo";"pessoas";"mortos";"feridos_leves";"feridos_graves";"ilesos";"ignorados";"feridos";"veiculos";"latitude";"longitude";"regional";"delegacia";"uop"
745543;2026-01-12;"segunda-feira";"12:15:00";"BA";110;308;"ALAGOINHAS";"Velocidade Incompatível";"Saída de leito carroçável";"Com Vítimas Feridas";"Pleno dia";"Crescente";"Céu Claro";"Simples";"Curva";"Não";2;0;1;0;0;2;1;3;-12,02983922;-38,37322354;"SPRF-BA";"DEL01-BA";"UOP04-DEL01-BA"
745559;2026-01-01;"quinta-feira";"09:30:00";"MG";381;688;"LAVRAS";"Velocidade Incompatível";"Saída de leito carroçável";"Com Vítimas Feridas";"Pleno dia";"Decrescente";"Céu Claro";"Dupla";"Curva";"Não";2;0;0;1;0;1;1;2;-21,18708;-45,116793;"SPRF-MG";"DEL04-MG";"UOP02-DEL04-MG"
745564;2026-01-14;"quarta-feira";"10:35:00";"RN";101;104,1;"PARNAMIRIM";"Manobra de mudança de faixa";"Colisão lateral mesmo sentido";"Sem Vítimas";"Pleno dia";"Crescente";"Céu Claro";"Dupla";"Rotatória;Curva";"Não";4;0;0;0;3;1;0;4;-5,891116;-35,258277;"SPRF-RN";"DEL01-RN";"UOP01-DEL01-RN"
745567;2026-01-14;"quarta-feira";"12:00:00";"MT";163;626;"NOVA MUTUM";"Demais falhas mecânicas ou elétricas";"Incêndio";"Sem Vítimas";"Pleno dia";"Decrescente";"Nublado";"Dupla";"Em Obras;Reta";"Não";2;0;0;0;1;2;0;3;-13,4928;-56,05293;"SPRF-MT";"DEL01-MT";"UOP01-DEL01-MT"
745569;2026-01-14;"quarta-feira";"18:10:00";"RS";290;91;"PORTO ALEGRE";"Manobra de mudança de faixa";"Colisão lateral mesmo sentido";"Com Vítimas Feridas";"Pleno dia";"Decrescente";"Céu Claro";"Dupla";"Curva";"Sim";3;0;1;0;1;1;1;3;-29,96900718;-51,16744995;"SPRF-RS";"DEL01-RS";"UOP01-DEL01-RS"
745571;2026-01-14;"quarta-feira";"14:00:00";"SC";282;16,6;"PALHOCA";"Acessar a via sem observar a presença dos outros veículos";"Colisão transversal";"Com Vítimas Feridas";"Pleno dia";"Crescente";"Céu Claro";"Simples";"Reta";"Sim";3;0;1;0;1;1;1;3;-27,662848;-48,685772;"SPRF-SC";"DEL01-SC";"UOP02-DEL01-SC"
745572;2026-01-14;"quarta-feira";"20:15:00";"MG";153;24,8;"CENTRALINA";"Chuva";"Saída de leito carroçável";"Com Vítimas Feridas";"Plena Noite";"Crescente";"Chuva";"Dupla";"Declive";"Não";2;0;0;1;1;0;1;1;-18,628392;-49,184995;"SPRF-MG";"DEL15-MG";"UOP03-DEL15-MG"
745575;2026-01-14;"quarta-feira";"20:30:00";"MG";153;3;"ARAPORA";"Ausência de reação do condutor";"Saída de leito carroçável";"Sem Vítimas";"Plena Noite";"Crescente";"Chuva";"Dupla";"Reta;Aclive";"Sim";1;0;0;0;1;0;0;1;-18,44169973;-49,18834146;"SPRF-MG";"DEL15-MG";"UOP03-DEL15-MG"
745578;2026-01-14;"quarta-feira";"10:50:00";"PE";408;27,1;"ALIANCA";"Acessar a via sem observar a presença dos outros veículos";"Colisão frontal";"Com Vítimas Feridas";"Pleno dia";"Decrescente";"Céu Claro";"Simples";"Reta";"Sim";4;0;2;0;2;0;2;2;-7,59904512;-35,24255276;"SPRF-PE";"DEL01-PE";"UOP01-DEL01-PE"
745579;2026-01-14;"quarta-feira";"20:30:00";"MS";163;41,3;"ELDORADO";"Ingestão de álcool pelo condutor";"Colisão lateral mesmo sentido";"Sem Vítimas";"Plena Noite";"Crescente";"Céu Claro";"Simples";"Reta";"Não";3;0;0;0;2;2;0;4;-23,777614;-54,276668;"SPRF-MS";"DEL09-MS";"UOP02-DEL09-MS"
745585;2026-01-14;"quarta-feira";"10:20:00";"MT";163;810;"SINOP";"Condutor Dormindo";"Colisão frontal";"Com Vítimas Feridas";"Pleno dia";"Decrescente";"Céu Claro";"Simples";"Reta";"Não";9;0;1;0;7;7;1;12;-12,09262846;-55,51773984;"SPRF-MT";"DEL06-MT";"UOP02-DEL06-MT"
745594;2026-01-14;"quarta-feira";"14:10:00";"MG";381;563;"ITAGUARA";"Carga excessiva e/ou mal acondicionada";"Tombamento";"Com Vítimas Feridas";"Pleno dia";"Decrescente";"Chuva";"Dupla";"Curva";"Não";3;0;1;0;1;1;1;2;-20,38693666;-44,48313832;"SPRF-MG";"DEL04-MG";"UOP03-DEL04-MG"
745595;2026-01-14;"quarta-feira";"15:25:00";"MG";381;564,5;"ITAGUARA";"Condutor Dormindo";"Saída de leito carroçável";"Com Vítimas Feridas";"Pleno dia";"Decrescente";"Chuva";"Dupla";"Reta";"Não";2;0;0;1;0;1;1;2;-20,39240746;-44,49584126;"SPRF-MG";"DEL04-MG";"UOP03-DEL04-MG"
745597;2026-01-14;"quarta-feira";"15:34:00";"MG";381;564;"ITAGUARA";"Reação tardia ou ineficiente do condutor";"Colisão traseira";"Com Vítimas Feridas";"Pleno dia";"Crescente";"Chuva";"Dupla";"Reta";"Sim";4;0;1;0;2;3;1;6;-20,39188861;-44,49363884;"SPRF-MG";"DEL04-MG";"UOP03-DEL04-MG"
745599;2026-01-14;"quarta-feira";"18:50:00";"SP";116;561;"BARRA DO TURVO";"Velocidade Incompatível";"Tombamento";"Com Vítimas Fatais";"Plena Noite";"Crescente";"Garoa/Chuvisco";"Simples";"Curva;Declive";"Não";2;1;0;0;0;1;0;2;-25,0245566;-48,5183808;"SPRF-SP";"DEL05-SP";"UOP02-DEL05-SP"
745608;2026-01-14;"quarta-feira";"15:50:00";"SC";280;187;"MAFRA";"Ultrapassagem Indevida";"Colisão frontal";"Com Vítimas Feridas";"Pleno dia";"Decrescente";"Céu Claro";"Múltipla";"Reta;Declive";"Não";3;0;0;1;2;0;1;3;-26,174006;-49,904838;"SPRF-SC";"DEL06-SC";"UOP01-DEL06-SC"
745613;2026-01-14;"quarta-feira";"09:20:00";"SC";116;148,3;"SANTA CECILIA";"Demais falhas mecânicas ou elétricas";"Tombamento";"Sem Vítimas";"Pleno dia";"Decrescente";"Céu Claro";"Simples";"Reta";"Não";2;0;0;0;1;1;0;2;-27,018138;-50,422913;"SPRF-SC";"DEL06-SC";"UOP02-DEL06-SC"
745614;2026-01-14;"quarta-feira";"16:50:00";"MS";163;149;"NAVIRAI";"Reação tardia ou ineficiente do condutor";"Colisão traseira";"Sem Vítimas";"Pleno dia";"Decrescente";"Céu Claro";"Simples";"Aclive;Curva";"Não";4;0;0;0;3;1;0;3;-22,96048394;-54,4336389;"SPRF-MS";"DEL09-MS";"UOP01-DEL09-MS"
745616;2026-01-14;"quarta-feira";"16:30:00";"ES";262;75;"DOMINGOS MARTINS";"Reação tardia ou ineficiente do condutor";"Tombamento";"Sem Vítimas";"Amanhecer";"Decrescente";"Garoa/Chuvisco";"Simples";"Curva";"Não";2;0;0;0;1;1;0;2;-20,414498;-40,907201;"SPRF-ES";"DEL01-ES";"UOP02-DEL01-ES"
745619;2026-01-14;"quarta-feira";"21:05:00";"BA";407;137;"SENHOR DO BONFIM";"Suicídio (presumido)";"Colisão lateral sentido oposto";"Com Vítimas Fatais";"Plena Noite";"Decrescente";"Céu Claro";"Simples";"Aclive;Reta";"Não";4;1;0;1;1;1;1;3;-10,52814;-40,13898;"SPRF-BA";"DEL04-BA";"UOP01-DEL04-BA"
745620;2026-01-14;"quarta-feira";"15:30:00";"GO";60;109,8;"GOIANAPOLIS";"Reação tardia ou ineficiente do condutor";"Saída de leito carroçável";"Com Vítimas Fatais";"Pleno dia";"Crescente";"Chuva";"Dupla";"Declive";"Não";13;3;5;1;3;3;6;8;-16,448563;-49,026626;"SPRF-GO";"DEL01-GO";"UOP01-DEL01-GO"
745622;2026-01-14;"quarta-feira";"21:30:00";"PR";373;172;"PONTA GROSSA";"Manobra de mudança de faixa";"Colisão lateral mesmo sentido";"Sem Vítimas";"Plena Noite";"Decrescente";"Nublado";"Dupla";"Viaduto;Reta";"Sim";3;0;0;0;2;1;0;3;-25,08133313;-50,19166231;"SPRF-PR";"DEL03-PR";"UOP01-DEL03-PR"
745627;2026-01-14;"quarta-feira";"18:40:00";"RN";304;48,3;"MOSSORO";"Acessar a via sem observar a presença dos outros veículos";"Colisão transversal";"Com Vítimas Feridas";"Plena Noite";"Crescente";"Céu Claro";"Dupla";"Retorno Regulamentado";"Sim";3;0;0;1;2;0;1;2;-5,23097;-37,32089;"SPRF-RN";"DEL04-RN";"UOP01-DEL04-RN"
745630;2026-01-14;"quarta-feira";"14:00:00";"MS";163;479;"CAMPO GRANDE";"Trafegar com motocicleta (ou similar) entre as faixas";"Colisão lateral mesmo sentido";"Com Vítimas Feridas";"Pleno dia";"Crescente";"Chuva";"Simples";"Viaduto;Reta";"Não";3;0;1;0;1;2;1;4;-20,48050635;-54,55932705;"SPRF-MS";"DEL01-MS";"UOP01-DEL01-MS"
745632;2026-01-14;"quarta-feira";"20:20:00";"RJ";116;240;"PIRAI";"Manobra de mudança de faixa";"Colisão lateral mesmo sentido";"Com Vítimas Feridas";"Plena Noite";"Decrescente";"Céu Claro";"Dupla";"Reta";"Não";2;0;0;1;0;1;1;2;-22,645;-43,897;"SPRF-RJ";"DEL07-RJ";"UOP01-DEL07-RJ"
745634;2026-01-14;"quarta-feira";"17:00:00";"RN";405;130;"SAO FRANCISCO DO OESTE";"Acessar a via sem observar a presença dos outros veículos";"Colisão transversal";"Com Vítimas Fatais";"Anoitecer";"Crescente";"Céu Claro";"Simples";"Reta";"Não";2;1;0;0;1;0;0;2;-5,961124;-38,127227;"SPRF-RN";"DEL04-RN";"UOP02-DEL04-RN"
745639;2026-01-14;"quarta-feira";"22:25:00";"MS";158;104;"PARANAIBA";"Transitar na contramão";"Colisão frontal";"Com Vítimas Fatais";"Plena Noite";"Decrescente";"Chuva";"Simples";"Reta;Aclive";"Não";3;1;1;0;0;1;1;3;-19,737278;-51,130576;"SPRF-MS";"DEL08-MS";"UOP01-DEL08-MS"
745640;2026-01-14;"quarta-feira";"20:00:00";"MT";364;1177;"CAMPOS DE JULIO";"Ausência de reação do condutor";"Saída de leito carroçável";"Com Vítimas Feridas";"Plena Noite";"Decrescente";"Céu Claro";"Simples";"Reta";"Não";2;0;2;0;0;0;2;1;-13,69112084;-59,21700242;"SPRF-MT";"DEL04-MT";"UOP02-DEL04-MT"
745645;2026-01-14;"quarta-feira";"23:30:00";"SE";101;42,5;"CAPELA";"Problema com o freio";"Incêndio";"Sem Vítimas";"Plena Noite";"Crescente";"Céu Claro";"Dupla";"Reta";"Não";2;0;0;0;1;1;0;2;-10,45405133;-36,94015503;"SPRF-SE";"DEL02-SE";"UOP02-DEL02-SE"
745648;2026-01-14;"quarta-feira";"15:33:00";"RO";364;10;"VILHENA";"Estacionar ou parar em local proibido";"Colisão com objeto";"Com Vítimas Feridas";"Pleno dia";"Crescente";"Céu Claro";"Dupla";"Reta";"Sim";3;0;1;0;1;1;1;3;-12,74920681;-60,10792807;"SPRF-RO";"DEL04-RO";"UOP01-DEL04-RO"
745654;2026-01-14;"quarta-feira";"23:00:00";"PR";376;444;"TIBAGI";"Reação tardia ou ineficiente do condutor";"Saída de leito carroçável";"Com Vítimas Feridas";"Plena Noite";"Decrescente";"Ignorado";"Dupla";"Curva";"Não";2;0;1;0;0;2;1;3;-24,94208709;-50,40399134;"SPRF-PR";"DEL03-PR";"UOP02-DEL03-PR"
745655;2026-01-15;"quinta-feira";"00:04:00";"PB";104;133;"QUEIMADAS";"Manobra de mudança de faixa";"Colisão frontal";"Com Vítimas Feridas";"Plena Noite";"Decrescente";"Céu Claro";"Simples";"Reta";"Não";3;0;1;0;0;2;1;3;-7,308632;-35,893603;"SPRF-PB";"DEL02-PB";"UOP03-DEL02-PB"
745662;2026-01-14;"quarta-feira";"08:00:00";"SP";116;18;"LAVRINHAS";"Reação tardia ou ineficiente do condutor";"Colisão traseira";"Sem Vítimas";"Pleno dia";"Decrescente";"Céu Claro";"Dupla";"Reta";"Não";3;0;0;0;2;2;0;4;-22,56025247;-44,85928937;"SPRF-SP";"DEL08-SP";"UOP02-DEL08-SP"
745672;2026-01-14;"quarta-feira";"22:15:00";"MG";116;40,4;"PEDRA AZUL";"Condutor Dormindo";"Colisão frontal";"Com Vítimas Feridas";"Plena Noite";"Decrescente";"Nublado";"Simples";"Reta";"Não";3;0;1;1;0;2;2;4;-15,98565764;-41,40684692;"SPRF-MG";"DEL11-MG";"UOP02-DEL11-MG"
745673;2026-01-15;"quinta-feira";"04:30:00";"SC";470;32,9;"GASPAR";"Ausência de reação do condutor";"Colisão traseira";"Com Vítimas Fatais";"Amanhecer";"Crescente";"Nublado";"Dupla";"Reta";"Sim";3;1;0;0;1;1;0;3;-26,90623605;-48,94054826;"SPRF-SC";"DEL04-SC";"UOP01-DEL04-SC"
745676;2026-01-14;"quarta-feira";"14:30:00";"BA";101;259;"SANTO ANTONIO DE JESUS";"Acesso irregular";"Colisão transversal";"Com Vítimas Fatais";"Pleno dia";"Crescente";"Céu Claro";"Simples";"Declive;Reta";"Não";2;1;0;0;0;1;0;2;-12,95610862;-39,26439199;"SPRF-BA";"DEL01-BA";"UOP02-DEL01-BA"
745681;2026-01-14;"quarta-feira";"11:05:00";"GO";60;92,7;"ANAPOLIS";"Conversão proibida";"Colisão transversal";"Com Vítimas Feridas";"Pleno dia";"Crescente";"Céu Claro";"Dupla";"Reta;Interseção de Vias;Retorno Regulamentado";"Sim";5;0;1;0;3;1;1;3;-16,352549;-48,917092;"SPRF-GO";"DEL02-GO";"UOP01-DEL02-GO"
745683;2026-01-15;"quinta-feira";"03:57:00";"CE";222;49;"SAO GONCALO DO AMARANTE";"Condutor Dormindo";"Saída de leito carroçável";"Com Vítimas Feridas";"Plena Noite";"Crescente";"Céu Claro";"Simples";"Reta;Ponte";"Não";1;0;0;1;0;0;1;1;-3,667283;-38,986833;"SPRF-CE";"DEL01-CE";"UOP03-DEL01-CE"
745684;2026-01-14;"quarta-feira";"09:00:00";"CE";222;85,1;"UMIRIM";"Manobra de mudança de faixa";"Colisão lateral mesmo sentido";"Com Vítimas Feridas";"Pleno dia";"Crescente";"Céu Claro";"Simples";"Reta";"Não";6;0;1;0;4;1;1;3;-3,7268635;-39,4193698;"SPRF-CE";"DEL01-CE";"UOP03-DEL01-CE"
745700;2026-01-14;"quarta-feira";"11:35:00";"PR";163;162;"SANTA LUCIA";"Retorno proibido";"Colisão transversal";"Com Vítimas Feridas";"Pleno dia";"Crescente";"Céu Claro";"Dupla";"Reta";"Não";2;0;1;0;1;0;1;2;-25,372345;-53,573541;"SPRF-PR";"DEL05-PR";"UOP05-DEL05-PR"
745702;2026-01-15;"quinta-feira";"05:10:00";"MG";50;54;"ARAGUARI";"Velocidade Incompatível";"Saída de leito carroçável";"Com Vítimas Feridas";"Amanhecer";"Crescente";"Chuva";"Dupla";"Curva;Declive";"Não";1;0;1;0;0;0;1;1;-18,7713915;-48,2447637;"SPRF-MG";"DEL15-MG";"UOP02-DEL15-MG"
745706;2026-01-14;"quarta-feira";"13:00:00";"PR";376;525,5;"PALMEIRA";"Ausência de reação do condutor";"Colisão traseira";"Com Vítimas Feridas";"Pleno dia";"Crescente";"Céu Claro";"Dupla";"Aclive;Reta";"Não";3;0;1;0;1;1;1;3;-25,30193178;-49,89060966;"SPRF-PR";"DEL03-PR";"UOP04-DEL03-PR"
745707;2026-01-15;"quinta-feira";"06:00:00";"RJ";116;177;"BELFORD ROXO";"Ausência de reação do condutor";"Colisão transversal";"Com Vítimas Feridas";"Amanhecer";"Crescente";"Céu Claro";"Dupla";"Reta";"Não";2;0;1;0;1;0;1;2;-22,77414612;-43,40171976;"SPRF-RJ";"DEL06-RJ";"UOP01-DEL06-RJ"
745710;2026-01-15;"quinta-feira";"03:30:00";"PR";376;433;"TIBAGI";"Velocidade Incompatível";"Colisão com objeto";"Com Vítimas Feridas";"Plena Noite";"Decrescente";"Céu Claro";"Dupla";"Curva;Declive";"Não";2;0;1;0;0;1;1;2;-24,80413416;-50,48913924;"SPRF-PR";"DEL03-PR";"UOP02-DEL03-PR"
745720;2026-01-15;"quinta-feira";"05:30:00";"RJ";40;52;"PETROPOLIS";"Condutor Dormindo";"Colisão traseira";"Com Vítimas Feridas";"Amanhecer";"Crescente";"Céu Claro";"Dupla";"Curva";"Não";2;0;1;0;1;0;1;2;-22,3435371;-43,134288;"SPRF-RJ";"DEL05-RJ";"UOP02-DEL05-RJ"
745723;2026-01-15;"quinta-feira";"07:30:00";"ES";101;147;"LINHARES";"Condutor deixou de manter distância do veículo da frente";"Colisão lateral mesmo sentido";"Com Vítimas Feridas";"Pleno dia";"Decrescente";"Céu Claro";"Simples";"Curva";"Sim";4;0;1;0;2;1;1;3;-19,380859;-40,066511;"SPRF-ES";"DEL04-ES";"UOP01-DEL04-ES"
745724;2026-01-14;"quarta-feira";"15:00:00";"MG";40;566,4;"NOVA LIMA";"Ausência de reação do condutor";"Colisão frontal";"Com Vítimas Feridas";"Pleno dia";"Decrescente";"Nublado";"Simples";"Curva";"Não";2;0;1;0;1;0;1;2;-20,1852517;-43,9698249;"SPRF-MG";"DEL01-MG";"UOP02-DEL01-MG"
745729;2026-01-14;"quarta-feira";"10:50:00";"MG";40;519;"NOVA LIMA";"Ausência de reação do condutor";"Colisão traseira";"Com Vítimas Feridas";"Pleno dia";"Crescente";"Céu Claro";"Dupla";"Reta";"Não";2;0;1;0;1;0;1;2;-20,08174708;-43,97910415;"SPRF-MG";"DEL01-MG";"UOP02-DEL01-MG"
745731;2026-01-15;"quinta-feira";"06:35:00";"MG";116;592,3;"MANHUACU";"Mal súbito do condutor";"Tombamento";"Com Vítimas Feridas";"Amanhecer";"Crescente";"Céu Claro";"Simples";"Curva";"Não";2;0;1;0;0;1;1;2;-20,280095;-42,145625;"SPRF-MG";"DEL06-MG";"UOP03-DEL06-MG"
745733;2026-01-04;"domingo";"16:45:00";"PR";277;312,8;"PRUDENTOPOLIS";"Reação tardia ou ineficiente do condutor";"Tombamento";"Com Vítimas Fatais";"Pleno dia";"Decrescente";"Céu Claro";"Simples";"Declive;Curva";"Não";3;1;0;1;0;1;1;2;-25,31774;-51,19496;"SPRF-PR";"DEL08-PR";"UOP01-DEL08-PR"
745738;2026-01-15;"quinta-feira";"08:02:00";"RS";158;330;"SANTA MARIA";"Acessar a via sem observar a presença dos outros veículos";"Colisão lateral mesmo sentido";"Com Vítimas Feridas";"Pleno dia";"Decrescente";"Sol";"Dupla";"Reta;Viaduto;Interseção de Vias";"Sim";4;0;0;1;1;2;1;4;-29,702054;-53,83772;"SPRF-RS";"DEL09-RS";"UOP01-DEL09-RS"
745741;2026-01-14;"quarta-feira";"18:15:00";"SC";282;509,5;"XANXERE";"Reação tardia ou ineficiente do condutor";"Engavetamento";"Com Vítimas Feridas";"Pleno dia";"Decrescente";"Céu Claro";"Simples";"Reta";"Não";7;0;1;0;5;1;1;4;-26,89140541;-52,45794535;"SPRF-SC";"DEL07-SC";"UOP01-DEL07-SC"
745746;2026-01-15;"quinta-feira";"07:40:00";"SC";101;331,6;"TUBARAO";"Velocidade Incompatível";"Colisão transversal";"Com Vítimas Feridas";"Pleno dia";"Decrescente";"Céu Claro";"Simples";"Rotatória";"Sim";3;0;1;0;1;1;1;3;-28,465937;-48,995418;"SPRF-SC";"DEL02-SC";"UOP01-DEL02-SC"
745748;2026-01-15;"quinta-feira";"05:00:00";"MG";116;183,9;"CARAI";"Reação tardia ou ineficiente do condutor";"Tombamento";"Com Vítimas Feridas";"Amanhecer";"Decrescente";"Céu Claro";"Simples";"Curva;Declive";"Não";1;0;1;0;0;0;1;1;-17,11507585;-41,50300026;"SPRF-MG";"DEL11-MG";"UOP01-DEL11-MG"
745750;2026-01-15;"quinta-feira";"05:30:00";"MA";226;253;"TUNTUM";"Transitar na contramão";"Colisão frontal";"Com Vítimas Fatais";"Amanhecer";"Crescente";"Céu Claro";"Simples";"Curva";"Não";6;1;1;1;1;2;2;4;-5,400163;-44,893292;"SPRF-MA";"DEL06-MA";"UOP01-DEL06-MA"
745754;2026-01-15;"quinta-feira";"06:40:00";"CE";116;56;"PACAJUS";"Ausência de reação do condutor";"Tombamento";"Com Vítimas Feridas";"Pleno dia";"Decrescente";"Céu Claro";"Simples";"Reta;Em Obras";"Não";1;0;1;0;0;0;1;1;-4,20351164;-38,47016081;"SPRF-CE";"DEL01-CE";"UOP04-DEL01-CE"
745755;2026-01-15;"quinta-feira";"08:42:00";"ES";101;370,4;"ANCHIETA";"Transitar na contramão";"Colisão frontal";"Com Vítimas Feridas";"Pleno dia";"Decrescente";"Sol";"Simples";"Reta";"Não";3;0;0;1;1;1;1;3;-20,770947;-40,763093;"SPRF-ES";"DEL03-ES";"UOP01-DEL03-ES"
745757;2026-01-15;"quinta-feira";"08:10:00";"MT";70;687,3;"CACERES";"Ultrapassagem Indevida";"Colisão frontal";"Com Vítimas Fatais";"Pleno dia";"Decrescente";"Céu Claro";"Simples";"Reta";"Não";4;2;0;0;1;2;0;4;-16,20824599;-57,41249084;"SPRF-MT";"DEL03-MT";"UOP02-DEL03-MT"
745758;2026-01-15;"quinta-feira";"06:40:00";"MA";10;289,6;"IMPERATRIZ";"Ultrapassagem Indevida";"Tombamento";"Com Vítimas Feridas";"Pleno dia";"Crescente";"Nublado";"Simples";"Reta";"Não";4;0;2;0;0;3;2;4;-5,201382;-47,519152;"SPRF-MA";"DEL04-MA";"UOP01-DEL04-MA"
745762;2026-01-15;"quinta-feira";"08:20:00";"RJ";493;61;"NOVA IGUACU";"Condutor Dormindo";"Colisão com objeto";"Com Vítimas Fatais";"Pleno dia";"Crescente";"Céu Claro";"Dupla";"Reta";"Não";3;1;0;0;2;0;0;2;-22,68012;-43,406603;"SPRF-RJ";"DEL01-RJ";"UOP03-DEL01-RJ"
745764;2026-01-15;"quinta-feira";"09:00:00";"MG";365;294,2;"JOAO PINHEIRO";"Reação tardia ou ineficiente do condutor";"Saída de leito carroçável";"Sem Vítimas";"Pleno dia";"Crescente";"Céu Claro";"Simples";"Reta";"Não";3;0;0;0;1;3;0;4;-18,109068;-45,70242;"SPRF-MG";"DEL10-MG";"UOP02-DEL010-MG"
745773;2026-01-15;"quinta-feira";"07:40:00";"SC";470;58,5;"BLUMENAU";"Reação tardia ou ineficiente do condutor";"Colisão traseira";"Com Vítimas Feridas";"Pleno dia";"Decrescente";"Céu Claro";"Simples";"Reta;Em Obras";"Não";2;0;1;0;1;0;1;2;-26,88402;-49,15101;"SPRF-SC";"DEL04-SC";"UOP01-DEL04-SC"
745777;2026-01-15;"quinta-feira";"10:40:00";"RJ";101;506;"ANGRA DOS REIS";"Conversão proibida";"Colisão lateral mesmo sentido";"Com Vítimas Feridas";"Pleno dia";"Crescente";"Nublado";"Simples";"Reta";"Não";2;0;0;1;1;0;1;2;-22,93507788;-44,40456573;"SPRF-RJ";"DEL03-RJ";"UOP03-DEL03-RJ"
745779;2026-01-15;"quinta-feira";"11:50:00";"BA";324;539;"AMELIA RODRIGUES";"Manobra de mudança de faixa";"Colisão traseira";"Com Vítimas Feridas";"Pleno dia";"Crescente";"Céu Claro";"Dupla";"Reta";"Não";2;0;1;0;0;1;1;2;-12,3880442;-38,787987;"SPRF-BA";"DEL01-BA";"UOP03-DEL01-BA"
745781;2026-01-15;"quinta-feira";"12:20:00";"GO";452;180;"ITUMBIARA";"Reação tardia ou ineficiente do condutor";"Saída de leito carroçável";"Com Vítimas Feridas";"Pleno dia";"Crescente";"Céu Claro";"Simples";"Reta";"Não";2;0;1;0;0;3;1;4;-18,3749007;-49,35444174;"SPRF-GO";"DEL03-GO";"UOP02-DEL03-GO"
745783;2026-01-15;"quinta-feira";"12:55:00";"DF";60;8,5;"BRASILIA";"Manobra de mudança de faixa";"Colisão transversal";"Com Vítimas Feridas";"Pleno dia";"Decrescente";"Céu Claro";"Dupla";"Aclive";"Sim";3;0;2;0;1;0;2;2;-15,905579;-48,136682;"SPRF-DF";"DEL03-DF";"UOP01-DEL03-DF"
745789;2026-01-15;"quinta-feira";"13:00:00";"PR";277;29,9;"MORRETES";"Condutor deixou de manter distância do veículo da frente";"Colisão traseira";"Sem Vítimas";"Pleno dia";"Decrescente";"Sol";"Dupla";"Reta";"Não";4;0;0;0;3;1;0;3;-25,55171481;-48,79788995;"SPRF-PR";"DEL01-PR";"UOP05-DEL01-PR"
745792;2026-01-15;"quinta-feira";"10:25:00";"RS";471;168,9;"RIO PARDO";"Manobra de mudança de faixa";"Colisão frontal";"Com Vítimas Fatais";"Pleno dia";"Decrescente";"Sol";"Simples";"Curva";"Não";3;1;0;0;1;1;0;3;-29,940041;-52,385166;"SPRF-RS";"DEL02-RS";"UOP03-DEL02-RS"
745796;2026-01-15;"quinta-feira";"12:00:00";"MG";354;717,5;"POUSO ALTO";"Velocidade Incompatível";"Saída de leito carroçável";"Sem Vítimas";"Pleno dia";"Crescente";"Chuva";"Simples";"Curva";"Não";1;0;0;0;1;0;0;1;-22,0822299;-44,94286895;"SPRF-MG";"DEL17-MG";"UOP01-DEL17-MG"
745800;2026-01-15;"quinta-feira";"14:20:00";"PR";277;63;"PIRAQUARA";"Condutor deixou de manter distância do veículo da frente";"Colisão traseira";"Sem Vítimas";"Pleno dia";"Crescente";"Chuva";"Dupla";"Reta";"Não";5;0;0;0;5;0;0;2;-25,53885684;-49,06657068;"SPRF-PR";"DEL01-PR";"UOP01-DEL01-PR"
745805;2026-01-15;"quinta-feira";"11:15:00";"PI";343;330;"TERESINA";"Reação tardia ou ineficiente do condutor";"Tombamento";"Com Vítimas Feridas";"Pleno dia";"Decrescente";"Nublado";"Simples";"Reta";"Não";2;0;1;0;0;1;1;2;-5,06090515;-42,65429837;"SPRF-PI";"DEL01-PI";"UOP01-DEL01-PI"
745811;2026-01-15;"quinta-feira";"15:20:00";"RJ";116;288;"QUATIS";"Chuva";"Colisão traseira";"Com Vítimas Feridas";"Pleno dia";"Decrescente";"Chuva";"Dupla";"Curva";"Não";4;0;1;0;2;1;1;3;-22,4657408;-44,2761216;"SPRF-RJ";"DEL07-RJ";"UOP02-DEL07-RJ"
745815;2026-01-15;"quinta-feira";"16:07:00";"RN";101;75;"SAO GONCALO DO AMARANTE";"Ausência de reação do condutor";"Colisão traseira";"Com Vítimas Feridas";"Pleno dia";"Crescente";"Céu Claro";"Dupla";"Rotatória";"Sim";2;0;1;0;1;0;1;2;-5,721;-35,278;"SPRF-RN";"DEL02-RN";"UOP01-DEL02-RN"
745818;2026-01-15;"quinta-feira";"14:00:00";"RJ";465;3;"SEROPEDICA";"Ultrapassagem Indevida";"Colisão traseira";"Com Vítimas Feridas";"Pleno dia";"Decrescente";"Céu Claro";"Dupla";"Reta";"Não";3;0;0;1;1;2;1;4;-22,73457286;-43,71152965;"SPRF-RJ";"DEL06-RJ";"UOP02-DEL06-RJ"
745822;2026-01-15;"quinta-feira";"17:10:00";"BA";324;615,4;"SALVADOR";"Trafegar com motocicleta (ou similar) entre as faixas";"Colisão traseira";"Com Vítimas Feridas";"Pleno dia";"Decrescente";"Céu Claro";"Dupla";"Reta;Declive";"Sim";3;0;1;0;0;2;1;3;-12,88266838;-38,43432614;"SPRF-BA";"DEL01-BA";"UOP01-DEL01-BA"
745828;2026-01-15;"quinta-feira";"14:40:00";"SC";116;305;"PORTO UNIAO";"Condutor deixou de manter distância do veículo da frente";"Colisão traseira";"Sem Vítimas";"Pleno dia";"Crescente";"Céu Claro";"Simples";"Reta";"Sim";4;0;0;0;4;0;0;2;-26,262703;-51,063615;"SPRF-SC";"DEL05-SC";"UOP02-DEL05-SC"