"id";"data_inversa";"dia_semana";"horario";"uf";"br";"km";"municipio";"causa_acidente";"tipo_acidente";"classificacao_acidente";"fase_dia";"sentido_via";"condicao_metereologica";"tipo_pista";"tracado_via";"uso_solo";"pessoas";"mortos";"feridos_leves";"feridos_graves";"ilesos";"ignorados";"feridos";"veiculos";"latitude";"longitude";"regional";"delegacia";"uop"
752914;2026-02-17;"terça-feira";"10:00:00";"AL";423;66;"AGUA BRANCA";"Pedestre - Ingestão de álcool/ substâncias psicoativas";"Atropelamento de Pedestre";"Com Vítimas Fatais";"Pleno dia";"Decrescente";"Céu Claro";"Simples";"Reta";"Não";2;1;0;0;0;1;0;2;-9,31397181;-37,93525457;"SPRF-AL";"DEL03-AL";"UOP02-DEL03-AL"
752921;2026-02-17;"terça-feira";"13:00:00";"BA";101;801;"ITAMARAJU";"Ausência de reação do condutor";"Colisão traseira";"Com Vítimas Feridas";"Pleno dia";"Crescente";"Céu Claro";"Simples";"Reta";"Não";15;0;5;0;10;0;5;2;-16,960753;-39,554773;"SPRF-BA";"DEL09-BA";"UOP01-DEL09-BA"
752923;2026-02-17;"terça-feira";"12:50:00";"GO";452;120;"BOM JESUS DE GOIAS";"Transitar na contramão";"Colisão lateral sentido oposto";"Com Vítimas Feridas";"Pleno dia";"Crescente";"Céu Claro";"Simples";"Curva";"Não";3;0;1;0;1;1;1;3;-18,1985;-49,855842;"SPRF-GO";"DEL03-GO";"UOP02-DEL03-GO"
752926;2026-02-17;"terça-feira";"16:27:00";"ES";101;304,6;"VIANA";"Reação tardia ou ineficiente do condutor";"Colisão traseira";"Com Vítimas Feridas";"Pleno dia";"Decrescente";"Céu Claro";"Dupla";"Reta";"Sim";6;0;1;0;5;0;1;4;-20,3827369;-40,4595998;"SPRF-ES";"DEL01-ES";"UOP01-DEL01-ES"
752930;2026-02-17;"terça-feira";"15:40:00";"MS";463;105;"PONTA PORA";"Ultrapassagem Indevida";"Colisão frontal";"Com Vítimas Fatais";"Pleno dia";"Crescente";"Céu Claro";"Simples";"Reta";"Não";4;1;0;1;2;0;1;2;-22,60143653;-55,65909028;"SPRF-MS";"DEL04-MS";"UOP03-DEL04-MS"
752931;2026-02-17;"terça-feira";"16:30:00";"MG";50;28,5;"ARAGUARI";"Demais falhas mecânicas ou elétricas";"Tombamento";"Com Vítimas Feridas";"Pleno dia";"Decrescente";"Sol";"Dupla";"Curva";"Não";3;0;2;0;0;2;2;3;-18,618606;-48,107807;"SPRF-MG";"DEL15-MG";"UOP02-DEL15-MG"
752934;2026-02-17;"terça-feira";"16:25:00";"PR";116;102;"SAO JOSE DOS PINHAIS";"Ausência de reação do condutor";"Colisão traseira";"Com Vítimas Feridas";"Pleno dia";"Crescente";"Nublado";"Dupla";"Reta;Viaduto";"Não";3;0;1;0;2;0;1;3;-25,569027;-49,182133;"SPRF-PR";"DEL01-PR";"UOP07-DEL01-PR"
752935;2026-02-17;"terça-feira";"16:05:00";"MG";40;587,6;"ITABIRITO";"Chuva";"Colisão frontal";"Com Vítimas Fatais";"Pleno dia";"Crescente";"Chuva";"Simples";"Declive;Curva";"Não";7;1;1;0;4;5;1;10;-20,34861;-43,922738;"SPRF-MG";"DEL01-MG";"UOP02-DEL01-MG"
752940;2026-02-17;"terça-feira";"17:20:00";"PE";428;13,7;"CABROBO";"Entrada inopinada do pedestre";"Atropelamento de Pedestre";"Com Vítimas Feridas";"Pleno dia";"Crescente";"Céu Claro";"Simples";"Reta";"Não";3;0;0;1;1;1;1;3;-8,501188;-39,3387;"SPRF-PE";"DEL05-PE";"UOP03-DEL05-PE"
752946;2026-02-17;"terça-feira";"17:30:00";"PE";423;82,9;"JUCATI";"Transitar na contramão";"Colisão frontal";"Com Vítimas Fatais";"Pleno dia";"Decrescente";"Céu Claro";"Simples";"Reta";"Não";3;1;0;0;1;1;0;3;-8,7899033;-36,4344883;"SPRF-PE";"DEL03-PE";"UOP01-DEL03-PE"
752956;2026-02-17;"terça-feira";"17:30:00";"SC";282;67,7;"RANCHO QUEIMADO";"Transitar na contramão";"Colisão frontal";"Com Vítimas Fatais";"Pleno dia";"Decrescente";"Chuva";"Simples";"Curva;Aclive";"Não";5;3;0;1;1;0;1;2;-27,691378;-49,073687;"SPRF-SC";"DEL01-SC";"UOP03-DEL01-SC"
752972;2026-02-17;"terça-feira";"17:15:00";"RS";285;74,3;"BOM JESUS";"Reação tardia ou ineficiente do condutor";"Tombamento";"Com Vítimas Feridas";"Pleno dia";"Crescente";"Céu Claro";"Simples";"Declive;Curva";"Não";1;0;0;1;0;0;1;1;-28,63617;-50,550693;"SPRF-RS";"DEL05-RS";"UOP03-DEL05-RS"
752973;2026-02-17;"terça-feira";"20:15:00";"RS";153;48,8;"ERECHIM";"Ingestão de álcool pelo condutor";"Colisão transversal";"Com Vítimas Feridas";"Plena Noite";"Crescente";"Nublado";"Simples";"Reta";"Sim";3;0;1;0;1;1;1;3;-27,648745;-52,25421374;"SPRF-RS";"DEL08-RS";"UOP04-DEL08-RS"
752977;2026-02-17;"terça-feira";"10:20:00";"PI";135;98,1;"SEBASTIAO LEAL";"Reação tardia ou ineficiente do condutor";"Saída de leito carroçável";"Com Vítimas Fatais";"Pleno dia";"Crescente";"Céu Claro";"Simples";"Curva";"Não";2;1;0;0;0;1;0;2;-7,453325;-43,85283;"SPRF-PI";"DEL03-PI";"UOP01-DEL03-PI"
752979;2026-02-17;"terça-feira";"18:00:00";"BA";110;289;"INHAMBUPE";"Reação tardia ou ineficiente do condutor";"Saída de leito carroçável";"Com Vítimas Feridas";"Anoitecer";"Crescente";"Nublado";"Simples";"Declive;Curva";"Não";2;0;1;0;0;1;1;2;-11,7588107;-38,32764745;"SPRF-BA";"DEL01-BA";"UOP04-DEL01-BA"
752987;2026-02-17;"terça-feira";"20:50:00";"SC";101;257,9;"PAULO LOPES";"Ingestão de álcool pelo condutor";"Colisão lateral mesmo sentido";"Com Vítimas Feridas";"Plena Noite";"Decrescente";"Garoa/Chuvisco";"Múltipla";"Declive;Reta";"Sim";5;0;1;0;3;3;1;7;-28,004167;-48,691514;"SPRF-SC";"DEL02-SC";"UOP03-DEL02-SC"
752995;2026-02-17;"terça-feira";"22:00:00";"SE";101;114,3;"ITAPORANGA DAJUDA";"Acessar a via sem observar a presença dos outros veículos";"Colisão lateral mesmo sentido";"Com Vítimas Feridas";"Plena Noite";"Crescente";"Nublado";"Dupla";"Interseção de Vias;Reta";"Não";2;0;1;0;0;1;1;2;-11,001475;-37,306558;"SPRF-SE";"DEL02-SE";"UOP01-DEL02-SE"
752996;2026-02-17;"terça-feira";"21:00:00";"PE";423;59;"LAJEDO";"Transitar na contramão";"Colisão frontal";"Sem Vítimas";"Plena Noite";"Crescente";"Céu Claro";"Simples";"Reta";"Sim";3;0;0;0;2;1;0;3;-8,6473019;-36,3158741;"SPRF-PE";"DEL03-PE";"UOP01-DEL03-PE"
753000;2026-02-17;"terça-feira";"20:00:00";"PR";373;444;"CHOPINZINHO";"Falta de elemento de contenção que evite a saída do leito carroçável";"Saída de leito carroçável";"Com Vítimas Feridas";"Plena Noite";"Crescente";"Nublado";"Simples";"Reta";"Não";1;0;0;1;0;0;1;1;-25,837447;-52,320614;"SPRF-PR";"DEL02-PR";"UOP01-DEL02-PR"
753005;2026-02-17;"terça-feira";"17:00:00";"PR";376;335,3;"ORTIGUEIRA";"Acumulo de água sobre o pavimento";"Colisão transversal";"Com Vítimas Feridas";"Pleno dia";"Crescente";"Chuva";"Simples";"Curva;Declive";"Não";4;0;1;0;2;2;1;4;-24,1387;-51,005857;"SPRF-PR";"DEL07-PR";"UOP02-DEL07-PR"
753009;2026-02-17;"terça-feira";"22:40:00";"MG";365;689;"MONTE ALEGRE DE MINAS";"Condutor deixou de manter distância do veículo da frente";"Colisão traseira";"Com Vítimas Feridas";"Plena Noite";"Crescente";"Chuva";"Dupla";"Reta";"Não";3;0;1;0;1;1;1;3;-18,87652217;-48,90099626;"SPRF-MG";"DEL15-MG";"UOP03-DEL15-MG"
753010;2026-02-17;"terça-feira";"17:25:00";"PE";101;136,5;"ESCADA";"Velocidade Incompatível";"Tombamento";"Com Vítimas Feridas";"Anoitecer";"Decrescente";"Nublado";"Dupla";"Curva;Declive";"Não";2;0;0;1;0;1;1;2;-8,414038;-35,308733;"SPRF-PE";"DEL01-PE";"UOP03-DEL01-PE"
753011;2026-02-17;"terça-feira";"19:00:00";"MA";316;264;"SANTA INES";"Ausência de reação do condutor";"Colisão frontal";"Com Vítimas Feridas";"Plena Noite";"Crescente";"Nublado";"Simples";"Reta";"Sim";3;0;1;0;1;1;1;3;-3,673081;-45,361384;"SPRF-MA";"DEL02-MA";"UOP01-DEL02-MA"
753017;2026-02-17;"terça-feira";"22:00:00";"RJ";101;196,5;"CASIMIRO DE ABREU";"Demais falhas mecânicas ou elétricas";"Incêndio";"Sem Vítimas";"Plena Noite";"Crescente";"Céu Claro";"Dupla";"Curva";"Não";2;0;0;0;1;1;0;2;-22,49313852;-42,11297449;"SPRF-RJ";"DEL08-RJ";"UOP04-DEL08-RJ"
753028;2026-02-17;"terça-feira";"21:30:00";"MT";70;608;"POCONE";"Ausência de reação do condutor";"Engavetamento";"Com Vítimas Feridas";"Plena Noite";"Crescente";"Céu Claro";"Simples";"Aclive";"Não";4;0;0;1;2;2;1;5;-15,94271436;-57,07962372;"SPRF-MT";"DEL03-MT";"UOP02-DEL03-MT"
753034;2026-02-17;"terça-feira";"15:00:00";"MT";70;568,8;"POCONE";"Transitar na contramão";"Colisão frontal";"Com Vítimas Fatais";"Pleno dia";"Decrescente";"Céu Claro";"Simples";"Reta";"Não";4;1;0;2;0;1;2;3;-15,74517124;-56,54894829;"SPRF-MT";"DEL03-MT";"UOP02-DEL03-MT"
753040;2026-02-18;"quarta-feira";"02:30:00";"MG";381;647,2;"SANTO ANTONIO DO AMPARO";"Condutor Dormindo";"Saída de leito carroçável";"Com Vítimas Feridas";"Plena Noite";"Crescente";"Nublado";"Dupla";"Reta";"Não";2;0;1;0;0;1;1;2;-20,94993861;-44,88839775;"SPRF-MG";"DEL04-MG";"UOP02-DEL04-MG"
753042;2026-02-18;"quarta-feira";"04:45:00";"ES";262;119,7;"CONCEICAO DO CASTELO";"Condutor Dormindo";"Colisão com objeto";"Sem Vítimas";"Plena Noite";"Decrescente";"Céu Claro";"Simples";"Curva";"Não";3;0;0;0;2;1;0;3;-20,30240077;-41,23019522;"SPRF-ES";"DEL01-ES";"UOP02-DEL01-ES"
753043;2026-02-18;"quarta-feira";"04:30:00";"RJ";101;477;"ANGRA DOS REIS";"Ultrapassagem Indevida";"Colisão lateral sentido oposto";"Com Vítimas Feridas";"Plena Noite";"Decrescente";"Chuva";"Simples";"Reta";"Sim";3;0;1;0;2;0;1;3;-22,99916763;-44,26460266;"SPRF-RJ";"DEL03-RJ";"UOP03-DEL03-RJ"
753044;2026-02-18;"quarta-feira";"01:30:00";"SC";101;388,4;"CRICIUMA";"Transitar no Acostamento";"Colisão com objeto";"Com Vítimas Feridas";"Plena Noite";"Crescente";"Céu Claro";"Múltipla";"Reta";"Não";6;0;3;0;2;1;3;3;-28,79733278;-49,35837189;"SPRF-SC";"DEL02-SC";"UOP02-DEL02-SC"
753047;2026-02-17;"terça-feira";"21:50:00";"SC";153;5;"AGUA DOCE";"Reação tardia ou ineficiente do condutor";"Colisão lateral sentido oposto";"Com Vítimas Feridas";"Plena Noite";"Decrescente";"Chuva";"Simples";"Reta";"Não";2;0;1;0;0;1;1;2;-26,647197;-51,517687;"SPRF-SC";"DEL07-SC";"UOP07-DEL07-SC"
753049;2026-02-17;"terça-feira";"23:00:00";"MA";222;484;"SANTA LUZIA";"Demais falhas mecânicas ou elétricas";"Tombamento";"Com Vítimas Feridas";"Plena Noite";"Crescente";"Chuva";"Simples";"Aclive;Curva";"Não";2;0;1;0;0;1;1;2;-4,2078;-46,149;"SPRF-MA";"DEL02-MA";"UOP01-DEL02-MA"
753050;2026-02-18;"quarta-feira";"05:45:00";"PE";101;51;"PAULISTA";"Problema com o freio";"Tombamento";"Com Vítimas Feridas";"Pleno dia";"Decrescente";"Céu Claro";"Dupla";"Viaduto";"Sim";2;0;1;0;0;1;1;2;-7,9206018;-34,8925409;"SPRF-PE";"DEL01-PE";"UOP02-DEL01-PE"
753058;2026-02-18;"quarta-feira";"06:20:00";"MG";40;522,4;"CONTAGEM";"Reação tardia ou ineficiente do condutor";"Colisão traseira";"Com Vítimas Feridas";"Amanhecer";"Crescente";"Céu Claro";"Dupla";"Reta";"Não";2;0;1;0;1;0;1;2;-19,86887413;-44,05977726;"SPRF-MG";"DEL01-MG";"UOP02-DEL01-MG"
753062;2026-02-18;"quarta-feira";"07:20:00";"SC";101;10;"GARUVA";"Manobra de mudança de faixa";"Tombamento";"Com Vítimas Feridas";"Pleno dia";"Crescente";"Céu Claro";"Dupla";"Interseção de Vias;Reta";"Sim";2;0;1;0;0;1;1;2;-26,06789899;-48,86050746;"SPRF-SC";"DEL03-SC";"UOP01-DEL03-SC"
753067;2026-02-18;"quarta-feira";"05:15:00";"GO";20;78,6;"FORMOSA";"Condutor Dormindo";"Colisão lateral sentido oposto";"Com Vítimas Feridas";"Pleno dia";"Crescente";"Céu Claro";"Simples";"Reta";"Não";14;0;6;1;6;3;7;7;-15,1008;-47,1141;"SPRF-DF";"DEL02-DF";"UOP02-DEL02-DF"
753068;2026-02-18;"quarta-feira";"06:05:00";"RJ";116;250;"PIRAI";"Ausência de reação do condutor";"Colisão traseira";"Com Vítimas Feridas";"Amanhecer";"Crescente";"Céu Claro";"Dupla";"Reta;Aclive";"Não";4;0;1;0;2;1;1;3;-22,591286;-43,956264;"SPRF-RJ";"DEL07-RJ";"UOP01-DEL07-RJ"
753070;2026-02-18;"quarta-feira";"01:00:00";"SC";280;289;"PORTO UNIAO";"Ingestão de álcool pelo condutor";"Colisão frontal";"Com Vítimas Feridas";"Plena Noite";"Decrescente";"Nublado";"Simples";"Reta";"Não";2;0;1;0;1;0;1;2;-26,29636268;-50,91559974;"SPRF-SC";"DEL06-SC";"UOP04-DEL06-SC"
753075;2026-02-18;"quarta-feira";"08:10:00";"PA";316;64,6;"CASTANHAL";"Ausência de reação do condutor";"Colisão traseira";"Sem Vítimas";"Pleno dia";"Crescente";"Chuva";"Dupla";"Interseção de Vias;Reta";"Sim";2;0;0;0;2;0;0;2;-1,295968;-47,912608;"SPRF-PA";"DEL01-PA";"UOP01-DEL01-PA"
753093;2026-02-18;"quarta-feira";"07:30:00";"PE";232;70,8;"GRAVATA";"Reação tardia ou ineficiente do condutor";"Colisão traseira";"Com Vítimas Feridas";"Pleno dia";"Crescente";"Céu Claro";"Dupla";"Túnel";"Não";4;0;0;1;2;1;1;3;-8,17841027;-35,48916277;"SPRF-PE";"DEL02-PE";"UOP02-DEL02PE"
753097;2026-02-18;"quarta-feira";"09:30:00";"RS";386;168,5;"CARAZINHO";"Ausência de reação do condutor";"Colisão traseira";"Com Vítimas Feridas";"Pleno dia";"Decrescente";"Sol";"Simples";"Aclive";"Não";9;0;2;0;7;0;2;3;-28,225137;-52,819543;"SPRF-RS";"DEL08-RS";"UOP01-DEL08-RS"
753101;2026-02-18;"quarta-feira";"08:35:00";"SC";101;115;"ITAJAI";"Ausência de reação do condutor";"Engavetamento";"Com Vítimas Fatais";"Pleno dia";"Crescente";"Céu Claro";"Múltipla";"Reta";"Sim";9;3;1;2;2;1;3;6;-26,87235004;-48,72890219;"SPRF-SC";"DEL04-SC";"UOP04-DEL04-SC"
753105;2026-02-12;"quinta-feira";"13:30:00";"PR";376;515,8;"PONTA GROSSA";"Ausência de reação do condutor";"Saída de leito carroçável";"Com Vítimas Feridas";"Pleno dia";"Decrescente";"Céu Claro";"Dupla";"Reta";"Não";2;0;0;1;0;2;1;3;-25,266352;-49,963608;"SPRF-PR";"DEL03-PR";"UOP04-DEL03-PR"
753110;2026-02-18;"quarta-feira";"10:07:00";"MS";376;14,1;"DOURADOS";"Manobra de mudança de faixa";"Colisão transversal";"Com Vítimas Feridas";"Pleno dia";"Decrescente";"Céu Claro";"Simples";"Reta";"Não";3;0;1;0;1;1;1;3;-22,293233;-54,605202;"SPRF-MS";"DEL04-MS";"UOP01-DEL04-MS"
753111;2026-02-18;"quarta-feira";"05:17:00";"MG";381;693,5;"LAVRAS";"Condutor Dormindo";"Saída de leito carroçável";"Com Vítimas Fatais";"Amanhecer";"Decrescente";"Céu Claro";"Dupla";"Curva;Declive";"Não";8;4;0;1;2;2;1;5;-21,22823193;-45,13203764;"SPRF-MG";"DEL04-MG";"UOP02-DEL04-MG"
753115;2026-02-18;"quarta-feira";"11:12:00";"SC";116;251,3;"LAGES";"Desrespeitar a preferência no cruzamento";"Colisão transversal";"Com Vítimas Feridas";"Pleno dia";"Decrescente";"Nublado";"Simples";"Curva;Interseção de Vias";"Não";3;0;2;0;1;0;2;2;-27,847012;-50,379172;"SPRF-SC";"DEL05-SC";"UOP02-DEL05-SC"
753116;2026-02-18;"quarta-feira";"11:20:00";"SP";116;87,5;"PINDAMONHANGABA";"Velocidade Incompatível";"Colisão traseira";"Com Vítimas Feridas";"Pleno dia";"Crescente";"Sol";"Dupla";"Reta";"Não";2;0;1;0;1;0;1;2;-22,93101047;-45,36258319;"SPRF-SP";"DEL08-SP";"UOP01-DEL08-SP"
753122;2026-02-18;"quarta-feira";"10:50:00";"PR";476;314,3;"PAULO FRONTIN";"Carga excessiva e/ou mal acondicionada";"Tombamento";"Com Vítimas Feridas";"Pleno dia";"Decrescente";"Céu Claro";"Simples";"Curva";"Não";2;0;0;1;0;2;1;3;-26,03460134;-50,69184601;"SPRF-PR";"DEL02-PR";"UOP03-DEL02-PR"
753128;2026-02-15;"domingo";"00:10:00";"BA";116;492;"RAFAEL JAMBEIRO";"Ingestão de álcool pelo condutor";"Saída de leito carroçável";"Com Vítimas Feridas";"Plena Noite";"Decrescente";"Céu Claro";"Dupla";"Reta";"Não";2;0;1;0;0;1;1;2;-12,57222;-39,4967;"SPRF-BA";"DEL02-BA";"UOP01-DEL02-BA"
753135;2026-02-18;"quarta-feira";"12:10:00";"PR";369;158;"CAMBE";"Velocidade Incompatível";"Colisão traseira";"Sem Vítimas";"Pleno dia";"Decrescente";"Céu Claro";"Dupla";"Reta";"Sim";2;0;0;0;1;1;0;2;-23,28438452;-51,24336569;"SPRF-PR";"DEL07-PR";"UOP01-DEL07-PR"
753140;2026-02-18;"quarta-feira";"10:50:00";"CE";222;128,9;"ITAPAJE";"Velocidade Incompatível";"Tombamento";"Sem Vítimas";"Pleno dia";"Crescente";"Nublado";"Simples";"Curva";"Sim";2;0;0;0;1;1;0;2;-3,70695;-39,62288;"SPRF-CE";"DEL04-CE";"UOP03-DEL04-CE"
753145;2026-02-18;"quarta-feira";"13:05:00";"PB";101;81,9;"BAYEUX";"Ausência de reação do condutor";"Colisão traseira";"Com Vítimas Feridas";"Pleno dia";"Decrescente";"Céu Claro";"Dupla";"Reta";"Sim";6;0;1;0;5;0;1;3;-7,12895705;-34,93757057;"SPRF-PB";"DEL01-PB";"UOP01-DEL01-PB"
753152;2026-01-14;"quarta-feira";"04:00:00";"BA";110;375;"CATU";"Ausência de reação do condutor";"Saída de leito carroçável";"Com Vítimas Feridas";"Plena Noite";"Decrescente";"Céu Claro";"Simples";"Curva;Declive";"Não";2;0;1;0;0;1;1;2;-12,41394505;-38,47343445;"SPRF-BA";"DEL01-BA";"UOP01-DEL01-BA"
753159;2026-02-18;"quarta-feira";"14:15:00";"SC";282;26;"SANTO AMARO DA IMPERATRIZ";"Ausência de reação do condutor";"Colisão traseira";"Com Vítimas Feridas";"Pleno dia";"Decrescente";"Céu Claro";"Simples";"Curva";"Não";3;0;1;0;2;0;1;3;-27,68050505;-48,76053683;"SPRF-SC";"DEL01-SC";"UOP03-DEL01-SC"
753163;2026-02-18;"quarta-feira";"12:59:00";"MT";163;694;"SORRISO";"Acessar a via sem observar a presença dos outros veículos";"Colisão transversal";"Com Vítimas Feridas";"Pleno dia";"Crescente";"Céu Claro";"Simples";"Reta;Interseção de Vias";"Não";3;0;1;0;1;2;1;4;-13,02900875;-55,89800745;"SPRF-MT";"DEL06-MT";"UOP01-DEL06-MT"
753164;2026-02-18;"quarta-feira";"11:50:00";"MG";40;17;"PARACATU";"Ausência de reação do condutor";"Engavetamento";"Sem Vítimas";"Pleno dia";"Decrescente";"Céu Claro";"Simples";"Reta";"Não";4;0;0;0;2;2;0;3;-17,098325;-47,026057;"SPRF-MG";"DEL14-MG";"UOP01-DEL14-MG"
753166;2026-02-18;"quarta-feira";"15:10:00";"BA";324;522;"FEIRA DE SANTANA";"Manobra de mudança de faixa";"Colisão lateral mesmo sentido";"Sem Vítimas";"Pleno dia";"Decrescente";"Céu Claro";"Dupla";"Reta";"Sim";5;0;0;0;4;1;0;3;-12,29737184;-38,90240147;"SPRF-BA";"DEL01-BA";"UOP03-DEL01-BA"
753167;2026-02-18;"quarta-feira";"15:16:00";"ES";101;306,3;"VIANA";"Ausência de reação do condutor";"Colisão traseira";"Com Vítimas Feridas";"Pleno dia";"Crescente";"Céu Claro";"Dupla";"Reta";"Não";2;0;1;0;1;0;1;2;-20,3873953;-40,4636349;"SPRF-ES";"DEL01-ES";"UOP01-DEL01-ES"
753168;2026-02-18;"quarta-feira";"14:20:00";"SP";116;91,5;"PINDAMONHANGABA";"Chuva";"Colisão lateral mesmo sentido";"Sem Vítimas";"Pleno dia";"Decrescente";"Chuva";"Dupla";"Reta";"Não";2;0;0;0;2;0;0;2;-22,949687;-45,399306;"SPRF-SP";"DEL08-SP";"UOP01-DEL08-SP"
753170;2026-02-18;"quarta-feira";"15:30:00";"PR";277;726;"FOZ DO IGUACU";"Ausência de reação do condutor";"Colisão traseira";"Com Vítimas Feridas";"Pleno dia";"Decrescente";"Céu Claro";"Dupla";"Reta";"Sim";2;0;1;0;1;0;1;2;-25,51046238;-54,56280168;"SPRF-PR";"DEL05-PR";"UOP03-DEL05-PR"
753175;2026-02-18;"quarta-feira";"13:30:00";"MT";364;238;"JUSCIMEIRA";"Fumaça";"Incêndio";"Sem Vítimas";"Pleno dia";"Decrescente";"Céu Claro";"Dupla";"Reta;Declive";"Não";2;0;0;0;1;1;0;2;-16,19408998;-54,78392601;"SPRF-MT";"DEL02-MT";"UOP01-DEL02-MT"
753176;2026-02-18;"quarta-feira";"15:20:00";"MG";40;563;"NOVA LIMA";"Acumulo de água sobre o pavimento";"Saída de leito carroçável";"Com Vítimas Fatais";"Pleno dia";"Decrescente";"Chuva";"Dupla";"Curva;Declive";"Sim";2;1;0;1;0;0;1;1;-20,151397;-43,96228;"SPRF-MG";"DEL01-MG";"UOP02-DEL01-MG"
753178;2026-02-12;"quinta-feira";"22:50:00";"RS";386;269,7;"FONTOURA XAVIER";"Pedestre andava na pista";"Atropelamento de Pedestre";"Com Vítimas Feridas";"Plena Noite";"Crescente";"Garoa/Chuvisco";"Simples";"Em Obras;Reta";"Sim";5;0;0;1;2;2;1;4;-28,97104482;-52,36947582;"SPRF-RS";"DEL04-RS";"UOP03-DEL04-RS"
753183;2026-02-18;"quarta-feira";"16:30:00";"SP";116;197;"ARUJA";"Objeto estático sobre o leito carroçável";"Colisão com objeto";"Com Vítimas Feridas";"Pleno dia";"Decrescente";"Nublado";"Dupla";"Curva;Declive";"Não";3;0;1;0;2;0;1;3;-23,39312955;-46,28550265;"SPRF-SP";"DEL01-SP";"UOP01-DEL01-SP"
753187;2026-02-18;"quarta-feira";"15:30:00";"MG";40;628;"CONSELHEIRO LAFAIETE";"Condutor deixou de manter distância do veículo da frente";"Colisão traseira";"Com Vítimas Feridas";"Pleno dia";"Crescente";"Nublado";"Simples";"Reta";"Sim";3;0;1;0;2;0;1;2;-20,6519695;-43,80899012;"SPRF-MG";"DEL05-MG";"UOP02-DEL05-MG"
753196;2026-02-18;"quarta-feira";"17:00:00";"AL";423;91;"DELMIRO GOUVEIA";"Ingestão de álcool pelo condutor";"Colisão lateral mesmo sentido";"Com Vítimas Fatais";"Pleno dia";"Decrescente";"Céu Claro";"Simples";"Reta;Aclive;Interseção de Vias";"Não";3;1;0;1;0;1;1;2;-9,3639;-38,08016;"SPRF-BA";"DEL07-BA";"UOP01-DEL07-BA"
753199;2026-02-18;"quarta-feira";"15:30:00";"PR";277;392;"CANDOI";"Reação tardia ou ineficiente do condutor";"Colisão com objeto";"Com Vítimas Feridas";"Pleno dia";"Crescente";"Céu Claro";"Simples";"Reta";"Não";1;0;1;0;0;0;1;1;-25,4428431;-51,849365;"SPRF-PR";"DEL08-PR";"UOP01-DEL08-PR"
753203;2026-02-18;"quarta-feira";"17:49:00";"PR";369;10;"CAMBARA";"Ausência de reação do condutor";"Colisão transversal";"Com Vítimas Feridas";"Anoitecer";"Crescente";"Nublado";"Simples";"Reta;Aclive";"Não";9;0;4;0;4;1;4;3;-23,00602634;-49,99804437;"SPRF-PR";"DEL07-PR";"UOP05-DEL07-PR"
753204;2026-02-18;"quarta-feira";"15:10:00";"MG";365;48,9;"MONTES CLAROS";"Pista Escorregadia";"Saída de leito carroçável";"Com Vítimas Feridas";"Pleno dia";"Crescente";"Chuva";"Simples";"Declive;Reta";"Não";2;0;1;1;0;0;2;1;-16,65411236;-43,71756719;"SPRF-MG";"DEL12-MG";"UOP01-DEL12-MG"
753205;2026-02-05;"quinta-feira";"09:20:00";"MS";158;104;"PARANAIBA";"Transitar na contramão";"Colisão lateral sentido oposto";"Com Vítimas Feridas";"Pleno dia";"Crescente";"Céu Claro";"Simples";"Reta";"Não";5;0;1;1;2;3;2;6;-19,72954349;-51,13328934;"SPRF-MS";"DEL08-MS";"UOP01-DEL08-MS"
753209;2026-02-18;"quarta-feira";"18:30:00";"BA";116;314;"ARACI";"Ausência de reação do condutor";"Colisão lateral sentido oposto";"Com Vítimas Feridas";"Plena Noite";"Decrescente";"Chuva";"Simples";"Reta";"Não";3;0;0;1;1;1;1;3;-11,28718;-38,92997;"SPRF-BA";"DEL02-BA";"UOP01-DEL02-BA"
753213;2026-02-18;"quarta-feira";"18:30:00";"SP";116;139;"SAO JOSE DOS CAMPOS";"Trafegar com motocicleta (ou similar) entre as faixas";"Colisão traseira";"Com Vítimas Feridas";"Anoitecer";"Crescente";"Céu Claro";"Dupla";"Reta";"Não";3;0;1;0;2;0;1;3;-23,161938;-45,805073;"SPRF-SP";"DEL02-SP";"UOP01-DEL02-SP"
753217;2026-02-18;"quarta-feira";"15:30:00";"PR";277;697;"SAO MIGUEL DO IGUACU";"Reação tardia ou ineficiente do condutor";"Colisão traseira";"Com Vítimas Feridas";"Pleno dia";"Decrescente";"Céu Claro";"Dupla";"Aclive";"Não";7;0;0;5;1;1;5;3;-25,39431596;-54,30748254;"SPRF-PR";"DEL05-PR";"UOP01-DEL05-PR"
753221;2026-02-18;"quarta-feira";"19:15:00";"PR";277;1,2;"PARANAGUA";"Deficiência do Sistema de Iluminação/Sinalização";"Colisão transversal";"Com Vítimas Feridas";"Anoitecer";"Crescente";"Ignorado";"Dupla";"Reta";"Sim";3;0;1;0;1;1;1;3;-25,53055;-48,554248;"SPRF-PR";"DEL01-PR";"UOP05-DEL01-PR"
753235;2026-02-18;"quarta-feira";"17:45:00";"MT";364;17;"ALTO ARAGUAIA";"Demais falhas mecânicas ou elétricas";"Incêndio";"Sem Vítimas";"Anoitecer";"Decrescente";"Céu Claro";"Simples";"Aclive";"Não";2;0;0;0;1;2;0;3;-17,22602994;-53,32386768;"SPRF-MT";"DEL02-MT";"UOP02-DEL02-MT"
753247;2026-02-18;"quarta-feira";"22:40:00";"PR";116;111,3;"CURITIBA";"Reação tardia ou ineficiente do condutor";"Colisão com objeto";"Sem Vítimas";"Plena Noite";"Crescente";"Céu Claro";"Dupla";"Reta";"Sim";2;0;0;0;1;1;0;2;-25,557305;-49,269581;"SPRF-PR";"DEL01-PR";"UOP03-DEL01-PR"