"id";"data_inversa";"dia_semana";"horario";"uf";"br";"km";"municipio";"causa_acidente";"tipo_acidente";"classificacao_acidente";"fase_dia";"sentido_via";"condicao_metereologica";"tipo_pista";"tracado_via";"uso_solo";"pessoas";"mortos";"feridos_leves";"feridos_graves";"ilesos";"ignorados";"feridos";"veiculos";"latitude";"longitude";"regional";"delegacia";"uop"
753863;2026-02-21;"sábado";"23:33:00";"PB";361;10;"SANTA TERESINHA";"Condutor Dormindo";"Colisão lateral sentido oposto";"Com Vítimas Feridas";"Plena Noite";"Crescente";"Garoa/Chuvisco";"Simples";"Reta";"Não";2;0;1;0;1;0;1;2;-7,04344;-37,364098;"SPRF-PB";"DEL03-PB";"UOP01-DEL03-PB"
753875;2026-02-21;"sábado";"20:50:00";"MA";10;193;"RIBAMAR FIQUENE";"Suicídio (presumido)";"Atropelamento de Pedestre";"Com Vítimas Fatais";"Plena Noite";"Crescente";"Céu Claro";"Simples";"Reta";"Sim";4;1;0;0;0;3;0;2;-6,02741;-47,382618;"SPRF-MA";"DEL04-MA";"UOP02-DEL04-MA"
753884;2026-02-21;"sábado";"23:40:00";"BA";116;683;"JEQUIE";"Ausência de reação do condutor";"Saída de leito carroçável";"Com Vítimas Feridas";"Plena Noite";"Decrescente";"Céu Claro";"Simples";"Reta";"Não";2;0;1;0;0;1;1;2;-13,95376103;-40,16667367;"SPRF-BA";"DEL03-BA";"UOP01-DEL03-BA"
753885;2026-02-22;"domingo";"02:00:00";"RJ";101;284;"ITABORAI";"Demais falhas mecânicas ou elétricas";"Incêndio";"Sem Vítimas";"Plena Noite";"Crescente";"Céu Claro";"Dupla";"Reta";"Não";1;0;0;0;1;0;0;1;-22,74635088;-42,81118717;"SPRF-RJ";"DEL02-RJ";"UOP02-DEL02-RJ"
753890;2026-02-22;"domingo";"02:50:00";"MG";365;755;"ITUIUTABA";"Ausência de reação do condutor";"Colisão traseira";"Sem Vítimas";"Plena Noite";"Decrescente";"Chuva";"Simples";"Reta";"Sim";3;0;0;0;2;2;0;4;-18,965788;-49,499238;"SPRF-MG";"DEL15-MG";"UOP03-DEL15-MG"
753891;2026-02-22;"domingo";"03:53:00";"CE";116;42;"HORIZONTE";"Acessar a via sem observar a presença dos outros veículos";"Colisão transversal";"Com Vítimas Fatais";"Plena Noite";"Decrescente";"Céu Claro";"Dupla";"Reta";"Não";3;2;0;0;0;1;0;2;-4,111727;-38,491062;"SPRF-CE";"DEL01-CE";"UOP02-DEL01-CE"
753897;2026-02-21;"sábado";"22:25:00";"RO";364;350;"JI-PARANA";"Reação tardia ou ineficiente do condutor";"Saída de leito carroçável";"Com Vítimas Feridas";"Plena Noite";"Decrescente";"Chuva";"Simples";"Reta";"Não";1;0;1;0;0;0;1;1;-10,8448561;-62,00018317;"SPRF-RO";"DEL02-RO";"UOP01-DEL02-RO"
753899;2026-02-22;"domingo";"04:10:00";"DF";20;19,9;"BRASILIA";"Acumulo de água sobre o pavimento";"Saída de leito carroçável";"Com Vítimas Feridas";"Pleno dia";"Decrescente";"Chuva";"Múltipla";"Declive;Ponte;Reta";"Sim";2;0;1;0;1;0;1;1;-15,60690595;-47,69143581;"SPRF-DF";"DEL02-DF";"UOP01-DEL02-DF"
753905;2026-02-22;"domingo";"04:00:00";"RJ";116;209,9;"SEROPEDICA";"Transtornos Mentais (exceto suicidio)";"Atropelamento de Pedestre";"Com Vítimas Feridas";"Plena Noite";"Crescente";"Nublado";"Dupla";"Reta";"Não";2;0;0;1;1;0;1;2;-22,72024032;-43,68747979;"SPRF-RJ";"DEL06-RJ";"UOP02-DEL06-RJ"
753910;2026-02-22;"domingo";"05:50:00";"SC";101;337,7;"TUBARAO";"Reação tardia ou ineficiente do condutor";"Colisão lateral mesmo sentido";"Com Vítimas Feridas";"Plena Noite";"Decrescente";"Céu Claro";"Múltipla";"Reta";"Não";4;0;2;0;1;1;2;3;-28,49350172;-49,04164977;"SPRF-SC";"DEL02-SC";"UOP01-DEL02-SC"
753911;2026-02-21;"sábado";"15:00:00";"PR";153;1;"IMBITUVA";"Reação tardia ou ineficiente do condutor";"Tombamento";"Com Vítimas Feridas";"Pleno dia";"Decrescente";"Céu Claro";"Simples";"Reta";"Não";3;0;1;0;1;1;1;2;-25,18881188;-50,59843394;"SPRF-PR";"DEL03-PR";"UOP01-DEL03-PR"
753912;2026-02-22;"domingo";"05:30:00";"RO";364;611;"ITAPUA DO OESTE";"Condutor Dormindo";"Colisão lateral sentido oposto";"Com Vítimas Feridas";"Amanhecer";"Crescente";"Nublado";"Simples";"Reta";"Não";2;0;1;0;1;0;1;2;-9,13331087;-63,24702195;"SPRF-RO";"DEL01-RO";"UOP04-DEL01-RO"
753917;2026-02-22;"domingo";"08:30:00";"PR";158;358,1;"MARQUINHO";"Curva acentuada";"Tombamento";"Com Vítimas Feridas";"Pleno dia";"Crescente";"Céu Claro";"Simples";"Curva";"Não";1;0;1;0;0;0;1;1;-25,0252;-52,17;"SPRF-PR";"DEL04-PR";"UOP02-DEL04-PR"
753918;2026-02-22;"domingo";"07:27:00";"TO";153;310;"GUARAI";"Ingestão de álcool pelo condutor";"Colisão lateral sentido oposto";"Sem Vítimas";"Pleno dia";"Crescente";"Chuva";"Simples";"Curva";"Não";3;0;0;0;1;7;0;8;-8,606191;-48,481515;"SPRF-TO";"DEL02-TO";"UOP02-DEL02-TO"
753924;2026-02-22;"domingo";"07:20:00";"PR";376;605;"CURITIBA";"Manobra de mudança de faixa";"Saída de leito carroçável";"Com Vítimas Feridas";"Pleno dia";"Decrescente";"Nublado";"Dupla";"Curva";"Sim";3;0;1;0;1;1;1;2;-25,540552;-49,311008;"SPRF-PR";"DEL01-PR";"UOP03-DEL01-PR"
753927;2026-02-22;"domingo";"08:35:00";"PE";101;89,2;"JABOATAO DOS GUARARAPES";"Manobra de mudança de faixa";"Colisão lateral mesmo sentido";"Com Vítimas Feridas";"Pleno dia";"Crescente";"Céu Claro";"Dupla";"Reta";"Não";7;0;3;1;2;1;4;3;-8,20698;-34,98353;"SPRF-PE";"DEL01-PE";"UOP01-DEL01-PE"
753929;2026-02-22;"domingo";"07:20:00";"TO";153;697;"CARIRI DO TOCANTINS";"Reação tardia ou ineficiente do condutor";"Colisão lateral sentido oposto";"Com Vítimas Feridas";"Pleno dia";"Crescente";"Nublado";"Simples";"Reta";"Não";3;0;1;0;1;1;1;3;-11,9248;-49,1818;"SPRF-TO";"DEL01-TO";"UOP02-DEL01-TO"
753934;2026-02-22;"domingo";"07:47:00";"MT";163;669;"LUCAS DO RIO VERDE";"Reação tardia ou ineficiente do condutor";"Saída de leito carroçável";"Com Vítimas Feridas";"Pleno dia";"Decrescente";"Céu Claro";"Simples";"Reta";"Não";2;0;1;0;0;3;1;4;-13,223263;-56,003787;"SPRF-MT";"DEL06-MT";"UOP01-DEL06-MT"
753935;2026-02-22;"domingo";"09:48:00";"RS";101;52;"TERRA DE AREIA";"Reação tardia ou ineficiente do condutor";"Engavetamento";"Com Vítimas Feridas";"Pleno dia";"Crescente";"Céu Claro";"Dupla";"Reta";"Não";5;0;1;0;4;0;1;4;-29,624193;-50,09851;"SPRF-RS";"DEL03-RS";"UOP02-DEL03-RS"
753936;2026-02-22;"domingo";"08:00:00";"SC";470;324;"CAMPOS NOVOS";"Acessar a via sem observar a presença dos outros veículos";"Colisão transversal";"Com Vítimas Feridas";"Pleno dia";"Decrescente";"Céu Claro";"Simples";"Interseção de Vias";"Não";3;0;1;0;1;1;1;3;-27,37451123;-51,06651306;"SPRF-SC";"DEL07-SC";"UOP06-DEL07-SC"
753942;2026-02-22;"domingo";"09:30:00";"GO";158;155;"CAIAPONIA";"Pista esburacada";"Saída de leito carroçável";"Com Vítimas Feridas";"Pleno dia";"Crescente";"Nublado";"Simples";"Declive";"Não";1;0;1;0;0;0;1;1;-16,93115884;-51,81933224;"SPRF-GO";"DEL04-GO";"UOP02-DEL04-GO"
753952;2026-02-22;"domingo";"11:10:00";"MG";153;15;"CENTRALINA";"Ausência de reação do condutor";"Tombamento";"Com Vítimas Feridas";"Pleno dia";"Crescente";"Nublado";"Dupla";"Reta";"Não";2;0;1;0;0;3;1;4;-18,56164559;-49,19403076;"SPRF-MG";"DEL15-MG";"UOP03-DEL15-MG"
753955;2026-02-22;"domingo";"10:00:00";"MG";251;385,6;"GRAO MOGOL";"Demais falhas mecânicas ou elétricas";"Incêndio";"Sem Vítimas";"Pleno dia";"Crescente";"Nublado";"Simples";"Reta";"Não";2;0;0;0;1;1;0;2;-16,301089;-42,712344;"SPRF-MG";"DEL12-MG";"UOP01-DEL12-MG"
753963;2026-02-22;"domingo";"14:25:00";"PI";316;297;"PICOS";"Reação tardia ou ineficiente do condutor";"Tombamento";"Sem Vítimas";"Pleno dia";"Crescente";"Céu Claro";"Dupla";"Declive;Curva";"Não";2;0;0;0;1;3;0;4;-7,026505;-41,55949;"SPRF-PI";"DEL04-PI";"UOP01-DEL04-PI"
753977;2026-02-22;"domingo";"14:50:00";"PR";476;171;"CONTENDA";"Reação tardia ou ineficiente do condutor";"Colisão traseira";"Com Vítimas Feridas";"Pleno dia";"Decrescente";"Nublado";"Dupla";"Reta;Aclive";"Sim";4;0;2;0;1;2;2;4;-25,680105;-49,523904;"SPRF-PR";"DEL01-PR";"UOP06-DEL01-PR"
753980;2026-02-22;"domingo";"15:00:00";"MG";267;14,7;"LEOPOLDINA";"Reação tardia ou ineficiente do condutor";"Incêndio";"Sem Vítimas";"Pleno dia";"Crescente";"Nublado";"Simples";"Retorno Regulamentado";"Sim";2;0;0;0;1;1;0;2;-21,583177;-42,736429;"SPRF-MG";"DEL07-MG";"UOP01-DEL07-MG"
753982;2026-02-22;"domingo";"16:00:00";"PR";277;592;"CASCAVEL";"Condutor deixou de manter distância do veículo da frente";"Colisão traseira";"Com Vítimas Feridas";"Pleno dia";"Crescente";"Céu Claro";"Simples";"Reta;Aclive";"Sim";5;0;1;0;3;1;1;4;-24,98015444;-53,45302152;"SPRF-PR";"DEL04-PR";"UOP01-DEL04-PR"
754005;2026-02-22;"domingo";"18:20:00";"PR";277;237;"FERNANDES PINHEIRO";"Reação tardia ou ineficiente do condutor";"Colisão traseira";"Com Vítimas Feridas";"Anoitecer";"Crescente";"Nublado";"Simples";"Curva;Aclive";"Não";4;0;1;0;2;2;1;4;-25,464891;-50,539991;"SPRF-PR";"DEL08-PR";"UOP02-DEL08-PR"
754030;2026-02-22;"domingo";"19:20:00";"PI";343;51;"BRASILEIRA";"Manobra de mudança de faixa";"Colisão lateral sentido oposto";"Com Vítimas Feridas";"Plena Noite";"Crescente";"Céu Claro";"Simples";"Reta";"Não";3;0;1;0;1;2;1;4;-4,1358393;-41,6191532;"SPRF-PI";"DEL05-PI";"UOP01-DEL05-PI"
754031;2026-02-22;"domingo";"19:30:00";"RS";285;162,2;"MUITOS CAPOES";"Velocidade Incompatível";"Tombamento";"Com Vítimas Feridas";"Plena Noite";"Crescente";"Céu Claro";"Simples";"Declive;Curva";"Não";3;0;1;0;0;2;1;3;-28,3192;-51,24861;"SPRF-RS";"DEL05-RS";"UOP03-DEL05-RS"
754037;2026-02-22;"domingo";"16:50:00";"MA";10;167;"PORTO FRANCO";"Transitar na contramão";"Colisão frontal";"Com Vítimas Fatais";"Pleno dia";"Crescente";"Sol";"Simples";"Reta";"Não";4;1;0;1;1;2;1;4;-6,25034;-47,35257;"SPRF-MA";"DEL04-MA";"UOP02-DEL04-MA"
754054;2026-02-22;"domingo";"12:50:00";"BA";324;607;"SIMOES FILHO";"Reação tardia ou ineficiente do condutor";"Engavetamento";"Com Vítimas Feridas";"Pleno dia";"Decrescente";"Chuva";"Dupla";"Declive;Reta";"Sim";28;0;5;1;21;2;6;16;-12,8134523;-38,4050931;"SPRF-BA";"DEL01-BA";"UOP01-DEL01-BA"
754057;2026-02-22;"domingo";"21:25:00";"SC";101;93;"BARRA VELHA";"Ausência de reação do condutor";"Colisão traseira";"Com Vítimas Feridas";"Plena Noite";"Crescente";"Nublado";"Dupla";"Reta";"Não";4;0;2;0;1;1;2;3;-26,701931;-48,699475;"SPRF-SC";"DEL03-SC";"UOP02-DEL03-SC"
754061;2026-02-22;"domingo";"06:30:00";"BA";242;687;"MUQUEM DE SAO FRANCISCO";"Reação tardia ou ineficiente do condutor";"Colisão frontal";"Com Vítimas Feridas";"Pleno dia";"Crescente";"Céu Claro";"Simples";"Declive;Reta";"Não";4;0;2;1;0;1;3;3;-12,19540864;-43,70052338;"SPRF-BA";"DEL10-BA";"UOP01-DEL10-BA"
754064;2026-02-22;"domingo";"22:19:00";"ES";262;167;"IBATIBA";"Ultrapassagem Indevida";"Colisão frontal";"Com Vítimas Feridas";"Plena Noite";"Crescente";"Chuva";"Simples";"Reta";"Não";6;0;1;1;3;1;2;6;-20,25556;-41,56733;"SPRF-ES";"DEL01-ES";"UOP02-DEL01-ES"
754074;2026-02-22;"domingo";"23:00:00";"PB";230;39;"SANTA RITA";"Demais falhas mecânicas ou elétricas";"Incêndio";"Sem Vítimas";"Plena Noite";"Decrescente";"Céu Claro";"Dupla";"Aclive";"Não";1;0;0;0;1;0;0;1;-7,139687;-34,973652;"SPRF-PB";"DEL01-PB";"UOP02-DEL01-PB"
754076;2026-02-22;"domingo";"16:27:00";"PA";163;54;"NOVO PROGRESSO";"Acessar a via sem observar a presença dos outros veículos";"Colisão lateral mesmo sentido";"Com Vítimas Fatais";"Pleno dia";"Crescente";"Garoa/Chuvisco";"Simples";"Reta";"Não";5;2;1;0;1;3;1;5;-9,111151;-54,914535;"SPRF-MT";"DEL06-MT";"UOP03-DEL06-MT"
754077;2026-02-22;"domingo";"16:10:00";"MT";364;464;"VARZEA GRANDE";"Reação tardia ou ineficiente do condutor";"Colisão transversal";"Com Vítimas Feridas";"Pleno dia";"Crescente";"Chuva";"Simples";"Curva;Declive;Ponte";"Não";3;0;1;0;1;5;1;7;-15,448803;-56,32774;"SPRF-MT";"DEL01-MT";"UOP02-DEL01-MT"
754079;2026-02-23;"segunda-feira";"00:35:00";"SC";282;526,2;"XAXIM";"Transitar na contramão";"Colisão frontal";"Com Vítimas Feridas";"Plena Noite";"Crescente";"Nublado";"Simples";"Reta";"Não";3;0;2;0;1;0;2;2;-26,969685;-52,5758;"SPRF-SC";"DEL07-SC";"UOP01-DEL07-SC"
754080;2026-02-22;"domingo";"18:00:00";"PI";135;541;"SAO GONCALO DO GURGUEIA";"Reação tardia ou ineficiente do condutor";"Tombamento";"Com Vítimas Feridas";"Anoitecer";"Decrescente";"Nublado";"Simples";"Declive;Curva";"Não";2;0;1;0;0;1;1;2;-10,054173;-45,285738;"SPRF-PI";"DEL03-PI";"UOP02-DEL03-PI"
754083;2026-02-23;"segunda-feira";"01:25:00";"SP";153;211;"GUAIMBE";"Demais falhas mecânicas ou elétricas";"Incêndio";"Sem Vítimas";"Amanhecer";"Decrescente";"Nublado";"Simples";"Reta";"Não";3;0;0;0;2;1;0;2;-21,919248;-49,9161;"SPRF-SP";"DEL07-SP";"UOP02-DEL07-SP"
754086;2026-02-23;"segunda-feira";"02:30:00";"PR";369;366;"MAMBORE";"Condutor Dormindo";"Colisão frontal";"Com Vítimas Feridas";"Plena Noite";"Decrescente";"Céu Claro";"Simples";"Reta";"Não";3;0;1;0;2;0;1;2;-24,24554054;-52,52284746;"SPRF-PR";"DEL04-PR";"UOP03-DEL04-PR"
754087;2026-02-23;"segunda-feira";"02:00:00";"SC";282;114,3;"ALFREDO WAGNER";"Ausência de reação do condutor";"Colisão traseira";"Com Vítimas Feridas";"Plena Noite";"Crescente";"Chuva";"Simples";"Reta";"Não";4;0;1;0;2;1;1;2;-27,7506;-49,38982;"SPRF-SC";"DEL01-SC";"UOP03-DEL01-SC"
754089;2026-02-23;"segunda-feira";"05:25:00";"RS";290;103,8;"ELDORADO DO SUL";"Condutor Dormindo";"Colisão lateral mesmo sentido";"Com Vítimas Feridas";"Amanhecer";"Crescente";"Céu Claro";"Dupla";"Reta";"Não";4;0;1;0;3;0;1;2;-29,99252;-51,274364;"SPRF-RS";"DEL02-RS";"UOP01-DEL02-RS"
754099;2026-02-22;"domingo";"20:53:00";"GO";158;258;"JATAI";"Reação tardia ou ineficiente do condutor";"Tombamento";"Com Vítimas Feridas";"Plena Noite";"Decrescente";"Nublado";"Simples";"Curva";"Não";2;0;1;0;0;2;1;3;-17,79686348;-51,79506037;"SPRF-GO";"DEL05-GO";"UOP01-DEL05-GO"
754102;2026-02-23;"segunda-feira";"05:30:00";"MG";262;630,9;"IBIA";"Condutor Dormindo";"Saída de leito carroçável";"Com Vítimas Feridas";"Amanhecer";"Crescente";"Nublado";"Simples";"Declive;Ponte;Reta";"Não";2;0;2;0;0;0;2;1;-19,57032;-46,56645;"SPRF-MG";"DEL08-MG";"UOP01-DEL08-MG"
754108;2026-02-07;"sábado";"21:55:00";"PA";155;340;"MARABA";"Ultrapassagem Indevida";"Saída de leito carroçável";"Sem Vítimas";"Plena Noite";"Decrescente";"Chuva";"Simples";"Reta";"Sim";6;0;0;0;3;3;0;4;-5,394408;-49,077885;"SPRF-PA";"DEL03-PA";"UOP01-DEL03-PA"
754109;2026-02-22;"domingo";"22:04:00";"TO";153;435;"MIRACEMA DO TOCANTINS";"Ausência de reação do condutor";"Saída de leito carroçável";"Com Vítimas Feridas";"Plena Noite";"Crescente";"Nublado";"Simples";"Reta";"Não";2;0;1;0;0;1;1;2;-9,701287;-48,673743;"SPRF-TO";"DEL01-TO";"UOP01-DEL01-TO"
754114;2026-02-23;"segunda-feira";"06:28:00";"MT";163;810;"SINOP";"Pista Escorregadia";"Colisão lateral sentido oposto";"Com Vítimas Feridas";"Amanhecer";"Decrescente";"Garoa/Chuvisco";"Simples";"Reta";"Não";4;0;2;0;1;3;2;5;-12,081713;-55,517611;"SPRF-MT";"DEL06-MT";"UOP02-DEL06-MT"
754115;2026-02-23;"segunda-feira";"07:20:00";"MA";226;292;"BARRA DO CORDA";"Condutor deixou de manter distância do veículo da frente";"Colisão traseira";"Com Vítimas Feridas";"Amanhecer";"Crescente";"Céu Claro";"Simples";"Reta";"Não";2;0;1;0;0;1;1;2;-5,480832;-45,195478;"SPRF-MA";"DEL06-MA";"UOP01-DEL06-MA"
754117;2026-02-23;"segunda-feira";"08:40:00";"ES";101;287;"CARIACICA";"Condutor deixou de manter distância do veículo da frente";"Colisão traseira";"Com Vítimas Feridas";"Pleno dia";"Crescente";"Céu Claro";"Múltipla";"Reta";"Não";4;0;1;0;2;1;1;4;-20,266672;-40,386091;"SPRF-ES";"DEL01-ES";"UOP01-DEL01-ES"
754120;2026-02-23;"segunda-feira";"08:40:00";"ES";259;101,5;"BAIXO GUANDU";"Conversão proibida";"Colisão transversal";"Com Vítimas Fatais";"Pleno dia";"Crescente";"Céu Claro";"Simples";"Aclive";"Sim";2;1;0;0;1;0;0;2;-19,52115634;-41,01635098;"SPRF-ES";"DEL02-ES";"UOP01-DEL02-ES"
754125;2026-02-23;"segunda-feira";"06:00:00";"CE";20;383;"CAUCAIA";"Carga excessiva e/ou mal acondicionada";"Colisão com objeto";"Com Vítimas Feridas";"Pleno dia";"Crescente";"Chuva";"Simples";"Reta";"Não";3;0;1;1;1;0;2;2;-3,8951;-38,8364;"SPRF-CE";"DEL01-CE";"UOP01-DEL01-CE"
754127;2026-02-23;"segunda-feira";"08:25:00";"MG";40;607;"CONGONHAS";"Condutor Dormindo";"Colisão traseira";"Com Vítimas Feridas";"Pleno dia";"Decrescente";"Céu Claro";"Simples";"Declive;Em Obras;Reta";"Sim";3;0;1;0;1;1;1;3;-20,4836;-43,83928;"SPRF-MG";"DEL05-MG";"UOP02-DEL05-MG"
754137;2026-02-23;"segunda-feira";"07:40:00";"SC";101;147,5;"ITAPEMA";"Reação tardia ou ineficiente do condutor";"Colisão traseira";"Sem Vítimas";"Pleno dia";"Decrescente";"Nublado";"Dupla";"Reta";"Sim";2;0;0;0;2;0;0;2;-27,09521;-48,61832;"SPRF-SC";"DEL04-SC";"UOP03-DEL04-SC"
754152;2026-02-23;"segunda-feira";"10:40:00";"PA";316;28;"BENEVIDES";"Reação tardia ou ineficiente do condutor";"Saída de leito carroçável";"Com Vítimas Feridas";"Pleno dia";"Crescente";"Chuva";"Dupla";"Reta";"Sim";1;0;1;0;0;0;1;1;-1,310407;-48,22062;"SPRF-PA";"DEL01-PA";"UOP01-DEL01-PA"
754163;2026-02-21;"sábado";"11:15:00";"GO";60;92,8;"ANAPOLIS";"Retorno proibido";"Colisão lateral mesmo sentido";"Com Vítimas Feridas";"Pleno dia";"Decrescente";"Garoa/Chuvisco";"Dupla";"Retorno Regulamentado";"Sim";3;0;1;0;2;0;1;2;-16,35327556;-48,92000053;"SPRF-GO";"DEL02-GO";"UOP01-DEL02-GO"
754165;2026-02-23;"segunda-feira";"11:45:00";"MG";116;762,8;"LEOPOLDINA";"Desrespeitar a preferência no cruzamento";"Colisão transversal";"Com Vítimas Feridas";"Pleno dia";"Decrescente";"Céu Claro";"Simples";"Rotatória;Reta";"Sim";3;0;1;0;2;0;1;2;-21,52608875;-42,63267428;"SPRF-MG";"DEL07-MG";"UOP01-DEL07-MG"
754166;2026-02-23;"segunda-feira";"11:43:00";"TO";230;101,2;"SAO BENTO DO TOCANTINS";"Acessar a via sem observar a presença dos outros veículos";"Colisão transversal";"Com Vítimas Feridas";"Pleno dia";"Crescente";"Céu Claro";"Simples";"Interseção de Vias;Reta";"Não";5;0;0;3;1;12;3;14;-5,96828746;-47,88153855;"SPRF-TO";"DEL02-TO";"UOP03-DEL02-TO"
754173;2026-02-23;"segunda-feira";"09:15:00";"BA";101;545;"SAO JOSE DA VITORIA";"Velocidade Incompatível";"Tombamento";"Com Vítimas Feridas";"Pleno dia";"Crescente";"Sol";"Simples";"Curva";"Não";2;0;1;0;0;1;1;2;-15,09689487;-39,35277522;"SPRF-BA";"DEL05-BA";"UOP02-DEL05-BA"
754178;2026-02-23;"segunda-feira";"12:20:00";"PR";277;67,1;"SAO JOSE DOS PINHAIS";"Manobra de mudança de faixa";"Colisão traseira";"Com Vítimas Feridas";"Pleno dia";"Crescente";"Nublado";"Dupla";"Reta";"Sim";2;0;0;1;1;0;1;2;-25,52488;-49,097884;"SPRF-PR";"DEL01-PR";"UOP01-DEL01-PR"
754179;2026-02-23;"segunda-feira";"08:40:00";"PE";316;5,1;"ARARIPINA";"Transitar na contramão";"Colisão frontal";"Com Vítimas Fatais";"Pleno dia";"Crescente";"Nublado";"Simples";"Reta";"Não";7;2;0;3;1;1;3;4;-7,468442;-40,622283;"SPRF-PE";"DEL05-PE";"UOP02-DEL05-PE"
754180;2026-02-23;"segunda-feira";"07:25:00";"BA";116;777,6;"PLANALTO";"Acessar a via sem observar a presença dos outros veículos";"Atropelamento de Pedestre";"Com Vítimas Feridas";"Pleno dia";"Decrescente";"Céu Claro";"Simples";"Reta";"Sim";3;0;0;1;1;1;1;3;-14,671041;-40,478838;"SPRF-BA";"DEL08-BA";"UOP02-DEL08-BA"
754184;2026-02-23;"segunda-feira";"13:20:00";"RJ";493;18;"GUAPIMIRIM";"Acesso irregular";"Atropelamento de Pedestre";"Com Vítimas Feridas";"Pleno dia";"Crescente";"Nublado";"Simples";"Reta";"Sim";2;0;1;0;1;0;1;2;-22,66867802;-43,01820922;"SPRF-RJ";"DEL04-RJ";"UOP02-DEL04-RJ"
754186;2026-02-22;"domingo";"21:30:00";"MS";163;136,4;"NAVIRAI";"Demais falhas mecânicas ou elétricas";"Saída de leito carroçável";"Sem Vítimas";"Plena Noite";"Crescente";"Céu Claro";"Simples";"Aclive;Reta";"Não";2;0;0;0;0;3;0;3;-23,014063;-54,313902;"SPRF-MS";"DEL09-MS";"UOP01-DEL09-MS"
754190;2026-02-23;"segunda-feira";"13:20:00";"SP";153;173,9;"GUAICARA";"Desrespeitar a preferência no cruzamento";"Colisão transversal";"Com Vítimas Feridas";"Pleno dia";"Crescente";"Céu Claro";"Simples";"Interseção de Vias";"Sim";4;0;2;0;1;1;2;3;-21,63340948;-49,78783814;"SPRF-SP";"DEL07-SP";"UOP01-DEL07-SP"
754193;2026-02-23;"segunda-feira";"13:00:00";"MT";163;834;"SINOP";"Acessar a via sem observar a presença dos outros veículos";"Saída de leito carroçável";"Sem Vítimas";"Pleno dia";"Crescente";"Nublado";"Simples";"Retorno Regulamentado;Reta";"Sim";3;0;0;0;2;1;0;3;-11,88276797;-55,50060368;"SPRF-MT";"DEL06-MT";"UOP02-DEL06-MT"
754194;2026-02-23;"segunda-feira";"14:00:00";"SC";282;528;"CORDILHEIRA ALTA";"Demais falhas mecânicas ou elétricas";"Saída de leito carroçável";"Com Vítimas Feridas";"Pleno dia";"Decrescente";"Chuva";"Simples";"Curva";"Não";2;0;1;0;1;0;1;1;-26,97814622;-52,58811448;"SPRF-SC";"DEL07-SC";"UOP01-DEL07-SC"
754203;2026-02-23;"segunda-feira";"12:35:00";"MG";381;900;"CAMBUI";"Reação tardia ou ineficiente do condutor";"Colisão traseira";"Com Vítimas Feridas";"Pleno dia";"Decrescente";"Nublado";"Dupla";"Reta";"Não";3;0;1;0;1;3;1;5;-22,62870064;-46,07774055;"SPRF-MG";"DEL16-MG";"UOP03-DEL16-MG"
754204;2026-02-23;"segunda-feira";"14:50:00";"ES";262;95,6;"DOMINGOS MARTINS";"Ultrapassagem Indevida";"Colisão frontal";"Com Vítimas Fatais";"Pleno dia";"Crescente";"Céu Claro";"Simples";"Reta";"Não";3;1;0;0;1;1;0;3;-20,363818;-41,066983;"SPRF-ES";"DEL01-ES";"UOP02-DEL01-ES"
754206;2026-02-23;"segunda-feira";"14:30:00";"MG";40;528;"CONTAGEM";"Manobra de mudança de faixa";"Colisão transversal";"Com Vítimas Feridas";"Pleno dia";"Decrescente";"Céu Claro";"Dupla";"Curva";"Sim";3;0;0;2;1;0;2;3;-19,90990991;-44,03756405;"SPRF-MG";"DEL01-MG";"UOP02-DEL01-MG"
754207;2026-02-23;"segunda-feira";"12:00:00";"PR";476;319,9;"PAULO FRONTIN";"Demais falhas mecânicas ou elétricas";"Incêndio";"Sem Vítimas";"Pleno dia";"Crescente";"Nublado";"Simples";"Em Obras;Reta";"Não";2;0;0;0;1;1;0;2;-26,0658;-50,72875;"SPRF-PR";"DEL02-PR";"UOP03-DEL02-PR"
754211;2026-02-01;"domingo";"08:40:00";"RO";364;659;"CANDEIAS DO JAMARI";"Transitar na contramão";"Colisão frontal";"Com Vítimas Fatais";"Pleno dia";"Crescente";"Nublado";"Simples";"Reta";"Não";7;4;0;0;1;2;0;4;-8,844543;-63,447262;"SPRF-RO";"DEL01-RO";"UOP01-DEL01-RO"
754212;2026-02-23;"segunda-feira";"13:40:00";"RS";386;78,5;"JABOTICABA";"Transitar na contramão";"Colisão lateral sentido oposto";"Com Vítimas Feridas";"Pleno dia";"Crescente";"Céu Claro";"Simples";"Reta";"Não";4;0;1;1;1;2;2;4;-27,70744297;-53,28394739;"SPRF-RS";"DEL08-RS";"UOP02-DEL08-RS"
754219;2026-02-23;"segunda-feira";"13:17:00";"RN";110;76,1;"GOVERNADOR DIX-SEPT ROSADO";"Manobra de mudança de faixa";"Colisão frontal";"Com Vítimas Fatais";"Pleno dia";"Decrescente";"Nublado";"Simples";"Reta";"Não";5;1;0;3;1;0;3;2;-5,45429;-37,32682;"SPRF-RN";"DEL04-RN";"UOP01-DEL04-RN"
754220;2026-02-23;"segunda-feira";"15:13:00";"SC";101;121,4;"ITAJAI";"Manobra de mudança de faixa";"Colisão lateral mesmo sentido";"Com Vítimas Feridas";"Pleno dia";"Decrescente";"Céu Claro";"Simples";"Reta";"Não";3;0;1;1;0;1;2;2;-26,924992;-48,706445;"SPRF-SC";"DEL04-SC";"UOP04-DEL04-SC"