"id";"data_inversa";"dia_semana";"horario";"uf";"br";"km";"municipio";"causa_acidente";"tipo_acidente";"classificacao_acidente";"fase_dia";"sentido_via";"condicao_metereologica";"tipo_pista";"tracado_via";"uso_solo";"pessoas";"mortos";"feridos_leves";"feridos_graves";"ilesos";"ignorados";"feridos";"veiculos";"latitude";"longitude";"regional";"delegacia";"uop"
755310;2026-02-28;"sábado";"20:05:00";"RS";386;434;"NOVA SANTA RITA";"Carga excessiva e/ou mal acondicionada";"Colisão com objeto";"Com Vítimas Feridas";"Plena Noite";"Decrescente";"Céu Claro";"Simples";"Reta";"Não";3;0;1;0;0;2;1;3;-29,844465;-51,282406;"SPRF-RS";"DEL04-RS";"UOP02-DEL04-RS"
755318;2026-02-28;"sábado";"20:00:00";"SC";101;100;"BALNEARIO PICARRAS";"Condutor Dormindo";"Saída de leito carroçável";"Com Vítimas Feridas";"Plena Noite";"Crescente";"Céu Claro";"Dupla";"Reta";"Sim";1;0;1;0;0;0;1;1;-26,75680874;-48,68900013;"SPRF-SC";"DEL03-SC";"UOP02-DEL03-SC"
755326;2026-02-28;"sábado";"20:00:00";"MT";364;55;"ALTO GARCAS";"Acostamento em desnível";"Tombamento";"Com Vítimas Feridas";"Plena Noite";"Crescente";"Céu Claro";"Simples";"Declive";"Não";2;0;1;0;0;1;1;2;-16,96820794;-53,5174942;"SPRF-MT";"DEL02-MT";"UOP02-DEL02-MT"
755329;2026-02-28;"sábado";"21:50:00";"MG";50;70;"UBERLANDIA";"Ausência de reação do condutor";"Colisão traseira";"Sem Vítimas";"Plena Noite";"Decrescente";"Céu Claro";"Dupla";"Reta";"Sim";2;0;0;0;2;0;0;2;-18,89156278;-48,2546982;"SPRF-MG";"DEL15-MG";"UOP01-DEL15-MG"
755333;2026-02-28;"sábado";"21:20:00";"SC";282;37,4;"AGUAS MORNAS";"Reação tardia ou ineficiente do condutor";"Colisão frontal";"Com Vítimas Feridas";"Plena Noite";"Decrescente";"Céu Claro";"Simples";"Reta";"Não";3;0;1;1;1;0;2;2;-27,70922924;-48,85218239;"SPRF-SC";"DEL01-SC";"UOP03-DEL01-SC"
755339;2026-02-28;"sábado";"22:10:00";"MG";153;45;"CANAPOLIS";"Ausência de reação do condutor";"Colisão traseira";"Com Vítimas Feridas";"Plena Noite";"Crescente";"Nublado";"Dupla";"Declive;Reta";"Não";3;0;1;1;0;2;2;4;-18,77681;-49,07592;"SPRF-MG";"DEL15-MG";"UOP03-DEL15-MG"
755344;2026-02-28;"sábado";"22:40:00";"RJ";393;244;"VASSOURAS";"Ultrapassagem Indevida";"Colisão frontal";"Com Vítimas Feridas";"Plena Noite";"Crescente";"Céu Claro";"Simples";"Aclive;Curva";"Não";6;0;3;0;3;0;3;2;-22,4300073;-43,74437857;"SPRF-RJ";"DEL05-RJ";"UOP04-DEL05-RJ"
755354;2026-02-28;"sábado";"22:40:00";"MA";10;378,5;"ITINGA DO MARANHAO";"Suicídio (presumido)";"Atropelamento de Pedestre";"Com Vítimas Fatais";"Plena Noite";"Crescente";"Chuva";"Simples";"Declive;Reta";"Não";2;1;0;0;1;0;0;2;-4,44427;-47,53078;"SPRF-MA";"DEL04-MA";"UOP03-DEL04-MA"
755393;2026-02-28;"sábado";"16:34:00";"MT";70;514;"VARZEA GRANDE";"Acessar a via sem observar a presença dos outros veículos";"Colisão transversal";"Com Vítimas Feridas";"Pleno dia";"Decrescente";"Céu Claro";"Simples";"Reta";"Sim";4;0;1;1;1;1;2;3;-15,70608744;-56,13212397;"SPRF-MT";"DEL01-MT";"UOP02-DEL01-MT"
755401;2026-02-28;"sábado";"19:00:00";"GO";158;198;"CAIAPONIA";"Reação tardia ou ineficiente do condutor";"Atropelamento de Pedestre";"Com Vítimas Fatais";"Plena Noite";"Decrescente";"Céu Claro";"Simples";"Reta";"Não";2;1;0;0;0;1;0;2;-17,29394;-51,89127;"SPRF-GO";"DEL05-GO";"UOP01-DEL05-GO"
755414;2026-01-20;"terça-feira";"11:28:00";"PE";101;51;"ABREU E LIMA";"Reação tardia ou ineficiente do condutor";"Colisão traseira";"Com Vítimas Feridas";"Pleno dia";"Decrescente";"Céu Claro";"Múltipla";"Reta";"Não";5;0;0;2;2;1;2;4;-7,90606147;-34,90141869;"SPRF-PE";"DEL01-PE";"UOP02-DEL01-PE"
755447;2026-02-15;"domingo";"19:57:00";"MS";158;348;"BRASILANDIA";"Reação tardia ou ineficiente do condutor";"Colisão com objeto";"Com Vítimas Feridas";"Plena Noite";"Crescente";"Céu Claro";"Simples";"Reta";"Não";4;0;1;0;2;1;1;4;-21,258268;-51,951277;"SPRF-MS";"DEL07-MS";"UOP01-DEL07-MS"
755462;2026-02-04;"quarta-feira";"16:00:00";"PB";412;123,1;"SUME";"Transitar na contramão";"Colisão transversal";"Com Vítimas Feridas";"Pleno dia";"Crescente";"Céu Claro";"Simples";"Reta";"Não";6;0;3;0;2;1;3;3;-7,75489;-36,982215;"SPRF-PB";"DEL02-PB";"UOP02-DEL02-PB"
755629;2026-02-07;"sábado";"14:30:00";"PR";153;461;"PORTO VITORIA";"Chuva";"Colisão frontal";"Com Vítimas Feridas";"Pleno dia";"Crescente";"Chuva";"Simples";"Curva";"Não";3;0;0;1;1;1;1;3;-26,28679708;-51,19826317;"SPRF-PR";"DEL02-PR";"UOP03-DEL02-PR"
755671;2026-02-18;"quarta-feira";"07:40:00";"SP";153;61;"SAO JOSE DO RIO PRETO";"Ausência de reação do condutor";"Engavetamento";"Com Vítimas Feridas";"Pleno dia";"Crescente";"Céu Claro";"Dupla";"Reta";"Sim";7;0;1;0;4;2;1;5;-20,808803;-49,356371;"SPRF-SP";"DEL09-SP";"UOP01-DEL09-SP"
755746;2026-02-18;"quarta-feira";"23:47:00";"BA";235;308;"JUAZEIRO";"Manobra de mudança de faixa";"Saída de leito carroçável";"Com Vítimas Fatais";"Plena Noite";"Decrescente";"Ignorado";"Simples";"Reta";"Não";1;1;0;0;0;0;0;1;-9,52666;-40,097946;"SPRF-BA";"DEL07-BA";"UOP03-DEL07-BA"
755809;2026-01-22;"quinta-feira";"13:10:00";"RO";364;380;"OURO PRETO DO OESTE";"Reação tardia ou ineficiente do condutor";"Tombamento";"Sem Vítimas";"Pleno dia";"Decrescente";"Nublado";"Simples";"Declive";"Não";2;0;0;0;1;2;0;3;-10,733018;-62,228488;"SPRF-RO";"DEL02-RO";"UOP01-DEL02-RO"
755813;2026-02-28;"sábado";"05:00:00";"MT";364;319;"CAMPO VERDE";"Avarias e/ou desgaste excessivo no pneu";"Incêndio";"Sem Vítimas";"Amanhecer";"Crescente";"Nevoeiro/Neblina";"Dupla";"Reta";"Não";1;0;0;0;0;1;0;1;-15,818056;-55,334064;"SPRF-MT";"DEL05-MT";"UOP02-DEL05-MT"
755923;2026-02-10;"terça-feira";"15:13:00";"SC";282;584,4;"PINHALZINHO";"Transitar na contramão";"Colisão frontal";"Com Vítimas Feridas";"Pleno dia";"Decrescente";"Nublado";"Simples";"Curva";"Não";3;0;1;0;2;0;1;2;-26,832288;-53,021672;"SPRF-SC";"DEL07-SC";"UOP02-DEL07-SC"
756000;2026-02-24;"terça-feira";"16:10:00";"PR";277;659;"MATELANDIA";"Ausência de reação do condutor";"Colisão traseira";"Sem Vítimas";"Pleno dia";"Decrescente";"Nublado";"Dupla";"Reta";"Sim";3;0;0;0;3;0;0;2;-25,24280456;-53,97771762;"SPRF-PR";"DEL05-PR";"UOP02-DEL05-PR"
756011;2026-02-28;"sábado";"06:00:00";"MG";116;403;"GOVERNADOR VALADARES";"Transitar na contramão";"Colisão lateral sentido oposto";"Com Vítimas Feridas";"Pleno dia";"Crescente";"Nublado";"Simples";"Reta";"Não";3;0;1;0;1;2;1;4;-18,783426;-41,988043;"SPRF-MG";"DEL06-MG";"UOP01-DEL06-MG"
756013;2026-02-13;"sexta-feira";"14:00:00";"GO";153;226;"URUACU";"Condutor deixou de manter distância do veículo da frente";"Engavetamento";"Sem Vítimas";"Pleno dia";"Decrescente";"Céu Claro";"Simples";"Reta";"Não";5;0;0;0;4;1;0;4;-14,71181619;-49,22491551;"SPRF-GO";"DEL07-GO";"UOP02-DEL07-GO"
756015;2026-02-16;"segunda-feira";"15:00:00";"MG";40;591;"MOEDA";"Reação tardia ou ineficiente do condutor";"Colisão traseira";"Com Vítimas Feridas";"Pleno dia";"Crescente";"Nublado";"Dupla";"Curva";"Não";4;0;1;1;1;1;2;3;-20,3168;-43,9538;"SPRF-MG";"DEL01-MG";"UOP02-DEL01-MG"
756026;2026-02-13;"sexta-feira";"02:00:00";"MS";158;296;"TRES LAGOAS";"Ausência de reação do condutor";"Colisão com objeto";"Com Vítimas Fatais";"Plena Noite";"Crescente";"Garoa/Chuvisco";"Simples";"Curva";"Não";2;1;0;0;0;1;0;2;-20,85484157;-51,72324657;"SPRF-MS";"DEL07-MS";"UOP01-DEL07-MS"
756033;2026-02-11;"quarta-feira";"09:30:00";"RJ";101;309;"SAO GONCALO";"Entrada inopinada do pedestre";"Colisão traseira";"Sem Vítimas";"Pleno dia";"Crescente";"Céu Claro";"Dupla";"Reta";"Sim";3;0;0;0;2;1;0;2;-22,79912255;-43,05025863;"SPRF-RJ";"DEL02-RJ";"UOP02-DEL02-RJ"
756094;2026-02-17;"terça-feira";"19:40:00";"BA";20;197;"LUIS EDUARDO MAGALHAES";"Reação tardia ou ineficiente do condutor";"Saída de leito carroçável";"Com Vítimas Feridas";"Plena Noite";"Crescente";"Céu Claro";"Simples";"Reta";"Não";5;0;1;0;3;2;1;5;-12,219;-45,832;"SPRF-BA";"DEL10-BA";"UOP01-DEL10-BA"
756109;2026-02-09;"segunda-feira";"17:30:00";"PR";163;335;"GUAIRA";"Manobra de mudança de faixa";"Colisão lateral mesmo sentido";"Sem Vítimas";"Pleno dia";"Crescente";"Céu Claro";"Simples";"Reta";"Não";3;0;0;0;2;1;0;3;-24,1597756;-54,2300643;"SPRF-PR";"DEL06-PR";"UOP01-DEL06-PR"
756233;2026-01-26;"segunda-feira";"20:30:00";"GO";60;39;"ALEXANIA";"Animais na Pista";"Atropelamento de Animal";"Com Vítimas Feridas";"Plena Noite";"Decrescente";"Céu Claro";"Dupla";"Aclive;Ponte";"Não";5;0;1;0;3;1;1;4;-16,113533;-48,558252;"SPRF-DF";"DEL03-DF";"UOP01-DEL03-DF"
756284;2026-02-09;"segunda-feira";"13:00:00";"CE";20;369;"CANINDE";"Transitar na contramão";"Colisão transversal";"Com Vítimas Feridas";"Pleno dia";"Crescente";"Céu Claro";"Simples";"Reta";"Não";4;0;2;0;1;3;2;5;-4,33318318;-39,28708696;"SPRF-CE";"DEL02-CE";"UOP01-DEL02-CE"
756387;2026-02-10;"terça-feira";"20:30:00";"PR";153;187,7;"TIBAGI";"Reação tardia ou ineficiente do condutor";"Colisão lateral sentido oposto";"Com Vítimas Feridas";"Plena Noite";"Decrescente";"Céu Claro";"Simples";"Reta";"Não";2;0;0;1;0;1;1;2;-24,41095;-50,35962;"SPRF-PR";"DEL03-PR";"UOP02-DEL03-PR"
756396;2026-02-03;"terça-feira";"06:30:00";"MA";230;336;"SAO RAIMUNDO DAS MANGABEIRAS";"Acessar a via sem observar a presença dos outros veículos";"Colisão transversal";"Com Vítimas Feridas";"Pleno dia";"Crescente";"Nevoeiro/Neblina";"Simples";"Reta";"Sim";3;0;1;0;1;3;1;5;-7,10843036;-45,64736724;"SPRF-MA";"DEL05-MA";"UOP01-DEL05-MA"
756414;2026-02-27;"sexta-feira";"21:45:00";"PR";376;4;"APUCARANA";"Condutor deixou de manter distância do veículo da frente";"Colisão traseira";"Com Vítimas Feridas";"Plena Noite";"Crescente";"Céu Claro";"Dupla";"Reta;Interseção de Vias";"Sim";5;0;1;0;3;1;1;3;-23,5564748;-51,4429997;"SPRF-PR";"DEL07-PR";"UOP03-DEL07-PR"
756427;2026-02-23;"segunda-feira";"01:30:00";"SC";101;208;"SAO JOSE";"Ingestão de álcool pelo condutor";"Colisão lateral mesmo sentido";"Sem Vítimas";"Plena Noite";"Crescente";"Céu Claro";"Simples";"Reta";"Sim";3;0;0;0;2;1;0;3;-27,60443;-48,63334;"SPRF-SC";"DEL01-SC";"UOP01-DEL01-SC"
756437;2026-01-18;"domingo";"00:50:00";"SC";101;325,1;"CAPIVARI DE BAIXO";"Ingestão de álcool pelo condutor";"Colisão com objeto";"Sem Vítimas";"Plena Noite";"Crescente";"Nublado";"Múltipla";"Reta;Declive";"Não";3;0;0;0;1;2;0;2;-28,425934;-48,944438;"SPRF-SC";"DEL02-SC";"UOP01-DEL02-SC"
756439;2026-02-20;"sexta-feira";"20:20:00";"MA";10;274;"IMPERATRIZ";"Ultrapassagem Indevida";"Colisão frontal";"Com Vítimas Feridas";"Plena Noite";"Crescente";"Nublado";"Simples";"Reta;Aclive";"Não";3;0;0;2;0;2;2;4;-5,33667238;-47,48840902;"SPRF-MA";"DEL04-MA";"UOP01-DEL04-MA"
756523;2026-01-09;"sexta-feira";"02:40:00";"RJ";101;310;"SAO GONCALO";"Suicídio (presumido)";"Atropelamento de Pedestre";"Com Vítimas Fatais";"Plena Noite";"Crescente";"Céu Claro";"Dupla";"Reta";"Não";2;1;0;0;0;1;0;2;-22,7967934;-43,0432714;"SPRF-RJ";"DEL02-RJ";"UOP02-DEL02-RJ"
756658;2026-02-23;"segunda-feira";"23:00:00";"RS";386;319;"MARQUES DE SOUZA";"Reação tardia ou ineficiente do condutor";"Colisão traseira";"Com Vítimas Feridas";"Plena Noite";"Crescente";"Céu Claro";"Simples";"Reta;Em Obras";"Não";3;0;1;0;2;0;1;2;-29,280091;-52,13243;"SPRF-RS";"DEL04-RS";"UOP01-DEL04-RS"
756688;2026-02-07;"sábado";"18:40:00";"RJ";116;106;"GUAPIMIRIM";"Demais falhas mecânicas ou elétricas";"Colisão frontal";"Com Vítimas Fatais";"Plena Noite";"Crescente";"Chuva";"Simples";"Curva";"Não";14;3;8;0;3;0;8;5;-22,50944293;-43,00048225;"SPRF-RJ";"DEL04-RJ";"UOP01-DEL04-RJ"
756856;2026-02-28;"sábado";"01:00:00";"SC";470;1;"NAVEGANTES";"Reação tardia ou ineficiente do condutor";"Colisão lateral mesmo sentido";"Sem Vítimas";"Plena Noite";"Crescente";"Céu Claro";"Dupla";"Reta";"Não";2;0;0;0;0;2;0;2;-26,881122;-48,662651;"SPRF-SC";"DEL04-SC";"UOP04-DEL04-SC"
756861;2026-01-23;"sexta-feira";"07:50:00";"PR";376;182,9;"SARANDI";"Reação tardia ou ineficiente do condutor";"Colisão lateral mesmo sentido";"Com Vítimas Fatais";"Pleno dia";"Crescente";"Sol";"Dupla";"Reta;Em Obras";"Sim";6;1;0;1;2;3;1;6;-23,436277;-51,879967;"SPRF-PR";"DEL09-PR";"UOP01-DEL09-PR"
756888;2026-02-20;"sexta-feira";"11:15:00";"AL";101;200;"SAO SEBASTIAO";"Acesso irregular";"Colisão transversal";"Com Vítimas Feridas";"Pleno dia";"Crescente";"Céu Claro";"Dupla";"Reta";"Não";5;0;0;1;4;0;1;2;-9,957882;-36,545197;"SPRF-AL";"DEL02-AL";"UOP02-DEL02-AL"
756902;2026-02-04;"quarta-feira";"19:00:00";"MT";163;905;"CLAUDIA";"Demais falhas mecânicas ou elétricas";"Engavetamento";"Com Vítimas Feridas";"Plena Noite";"Crescente";"Céu Claro";"Simples";"Reta;Declive";"Não";6;0;4;0;1;5;4;9;-11,26461221;-55,3122139;"SPRF-MT";"DEL06-MT";"UOP02-DEL06-MT"
756915;2026-01-07;"quarta-feira";"06:10:00";"RJ";101;394;"RIO DE JANEIRO";"Condutor deixou de manter distância do veículo da frente";"Colisão traseira";"Com Vítimas Feridas";"Pleno dia";"Decrescente";"Céu Claro";"Dupla";"Aclive;Reta";"Não";2;0;0;1;1;0;1;2;-22,8842411;-43,71816158;"SPRF-RJ";"DEL03-RJ";"UOP01-DEL03-RJ"
756925;2026-02-21;"sábado";"01:50:00";"MS";163;511;"JARAGUARI";"Ausência de reação do condutor";"Saída de leito carroçável";"Com Vítimas Feridas";"Plena Noite";"Crescente";"Céu Claro";"Simples";"Em Obras;Desvio Temporário;Declive";"Não";2;0;1;0;0;1;1;2;-20,09159865;-54,4289312;"SPRF-MS";"DEL01-MS";"UOP02-DEL01-MS"
757087;2026-02-28;"sábado";"22:50:00";"ES";101;148,9;"LINHARES";"Velocidade Incompatível";"Colisão traseira";"Com Vítimas Feridas";"Plena Noite";"Decrescente";"Garoa/Chuvisco";"Múltipla";"Reta;Aclive";"Sim";5;0;1;0;3;1;1;3;-19,39442905;-40,06540932;"SPRF-ES";"DEL04-ES";"UOP01-DEL04-ES"
757151;2026-02-16;"segunda-feira";"15:40:00";"MT";70;3;"BARRA DO GARCAS";"Reação tardia ou ineficiente do condutor";"Colisão traseira";"Com Vítimas Feridas";"Pleno dia";"Crescente";"Céu Claro";"Dupla";"Reta;Declive";"Sim";5;0;2;0;2;2;2;4;-15,88102836;-52,27815824;"SPRF-MT";"DEL07-MT";"UOP01-DEL07-MT"
757177;2026-02-24;"terça-feira";"22:20:00";"PR";373;175;"PONTA GROSSA";"Acessar a via sem observar a presença dos outros veículos";"Colisão transversal";"Com Vítimas Feridas";"Plena Noite";"Crescente";"Céu Claro";"Dupla";"Reta";"Sim";5;0;1;0;3;1;1;3;-25,070594;-50,211371;"SPRF-PR";"DEL03-PR";"UOP01-DEL03-PR"
757270;2026-01-07;"quarta-feira";"19:00:00";"PA";230;707;"BRASIL NOVO";"Ausência de reação do condutor";"Colisão transversal";"Com Vítimas Fatais";"Plena Noite";"Decrescente";"Ignorado";"Simples";"Reta";"Não";3;1;0;0;1;1;0;3;-3,34531;-52,60737;"SPRF-PA";"DEL04-PA";"UOP01-DEL04-PA"
757337;2026-02-01;"domingo";"17:30:00";"SP";116;360;"MIRACATU";"Velocidade Incompatível";"Tombamento";"Com Vítimas Feridas";"Pleno dia";"Decrescente";"Céu Claro";"Dupla";"Curva";"Não";3;0;2;0;0;1;2;2;-24,113228;-47,26949215;"SPRF-SP";"DEL04-SP";"UOP03-DEL04-SP"
757436;2026-02-28;"sábado";"20:34:00";"MS";262;570;"MIRANDA";"Avarias e/ou desgaste excessivo no pneu";"Incêndio";"Sem Vítimas";"Plena Noite";"Crescente";"Nublado";"Simples";"Reta";"Não";2;0;0;0;1;1;0;2;-20,189932;-56,470159;"SPRF-MS";"DEL03-MS";"UOP02-DEL03-MS"
757576;2026-02-23;"segunda-feira";"09:45:00";"MG";116;526,9;"CARATINGA";"Ausência de reação do condutor";"Colisão traseira";"Com Vítimas Feridas";"Pleno dia";"Crescente";"Céu Claro";"Dupla";"Declive;Reta";"Sim";2;0;0;1;1;0;1;2;-19,78716019;-42,13539898;"SPRF-MG";"DEL06-MG";"UOP02-DEL06-MG"
757580;2026-02-04;"quarta-feira";"10:51:00";"RO";319;143;"PORTO VELHO";"Estacionar ou parar em local proibido";"Colisão traseira";"Com Vítimas Feridas";"Pleno dia";"Crescente";"Céu Claro";"Dupla";"Reta";"Sim";12;0;4;0;7;3;4;5;-8,74666147;-63,88878107;"SPRF-RO";"DEL01-RO";"UOP01-DEL01-RO"
757652;2026-02-09;"segunda-feira";"11:25:00";"MG";381;934;"EXTREMA";"Manobra de mudança de faixa";"Colisão traseira";"Com Vítimas Feridas";"Pleno dia";"Crescente";"Chuva";"Dupla";"Reta";"Não";5;0;1;0;2;2;1;4;-22,79939663;-46,2613678;"SPRF-MG";"DEL16-MG";"UOP03-DEL16-MG"
757666;2026-02-03;"terça-feira";"22:00:00";"PA";163;144;"ALTAMIRA";"Ultrapassagem Indevida";"Saída de leito carroçável";"Com Vítimas Feridas";"Plena Noite";"Crescente";"Nublado";"Simples";"Reta";"Não";2;0;1;0;0;2;1;3;-8,4372;-55,1164;"SPRF-MT";"DEL06-MT";"UOP03-DEL06-MT"
757728;2026-01-19;"segunda-feira";"05:00:00";"PA";230;393,2;"PACAJA";"Reação tardia ou ineficiente do condutor";"Saída de leito carroçável";"Com Vítimas Feridas";"Amanhecer";"Crescente";"Céu Claro";"Simples";"Curva";"Não";4;0;2;1;0;1;3;2;-3,847028;-50,521197;"SPRF-PA";"DEL04-PA";"UOP01-DEL04-PA"
757767;2026-02-24;"terça-feira";"16:35:00";"RS";386;372;"FAZENDA VILANOVA";"Acumulo de água sobre o pavimento";"Colisão frontal";"Com Vítimas Feridas";"Pleno dia";"Decrescente";"Chuva";"Simples";"Reta";"Não";2;0;1;0;1;0;1;2;-29,6057341;-51,80833563;"SPRF-RS";"DEL04-RS";"UOP01-DEL04-RS"
757788;2026-01-19;"segunda-feira";"20:50:00";"SC";101;168,4;"TIJUCAS";"Acessar a via sem observar a presença dos outros veículos";"Colisão lateral mesmo sentido";"Sem Vítimas";"Plena Noite";"Crescente";"Nublado";"Dupla";"Reta";"Não";3;0;0;0;2;4;0;6;-27,28356;-48,63045;"SPRF-SC";"DEL04-SC";"UOP03-DEL04-SC"
757812;2026-02-16;"segunda-feira";"14:20:00";"SC";101;104;"BALNEARIO PICARRAS";"Manobra de mudança de faixa";"Colisão lateral mesmo sentido";"Com Vítimas Feridas";"Pleno dia";"Decrescente";"Céu Claro";"Múltipla";"Reta";"Não";5;0;1;1;2;1;2;3;-26,79573475;-48,67951012;"SPRF-SC";"DEL03-SC";"UOP02-DEL03-SC"
757831;2026-02-28;"sábado";"02:58:00";"PI";343;184,8;"PIRIPIRI";"Transitar na contramão";"Colisão frontal";"Com Vítimas Feridas";"Plena Noite";"Crescente";"Chuva";"Simples";"Reta";"Não";5;0;1;0;2;2;1;4;-4,31652588;-41,77775502;"SPRF-PI";"DEL02-PI";"UOP01-DEL02-PI"
757859;2026-02-17;"terça-feira";"14:00:00";"MT";364;3;"ALTO ARAGUAIA";"Mal súbito do condutor";"Saída de leito carroçável";"Com Vítimas Feridas";"Pleno dia";"Crescente";"Nublado";"Simples";"Curva;Retorno Regulamentado";"Sim";5;0;1;0;0;4;1;5;-17,30975315;-53,22086334;"SPRF-MT";"DEL02-MT";"UOP02-DEL02-MT"
757933;2026-02-27;"sexta-feira";"19:52:00";"CE";116;69;"CHOROZINHO";"Condutor deixou de manter distância do veículo da frente";"Engavetamento";"Com Vítimas Feridas";"Plena Noite";"Crescente";"Céu Claro";"Simples";"Reta";"Não";3;0;1;0;2;0;1;3;-4,321939;-38,489952;"SPRF-CE";"DEL01-CE";"UOP04-DEL01-CE"
757940;2026-02-24;"terça-feira";"09:15:00";"BA";324;2;"FEIRA DE SANTANA";"Ausência de sinalização";"Colisão traseira";"Com Vítimas Feridas";"Pleno dia";"Decrescente";"Ignorado";"Simples";"Reta";"Sim";3;0;0;1;1;1;1;3;-12,28517;-38,951253;"SPRF-BA";"DEL02-BA";"UOP01-DEL02-BA"
758034;2026-01-08;"quinta-feira";"04:56:00";"RJ";101;288;"ITABORAI";"Demais falhas mecânicas ou elétricas";"Incêndio";"Sem Vítimas";"Amanhecer";"Crescente";"Céu Claro";"Dupla";"Reta";"Não";2;0;0;0;1;1;0;2;-22,76295049;-42,85004781;"SPRF-RJ";"DEL02-RJ";"UOP02-DEL02-RJ"
758062;2026-02-24;"terça-feira";"14:45:00";"SC";282;45,8;"AGUAS MORNAS";"Ultrapassagem Indevida";"Colisão frontal";"Com Vítimas Feridas";"Pleno dia";"Crescente";"Nublado";"Simples";"Aclive;Curva";"Não";4;0;1;0;2;1;1;4;-27,72123747;-48,92456532;"SPRF-SC";"DEL01-SC";"UOP03-DEL01-SC"
758254;2026-02-24;"terça-feira";"15:10:00";"GO";364;203,3;"JATAI";"Ausência de reação do condutor";"Colisão traseira";"Com Vítimas Feridas";"Pleno dia";"Decrescente";"Céu Claro";"Simples";"Aclive;Reta";"Não";3;0;1;0;1;4;1;6;-17,90917942;-51,80738926;"SPRF-GO";"DEL05-GO";"UOP01-DEL05-GO"
758284;2026-02-14;"sábado";"17:15:00";"BA";235;348;"JUAZEIRO";"Reação tardia ou ineficiente do condutor";"Colisão transversal";"Com Vítimas Feridas";"Pleno dia";"Crescente";"Céu Claro";"Dupla";"Reta";"Sim";3;0;0;1;1;1;1;3;-9,448127;-40,48738;"SPRF-PE";"DEL06-PE";"UOP01-DEL06-PE"
758616;2026-01-10;"sábado";"17:15:00";"MG";50;86;"UBERLANDIA";"Velocidade Incompatível";"Tombamento";"Com Vítimas Feridas";"Pleno dia";"Crescente";"Sol";"Dupla";"Reta";"Não";2;0;1;0;0;1;1;2;-19,0120862;-48,20809063;"SPRF-MG";"DEL15-MG";"UOP01-DEL15-MG"
758709;2026-02-25;"quarta-feira";"16:10:00";"RJ";116;257;"PIRAI";"Estacionar ou parar em local proibido";"Colisão traseira";"Com Vítimas Feridas";"Pleno dia";"Crescente";"Nublado";"Múltipla";"Aclive;Reta";"Não";3;0;2;0;0;3;2;5;-22,586368;-44,014536;"SPRF-RJ";"DEL07-RJ";"UOP01-DEL07-RJ"
758711;2026-02-20;"sexta-feira";"11:40:00";"PR";277;2,4;"PARANAGUA";"Retorno proibido";"Colisão transversal";"Com Vítimas Feridas";"Pleno dia";"Decrescente";"Sol";"Simples";"Interseção de Vias";"Sim";4;0;1;0;1;3;1;5;-25,53655043;-48,55631797;"SPRF-PR";"DEL01-PR";"UOP05-DEL01-PR"
758898;2026-01-22;"quinta-feira";"00:30:00";"RJ";116;225;"PARACAMBI";"Condutor Dormindo";"Saída de leito carroçável";"Com Vítimas Feridas";"Plena Noite";"Decrescente";"Céu Claro";"Dupla";"Curva";"Sim";2;0;0;1;0;1;1;2;-22,6855068;-43,81303025;"SPRF-RJ";"DEL06-RJ";"UOP02-DEL06-RJ"
758915;2026-01-18;"domingo";"23:50:00";"TO";230;84,9;"CACHOEIRINHA";"Transitar na contramão";"Colisão frontal";"Com Vítimas Fatais";"Plena Noite";"Crescente";"Chuva";"Simples";"Reta";"Não";8;3;1;1;2;1;2;4;-6,08007855;-47,91327596;"SPRF-TO";"DEL02-TO";"UOP03-DEL02-TO"
758962;2026-01-22;"quinta-feira";"03:50:00";"MA";226;298;"BARRA DO CORDA";"Ultrapassagem Indevida";"Colisão lateral sentido oposto";"Com Vítimas Feridas";"Plena Noite";"Crescente";"Garoa/Chuvisco";"Simples";"Aclive";"Sim";3;0;1;0;1;1;1;3;-5,49829995;-45,23959035;"SPRF-MA";"DEL06-MA";"UOP01-DEL06-MA"
759158;2026-02-24;"terça-feira";"06:43:00";"PA";163;605;"NOVO PROGRESSO";"Pista esburacada";"Colisão lateral mesmo sentido";"Sem Vítimas";"Amanhecer";"Decrescente";"Céu Claro";"Simples";"Reta";"Sim";2;0;0;0;0;2;0;2;-7,0915706;-55,401009;"SPRF-PA";"DEL05-PA";"UOP03-DEL05-PA"
759163;2026-01-19;"segunda-feira";"22:00:00";"BA";116;564;"BREJOES";"Carga excessiva e/ou mal acondicionada";"Saída de leito carroçável";"Sem Vítimas";"Plena Noite";"Crescente";"Chuva";"Simples";"Curva";"Não";2;0;0;0;1;1;0;2;-12,99392;-39,95215;"SPRF-BA";"DEL03-BA";"UOP02-DEL03-BA"
759167;2026-02-08;"domingo";"04:18:00";"PA";163;375;"NOVO PROGRESSO";"Ultrapassagem Indevida";"Colisão lateral sentido oposto";"Com Vítimas Feridas";"Plena Noite";"Decrescente";"Céu Claro";"Simples";"Reta;Aclive";"Não";4;0;1;0;2;1;1;2;-6,5138863;-55,5385849;"SPRF-PA";"DEL05-PA";"UOP03-DEL05-PA"
759177;2026-02-20;"sexta-feira";"13:45:00";"BA";116;589;"IRAJUBA";"Problema com o freio";"Tombamento";"Com Vítimas Feridas";"Pleno dia";"Decrescente";"Sol";"Simples";"Reta;Declive";"Não";12;0;4;0;7;1;4;8;-13,17192614;-39,99844216;"SPRF-BA";"DEL03-BA";"UOP02-DEL03-BA"