"id";"data_inversa";"dia_semana";"horario";"uf";"br";"km";"municipio";"causa_acidente";"tipo_acidente";"classificacao_acidente";"fase_dia";"sentido_via";"condicao_metereologica";"tipo_pista";"tracado_via";"uso_solo";"pessoas";"mortos";"feridos_leves";"feridos_graves";"ilesos";"ignorados";"feridos";"veiculos";"latitude";"longitude";"regional";"delegacia";"uop"
759335;2026-01-29;"quinta-feira";"13:00:00";"PR";476;240,3;"LAPA";"Transitar na contramão";"Colisão frontal";"Com Vítimas Feridas";"Pleno dia";"Decrescente";"Chuva";"Simples";"Curva";"Não";6;0;0;4;2;0;4;2;-25,78258031;-49,8449707;"SPRF-PR";"DEL02-PR";"UOP03-DEL02-PR"
759383;2026-02-13;"sexta-feira";"05:40:00";"RS";386;22;"FREDERICO WESTPHALEN";"Transitar na contramão";"Colisão frontal";"Com Vítimas Fatais";"Amanhecer";"Crescente";"Nublado";"Simples";"Aclive;Curva";"Não";3;2;1;0;0;0;1;2;-27,27557244;-53,35492551;"SPRF-RS";"DEL08-RS";"UOP02-DEL08-RS"
759774;2026-02-10;"terça-feira";"06:00:00";"PR";116;112,9;"CURITIBA";"Reação tardia ou ineficiente do condutor";"Colisão traseira";"Com Vítimas Feridas";"Pleno dia";"Crescente";"Céu Claro";"Dupla";"Reta";"Não";2;0;1;0;1;0;1;2;-25,5494953;-49,28329317;"SPRF-PR";"DEL01-PR";"UOP03-DEL01-PR"
759804;2026-02-27;"sexta-feira";"20:18:00";"MG";381;935,5;"EXTREMA";"Reação tardia ou ineficiente do condutor";"Colisão lateral mesmo sentido";"Com Vítimas Feridas";"Plena Noite";"Crescente";"Céu Claro";"Dupla";"Curva;Declive";"Não";5;0;1;0;3;1;1;4;-22,80903959;-46,28002524;"SPRF-MG";"DEL16-MG";"UOP03-DEL16-MG"
744549;2026-01-09;"sexta-feira";"11:10:00";"ES";101;211,7;"IBIRACU";"Ausência de reação do condutor";"Colisão traseira";"Com Vítimas Fatais";"Pleno dia";"Decrescente";"Céu Claro";"Simples";"Reta";"Não";2;1;0;0;0;1;0;2;-19,814664;-40,366088;"SPRF-ES";"DEL02-ES";"UOP01-DEL02-ES"
746684;2026-01-19;"segunda-feira";"08:42:00";"PB";230;159;"CAMPINA GRANDE";"Ultrapassagem Indevida";"Colisão lateral mesmo sentido";"Com Vítimas Feridas";"Pleno dia";"Decrescente";"Céu Claro";"Dupla";"Desvio Temporário;Em Obras;Reta";"Sim";2;0;0;1;1;0;1;2;-7,253101;-35,932585;"SPRF-PB";"DEL02-PB";"UOP01-DEL02-PB"
747335;2026-01-22;"quinta-feira";"13:05:00";"RO";364;242,5;"CACOAL";"Demais falhas mecânicas ou elétricas";"Colisão com objeto";"Sem Vítimas";"Pleno dia";"Crescente";"Nublado";"Simples";"Reta;Declive";"Não";3;0;0;0;3;0;0;2;-11,440412;-61,492537;"SPRF-RO";"DEL02-RO";"UOP02-DEL02-RO"
747900;2026-01-25;"domingo";"06:00:00";"PB";230;165,7;"CAMPINA GRANDE";"Condutor deixou de manter distância do veículo da frente";"Colisão traseira";"Com Vítimas Feridas";"Pleno dia";"Crescente";"Nublado";"Simples";"Declive;Reta";"Sim";5;0;4;0;1;0;4;2;-7,20093;-35,952453;"SPRF-PB";"DEL02-PB";"UOP02-DEL02-PB"
747960;2026-01-25;"domingo";"17:54:00";"ES";101;277,4;"SERRA";"Demais falhas mecânicas ou elétricas";"Engavetamento";"Sem Vítimas";"Pleno dia";"Crescente";"Céu Claro";"Dupla";"Reta";"Não";4;0;0;0;2;2;0;4;-20,21496;-40,32358;"SPRF-ES";"DEL02-ES";"UOP01-DEL02-ES"
749936;2026-02-04;"quarta-feira";"05:50:00";"SE";101;117;"ITAPORANGA DAJUDA";"Ausência de reação do condutor";"Colisão traseira";"Com Vítimas Feridas";"Amanhecer";"Decrescente";"Céu Claro";"Dupla";"Reta";"Não";2;0;1;0;0;1;1;2;-11,0168416;-37,320441;"SPRF-SE";"DEL02-SE";"UOP01-DEL02-SE"
750969;2026-02-08;"domingo";"14:10:00";"BA";116;615;"JAGUAQUARA";"Ultrapassagem Indevida";"Colisão lateral mesmo sentido";"Com Vítimas Feridas";"Pleno dia";"Crescente";"Céu Claro";"Simples";"Reta;Declive";"Não";5;0;4;0;0;1;4;2;-13,48311873;-40,04241943;"SPRF-BA";"DEL03-BA";"UOP02-DEL03-BA"
752296;2026-02-14;"sábado";"10:45:00";"RO";319;140;"PORTO VELHO";"Condutor deixou de manter distância do veículo da frente";"Colisão traseira";"Com Vítimas Feridas";"Pleno dia";"Decrescente";"Nublado";"Múltipla";"Reta";"Sim";4;0;2;0;2;0;2;3;-8,74181539;-63,88953209;"SPRF-RO";"DEL01-RO";"UOP01-DEL01-RO"
753077;2026-02-18;"quarta-feira";"08:30:00";"CE";222;68;"SAO GONCALO DO AMARANTE";"Manobra de mudança de faixa";"Colisão frontal";"Com Vítimas Feridas";"Pleno dia";"Crescente";"Chuva";"Simples";"Reta";"Não";5;0;0;1;2;2;1;4;-3,671026;-39,196456;"SPRF-CE";"DEL01-CE";"UOP03-DEL01-CE"
754053;2026-02-22;"domingo";"22:10:00";"ES";101;57;"SAO MATEUS";"Reação tardia ou ineficiente do condutor";"Colisão traseira";"Sem Vítimas";"Plena Noite";"Crescente";"Céu Claro";"Simples";"Reta";"Não";3;0;0;0;3;0;0;2;-18,64894333;-39,87363195;"SPRF-ES";"DEL04-ES";"UOP02-DEL04-ES"
756558;2026-01-21;"quarta-feira";"13:00:00";"BA";116;422;"FEIRA DE SANTANA";"Ausência de reação do condutor";"Colisão lateral mesmo sentido";"Com Vítimas Feridas";"Pleno dia";"Decrescente";"Céu Claro";"Dupla";"Reta";"Não";3;0;0;2;0;1;2;2;-12,22809847;-38,96448825;"SPRF-BA";"DEL02-BA";"UOP01-DEL02-BA"
744009;2026-01-06;"terça-feira";"11:30:00";"PE";232;118;"CARUARU";"Ausência de reação do condutor";"Saída de leito carroçável";"Com Vítimas Feridas";"Pleno dia";"Crescente";"Céu Claro";"Dupla";"Declive;Reta";"Não";3;0;1;0;0;2;1;3;-8,29748777;-35,86410491;"SPRF-PE";"DEL02-PE";"UOP03-DEL02-PE"
744885;2026-01-10;"sábado";"21:35:00";"RJ";101;326;"NITEROI";"Demais falhas mecânicas ou elétricas";"Incêndio";"Sem Vítimas";"Plena Noite";"Decrescente";"Céu Claro";"Múltipla";"Reta";"Não";2;0;0;0;1;1;0;2;-22,870422;-43,1606381;"SPRF-RJ";"DEL02-RJ";"UOP01-DEL02-RJ"
747362;2026-01-22;"quinta-feira";"09:30:00";"RO";429;53,5;"ALVORADA DOESTE";"Ausência de reação do condutor";"Colisão traseira";"Com Vítimas Feridas";"Pleno dia";"Decrescente";"Nublado";"Dupla";"Aclive;Reta";"Sim";3;0;0;1;1;1;1;3;-11,362455;-62,301543;"SPRF-RO";"DEL02-RO";"UOP03-DEL02-RO"
748840;2026-01-29;"quinta-feira";"20:20:00";"PA";10;5,1;"DOM ELISEU";"Chuva";"Capotamento";"Com Vítimas Fatais";"Plena Noite";"Crescente";"Chuva";"Simples";"Curva;Aclive";"Não";4;1;2;0;0;1;2;2;-4,39944;-47,531287;"SPRF-PA";"DEL02-PA";"UOP02-DEL02-PA"
749198;2026-01-31;"sábado";"16:00:00";"SP";101;51;"UBATUBA";"Transitar na contramão";"Colisão transversal";"Sem Vítimas";"Pleno dia";"Decrescente";"Nublado";"Simples";"Reta";"Sim";3;0;0;0;2;1;0;3;-23,45567413;-45,07173434;"SPRF-SP";"DEL06-SP";"UOP01-DEL06-SP"
750434;2026-02-06;"sexta-feira";"05:10:00";"GO";80;379;"SAO MIGUEL DO ARAGUAIA";"Ausência de reação do condutor";"Colisão traseira";"Com Vítimas Fatais";"Amanhecer";"Crescente";"Céu Claro";"Simples";"Reta";"Não";4;1;0;0;1;2;0;4;-13,29924;-50,3146;"SPRF-GO";"DEL07-GO";"UOP01-DEL07-GO"
752647;2026-02-15;"domingo";"21:40:00";"GO";60;95;"ANAPOLIS";"Ingestão de álcool pelo condutor";"Queda de ocupante de veículo";"Com Vítimas Feridas";"Plena Noite";"Crescente";"Céu Claro";"Dupla";"Reta";"Sim";3;0;1;0;1;1;1;3;-16,368087;-48,939522;"SPRF-GO";"DEL02-GO";"UOP01-DEL02-GO"
754229;2026-02-23;"segunda-feira";"16:00:00";"RS";386;207;"VICTOR GRAEFF";"Pista esburacada";"Saída de leito carroçável";"Com Vítimas Feridas";"Pleno dia";"Crescente";"Céu Claro";"Simples";"Reta";"Não";3;0;2;0;0;2;2;3;-28,516662;-52,634054;"SPRF-RS";"DEL04-RS";"UOP03-DEL04-RS"
742954;2026-01-01;"quinta-feira";"06:50:00";"SC";101;283;"IMBITUBA";"Ingestão de álcool pelo condutor";"Colisão traseira";"Com Vítimas Feridas";"Pleno dia";"Crescente";"Céu Claro";"Dupla";"Reta";"Não";8;0;0;2;5;1;2;3;-28,22772627;-48,70170593;"SPRF-SC";"DEL02-SC";"UOP03-DEL02-SC"
743019;2026-01-01;"quinta-feira";"15:20:00";"GO";70;18;"COCALZINHO DE GOIAS";"Acessar a via sem observar a presença dos outros veículos";"Colisão lateral mesmo sentido";"Com Vítimas Feridas";"Pleno dia";"Decrescente";"Céu Claro";"Simples";"Declive;Reta";"Não";5;0;1;0;3;1;1;3;-15,747833;-48,352455;"SPRF-DF";"DEL03-DF";"UOP02-DEL03-DF"
743080;2026-01-01;"quinta-feira";"09:15:00";"PR";116;42;"CAMPINA GRANDE DO SUL";"Velocidade Incompatível";"Saída de leito carroçável";"Com Vítimas Feridas";"Pleno dia";"Crescente";"Garoa/Chuvisco";"Dupla";"Curva";"Não";6;0;1;0;4;1;1;2;-25,17692;-48,878041;"SPRF-PR";"DEL01-PR";"UOP02-DEL01-PR"
743192;2026-01-02;"sexta-feira";"11:18:00";"RO";364;239,3;"CACOAL";"Condutor deixou de manter distância do veículo da frente";"Colisão traseira";"Sem Vítimas";"Pleno dia";"Crescente";"Céu Claro";"Simples";"Declive";"Sim";3;0;0;0;2;1;0;3;-11,433172;-61,465673;"SPRF-RO";"DEL02-RO";"UOP02-DEL02-RO"
743710;2026-01-04;"domingo";"21:10:00";"ES";262;186,1;"IUNA";"Ingestão de álcool pelo condutor";"Colisão frontal";"Com Vítimas Fatais";"Plena Noite";"Crescente";"Chuva";"Simples";"Reta";"Não";4;1;0;1;1;1;1;3;-20,3090633;-41,7136733;"SPRF-ES";"DEL01-ES";"UOP02-DEL01-ES"
744119;2026-01-06;"terça-feira";"22:40:00";"GO";60;104,4;"GOIANAPOLIS";"Velocidade Incompatível";"Saída de leito carroçável";"Sem Vítimas";"Plena Noite";"Crescente";"Chuva";"Dupla";"Declive;Curva";"Não";3;0;0;0;2;1;0;2;-16,412743;-49,005373;"SPRF-GO";"DEL02-GO";"UOP01-DEL02-GO"
744174;2026-01-07;"quarta-feira";"10:56:00";"SC";116;0,9;"MAFRA";"Demais falhas mecânicas ou elétricas";"Colisão com objeto";"Sem Vítimas";"Pleno dia";"Crescente";"Céu Claro";"Simples";"Reta";"Sim";3;0;0;0;1;2;0;3;-26,11575909;-49,78696911;"SPRF-SC";"DEL06-SC";"UOP01-DEL06-SC"
744381;2026-01-08;"quinta-feira";"12:30:00";"ES";101;70;"SAO MATEUS";"Carga excessiva e/ou mal acondicionada";"Colisão lateral sentido oposto";"Com Vítimas Feridas";"Pleno dia";"Decrescente";"Céu Claro";"Simples";"Reta";"Não";4;0;1;0;2;1;1;4;-18,74829633;-39,86204021;"SPRF-ES";"DEL04-ES";"UOP02-DEL04-ES"
744386;2026-01-08;"quinta-feira";"10:10:00";"SC";101;379,7;"ICARA";"Transitar na contramão";"Colisão lateral sentido oposto";"Com Vítimas Feridas";"Pleno dia";"Decrescente";"Céu Claro";"Múltipla";"Curva";"Não";4;0;1;0;2;1;1;3;-28,75682863;-49,2800316;"SPRF-SC";"DEL02-SC";"UOP02-DEL02-SC"
744473;2026-01-08;"quinta-feira";"21:33:00";"SP";153;58,2;"SAO JOSE DO RIO PRETO";"Ingestão de álcool pelo condutor";"Colisão lateral mesmo sentido";"Sem Vítimas";"Plena Noite";"Crescente";"Céu Claro";"Dupla";"Reta";"Sim";6;0;0;0;5;1;0;3;-20,781322;-49,353444;"SPRF-SP";"DEL09-SP";"UOP01-DEL09-SP"
744673;2026-01-09;"sexta-feira";"21:00:00";"MT";163;758;"SORRISO";"Reação tardia ou ineficiente do condutor";"Colisão com objeto";"Com Vítimas Feridas";"Plena Noite";"Decrescente";"Céu Claro";"Dupla";"Curva";"Não";2;0;1;0;0;1;1;2;-12,50735115;-55,69256097;"SPRF-MT";"DEL06-MT";"UOP01-DEL06-MT"
745120;2026-01-11;"domingo";"23:00:00";"SC";101;214,5;"PALHOCA";"Ingestão de álcool pelo condutor";"Colisão traseira";"Sem Vítimas";"Plena Noite";"Crescente";"Nublado";"Múltipla";"Reta";"Sim";3;0;0;0;2;1;0;3;-27,64809;-48,6732;"SPRF-SC";"DEL01-SC";"UOP02-DEL01-SC"
745747;2026-01-15;"quinta-feira";"08:20:00";"RS";116;476;"TURUCU";"Ausência de reação do condutor";"Saída de leito carroçável";"Com Vítimas Feridas";"Pleno dia";"Crescente";"Céu Claro";"Simples";"Reta";"Não";2;0;1;0;0;1;1;2;-31,42131152;-52,17443705;"SPRF-RS";"DEL07-RS";"UOP01-DEL07-RS"
746013;2026-01-16;"sexta-feira";"12:40:00";"RS";468;48,9;"CORONEL BICACO";"Condutor Dormindo";"Saída de leito carroçável";"Com Vítimas Feridas";"Pleno dia";"Crescente";"Céu Claro";"Simples";"Reta";"Não";2;0;1;0;0;1;1;2;-27,77348139;-53,61448288;"SPRF-RS";"DEL08-RS";"UOP01-DEL08-RS"
746032;2026-01-16;"sexta-feira";"17:50:00";"RS";290;313;"CACAPAVA DO SUL";"Transitar no Acostamento";"Colisão transversal";"Sem Vítimas";"Pleno dia";"Crescente";"Nublado";"Simples";"Reta";"Não";4;0;0;0;3;1;0;3;-30,350734;-53,331155;"SPRF-RS";"DEL09-RS";"UOP02-DEL09-RS"
746376;2026-01-18;"domingo";"05:20:00";"GO";153;528;"HIDROLANDIA";"Condutor Dormindo";"Colisão traseira";"Sem Vítimas";"Plena Noite";"Crescente";"Chuva";"Dupla";"Declive;Reta";"Não";3;0;0;0;2;1;0;3;-16,947677;-49,248785;"SPRF-GO";"DEL01-GO";"UOP03-DEL01-GO"
746399;2026-01-18;"domingo";"08:20:00";"MG";381;491;"BETIM";"Entrada inopinada do pedestre";"Colisão transversal";"Com Vítimas Feridas";"Pleno dia";"Decrescente";"Chuva";"Dupla";"Interseção de Vias;Reta";"Não";3;0;0;1;1;1;1;3;-19,959823;-44,154519;"SPRF-MG";"DEL01-MG";"UOP03-DEL01-MG"
746650;2026-01-19;"segunda-feira";"08:15:00";"GO";60;109,5;"GOIANAPOLIS";"Reação tardia ou ineficiente do condutor";"Colisão lateral mesmo sentido";"Com Vítimas Feridas";"Pleno dia";"Crescente";"Nublado";"Dupla";"Reta";"Não";8;0;1;0;6;1;1;4;-16,44915459;-49,0278132;"SPRF-GO";"DEL01-GO";"UOP01-DEL01-GO"
746737;2026-01-19;"segunda-feira";"16:40:00";"MG";381;1;"BETIM";"Demais falhas mecânicas ou elétricas";"Colisão com objeto";"Com Vítimas Feridas";"Pleno dia";"Crescente";"Céu Claro";"Dupla";"Reta";"Sim";2;0;1;0;0;1;1;2;-19,9651016;-44,15867328;"SPRF-MG";"DEL01-MG";"UOP03-DEL01-MG"
747019;2026-01-21;"quarta-feira";"05:30:00";"MT";163;816;"SINOP";"Desvio temporário";"Colisão transversal";"Com Vítimas Feridas";"Amanhecer";"Decrescente";"Garoa/Chuvisco";"Simples";"Desvio Temporário";"Não";6;0;4;0;1;2;4;4;-12,028753;-55,517387;"SPRF-MT";"DEL06-MT";"UOP02-DEL06-MT"
747105;2026-01-21;"quarta-feira";"13:00:00";"SC";116;185,3;"SAO CRISTOVAO DO SUL";"Avarias e/ou desgaste excessivo no pneu";"Colisão com objeto";"Com Vítimas Feridas";"Pleno dia";"Decrescente";"Céu Claro";"Simples";"Declive;Curva";"Não";3;0;1;0;1;1;1;2;-27,305576;-50,419478;"SPRF-SC";"DEL05-SC";"UOP03-DEL05-SC"
747299;2026-01-22;"quinta-feira";"09:45:00";"PI";135;425;"REDENCAO DO GURGUEIA";"Manobra de mudança de faixa";"Colisão frontal";"Com Vítimas Feridas";"Pleno dia";"Decrescente";"Céu Claro";"Simples";"Curva;Declive";"Não";8;0;1;0;6;1;1;3;-9,508089;-44,740638;"SPRF-PI";"DEL03-PI";"UOP02-DEL03-PI"
747406;2026-01-22;"quinta-feira";"20:30:00";"MS";262;323;"CAMPO GRANDE";"Ausência de reação do condutor";"Colisão traseira";"Com Vítimas Feridas";"Plena Noite";"Decrescente";"Céu Claro";"Simples";"Reta";"Não";4;0;0;2;1;1;2;3;-20,46918;-54,5015;"SPRF-MS";"DEL01-MS";"UOP01-DEL01-MS"
747831;2026-01-24;"sábado";"20:20:00";"GO";414;410;"ABADIANIA";"Ingestão de álcool pelo condutor";"Colisão lateral mesmo sentido";"Sem Vítimas";"Plena Noite";"Crescente";"Céu Claro";"Simples";"Reta";"Não";3;0;0;0;1;2;0;3;-16,050928;-48,853298;"SPRF-GO";"DEL02-GO";"UOP01-DEL02-GO"
747866;2026-01-25;"domingo";"00:37:00";"PB";101;72;"SANTA RITA";"Ausência de reação do condutor";"Saída de leito carroçável";"Sem Vítimas";"Plena Noite";"Crescente";"Céu Claro";"Dupla";"Reta";"Não";2;0;0;0;0;2;0;2;-7,07299;-34,99619;"SPRF-PB";"DEL01-PB";"UOP03-DEL01-PB"
748176;2026-01-26;"segunda-feira";"16:04:00";"RN";226;4,5;"NATAL";"Pedestre cruzava a pista fora da faixa";"Atropelamento de Pedestre";"Com Vítimas Fatais";"Pleno dia";"Crescente";"Céu Claro";"Simples";"Reta";"Sim";3;1;0;0;1;1;0;3;-5,819468;-35,264915;"SPRF-RN";"DEL01-RN";"UOP02-DEL01-RN"
748304;2026-01-27;"terça-feira";"13:20:00";"SC";101;123;"ITAJAI";"Reação tardia ou ineficiente do condutor";"Colisão traseira";"Sem Vítimas";"Pleno dia";"Decrescente";"Céu Claro";"Dupla";"Reta";"Sim";5;0;0;0;4;1;0;3;-26,93440769;-48,70075576;"SPRF-SC";"DEL04-SC";"UOP04-DEL04-SC"
748321;2026-01-27;"terça-feira";"14:00:00";"MS";262;72;"TRES LAGOAS";"Avarias e/ou desgaste excessivo no pneu";"Colisão frontal";"Com Vítimas Feridas";"Pleno dia";"Crescente";"Chuva";"Simples";"Reta;Aclive";"Não";8;0;4;3;0;1;7;3;-20,66926217;-52,25607125;"SPRF-MS";"DEL07-MS";"UOP02-DEL07-MS"
749455;2026-02-01;"domingo";"21:35:00";"AL";101;77;"RIO LARGO";"Demais falhas mecânicas ou elétricas";"Tombamento";"Sem Vítimas";"Plena Noite";"Crescente";"Céu Claro";"Dupla";"Reta";"Sim";2;0;0;0;0;2;0;2;-9,42412675;-35,83893657;"SPRF-AL";"DEL01-AL";"UOP01-DEL01-AL"
749501;2026-02-02;"segunda-feira";"05:23:00";"RN";226;3;"NATAL";"Manobra de mudança de faixa";"Colisão frontal";"Com Vítimas Feridas";"Amanhecer";"Crescente";"Céu Claro";"Simples";"Reta";"Sim";5;0;0;3;1;1;3;4;-5,819803;-35,258573;"SPRF-RN";"DEL01-RN";"UOP02-DEL01-RN"
749709;2026-02-02;"segunda-feira";"19:40:00";"PI";135;619;"CRISTALANDIA DO PIAUI";"Transitar na contramão";"Colisão lateral sentido oposto";"Com Vítimas Fatais";"Plena Noite";"Crescente";"Céu Claro";"Simples";"Reta";"Não";4;1;0;0;2;1;0;4;-10,662558;-45,178223;"SPRF-PI";"DEL03-PI";"UOP02-DEL03-PI"
749770;2026-02-03;"terça-feira";"10:40:00";"TO";10;392;"PORTO NACIONAL";"Reação tardia ou ineficiente do condutor";"Colisão traseira";"Com Vítimas Feridas";"Pleno dia";"Crescente";"Garoa/Chuvisco";"Simples";"Reta";"Não";4;0;1;0;2;1;1;3;-10,76270777;-48,38374517;"SPRF-TO";"DEL01-TO";"UOP03-DEL01-TO"
749937;2026-02-03;"terça-feira";"18:10:00";"MG";40;142,3;"JOAO PINHEIRO";"Acessar a via sem observar a presença dos outros veículos";"Colisão transversal";"Com Vítimas Feridas";"Anoitecer";"Crescente";"Nublado";"Simples";"Reta";"Sim";3;0;0;1;1;1;1;3;-17,742144;-46,184242;"SPRF-MG";"DEL14-MG";"UOP01-DEL14-MG"
750005;2026-02-04;"quarta-feira";"13:00:00";"MG";262;825;"UBERABA";"Demais falhas mecânicas ou elétricas";"Capotamento";"Com Vítimas Feridas";"Pleno dia";"Decrescente";"Céu Claro";"Dupla";"Reta;Declive";"Não";2;0;1;0;0;1;1;2;-19,76465;-48,11254;"SPRF-MG";"DEL13-MG";"UOP01-DEL13-MG"
750400;2026-02-06;"sexta-feira";"10:50:00";"GO";70;6;"AGUAS LINDAS DE GOIAS";"Ausência de reação do condutor";"Colisão transversal";"Sem Vítimas";"Pleno dia";"Crescente";"Céu Claro";"Dupla";"Reta";"Sim";5;0;0;0;4;1;0;3;-15,74684065;-48,26601506;"SPRF-DF";"DEL03-DF";"UOP02-DEL03-DF"
750669;2026-02-07;"sábado";"11:00:00";"MA";222;160,9;"PRESIDENTE VARGAS";"Pista esburacada";"Colisão traseira";"Com Vítimas Feridas";"Pleno dia";"Crescente";"Nublado";"Simples";"Reta";"Não";10;0;3;0;6;1;3;4;-3,51064;-43,999065;"SPRF-MA";"DEL01-MA";"UOP02-DEL01-MA"
750691;2026-02-07;"sábado";"15:19:00";"BA";135;167;"BARREIRAS";"Transitar na contramão";"Colisão transversal";"Com Vítimas Feridas";"Pleno dia";"Decrescente";"Céu Claro";"Simples";"Reta";"Não";7;0;1;0;5;1;1;3;-12,071333;-44,967354;"SPRF-BA";"DEL10-BA";"UOP01-DEL10-BA"
750771;2026-02-07;"sábado";"20:28:00";"SC";101;64;"ARAQUARI";"Chuva";"Colisão com objeto";"Com Vítimas Feridas";"Plena Noite";"Decrescente";"Chuva";"Múltipla";"Reta";"Não";5;0;1;2;1;1;3;3;-26,46550197;-48,74926686;"SPRF-SC";"DEL03-SC";"UOP02-DEL03-SC"
751241;2026-02-09;"segunda-feira";"18:20:00";"PR";376;637;"TIJUCAS DO SUL";"Acessar a via sem observar a presença dos outros veículos";"Atropelamento de Pedestre";"Com Vítimas Feridas";"Anoitecer";"Crescente";"Nublado";"Dupla";"Reta;Declive";"Não";5;0;0;1;2;2;1;3;-25,76603;-49,124357;"SPRF-PR";"DEL01-PR";"UOP04-DEL01-PR"
751273;2026-02-09;"segunda-feira";"16:40:00";"MG";381;243;"SANTANA DO PARAISO";"Desrespeitar a preferência no cruzamento";"Colisão transversal";"Com Vítimas Feridas";"Anoitecer";"Decrescente";"Nublado";"Simples";"Reta";"Não";4;0;0;2;1;1;2;3;-19,43137877;-42,43375361;"SPRF-MG";"DEL06-MG";"UOP01-DEL06-MG"
751465;2026-02-10;"terça-feira";"19:30:00";"RO";364;522,3;"ARIQUEMES";"Reação tardia ou ineficiente do condutor";"Colisão traseira";"Com Vítimas Feridas";"Plena Noite";"Decrescente";"Céu Claro";"Simples";"Reta";"Não";4;0;0;1;2;1;1;3;-9,858475;-63,05847;"SPRF-RO";"DEL03-RO";"UOP01-DEL03-RO"
751854;2026-02-12;"quinta-feira";"16:25:00";"BA";415;19;"ILHEUS";"Demais falhas mecânicas ou elétricas";"Colisão com objeto";"Com Vítimas Feridas";"Pleno dia";"Decrescente";"Sol";"Simples";"Reta";"Não";4;0;1;0;2;1;1;3;-14,79095548;-39,11090769;"SPRF-BA";"DEL05-BA";"UOP01-DEL05-BA"
751871;2026-02-12;"quinta-feira";"20:30:00";"PR";376;213,3;"MANDAGUARI";"Ausência de reação do condutor";"Colisão lateral mesmo sentido";"Com Vítimas Feridas";"Plena Noite";"Crescente";"Nublado";"Dupla";"Curva;Aclive";"Não";3;0;1;0;1;1;1;3;-23,567762;-51,654706;"SPRF-PR";"DEL09-PR";"UOP01-DEL09-PR"
752200;2026-02-13;"sexta-feira";"23:30:00";"MT";364;311;"CAMPO VERDE";"Reação tardia ou ineficiente do condutor";"Colisão traseira";"Com Vítimas Feridas";"Plena Noite";"Crescente";"Nevoeiro/Neblina";"Simples";"Reta";"Não";2;0;1;0;0;1;1;2;-15,81087;-55,266473;"SPRF-MT";"DEL05-MT";"UOP02-DEL05-MT"
752248;2026-02-14;"sábado";"06:30:00";"SP";153;128,1;"UBARANA";"Condutor Dormindo";"Colisão lateral sentido oposto";"Com Vítimas Feridas";"Amanhecer";"Decrescente";"Céu Claro";"Simples";"Reta";"Não";4;0;2;0;1;1;2;3;-21,234359;-49,747165;"SPRF-SP";"DEL09-SP";"UOP01-DEL09-SP"
752290;2026-02-14;"sábado";"11:30:00";"MG";365;637;"UBERLANDIA";"Demais falhas mecânicas ou elétricas";"Colisão lateral mesmo sentido";"Sem Vítimas";"Pleno dia";"Decrescente";"Céu Claro";"Dupla";"Reta";"Sim";3;0;0;0;2;1;0;3;-18,889561;-48,439527;"SPRF-MG";"DEL15-MG";"UOP01-DEL15-MG"
752527;2026-02-07;"sábado";"13:00:00";"MS";267;347;"RIO BRILHANTE";"Demais falhas mecânicas ou elétricas";"Colisão lateral mesmo sentido";"Sem Vítimas";"Pleno dia";"Crescente";"Sol";"Simples";"Reta";"Não";5;0;0;0;4;1;0;3;-21,62494;-54,98671;"SPRF-MS";"DEL02-MS";"UOP02-DEL02-MS"
752841;2026-02-17;"terça-feira";"02:30:00";"MT";163;820;"SINOP";"Ausência de reação do condutor";"Saída de leito carroçável";"Sem Vítimas";"Plena Noite";"Decrescente";"Nublado";"Simples";"Reta";"Sim";2;0;0;0;0;2;0;2;-11,99106951;-55,51707779;"SPRF-MT";"DEL06-MT";"UOP02-DEL06-MT"
752939;2026-02-17;"terça-feira";"17:25:00";"GO";414;436,7;"ANAPOLIS";"Ingestão de álcool pelo condutor";"Colisão traseira";"Sem Vítimas";"Pleno dia";"Decrescente";"Céu Claro";"Simples";"Reta";"Sim";4;0;0;0;3;1;0;3;-16,252184;-48,93553;"SPRF-GO";"DEL02-GO";"UOP01-DEL02-GO"
753402;2026-02-19;"quinta-feira";"20:20:00";"ES";101;126,3;"SOORETAMA";"Condutor desrespeitou a iluminação vermelha do semáforo";"Colisão traseira";"Com Vítimas Feridas";"Plena Noite";"Crescente";"Céu Claro";"Múltipla";"Reta;Aclive;Interseção de Vias";"Sim";3;0;1;0;1;1;1;3;-19,19745441;-40,09540211;"SPRF-ES";"DEL04-ES";"UOP01-DEL04-ES"
753420;2026-02-19;"quinta-feira";"16:30:00";"GO";60;356;"RIO VERDE";"Avarias e/ou desgaste excessivo no pneu";"Saída de leito carroçável";"Com Vítimas Feridas";"Pleno dia";"Crescente";"Céu Claro";"Dupla";"Reta";"Não";7;0;3;0;3;1;3;2;-17,621575;-50,760077;"SPRF-GO";"DEL04-GO";"UOP02-DEL04-GO"
753457;2026-02-20;"sexta-feira";"05:50:00";"MG";365;390,2;"PATOS DE MINAS";"Reação tardia ou ineficiente do condutor";"Colisão transversal";"Com Vítimas Fatais";"Pleno dia";"Crescente";"Nevoeiro/Neblina";"Simples";"Interseção de Vias;Curva";"Não";6;1;0;2;2;1;2;3;-18,64099;-46,33499;"SPRF-MG";"DEL10-MG";"UOP01-DEL10-MG"
753568;2026-02-12;"quinta-feira";"20:53:00";"PE";316;363;"PETROLANDIA";"Deficiência do Sistema de Iluminação/Sinalização";"Colisão traseira";"Com Vítimas Fatais";"Plena Noite";"Crescente";"Céu Claro";"Simples";"Reta";"Não";3;1;0;0;0;2;0;3;-8,950828;-38,224393;"SPRF-PE";"DEL04-PE";"UOP03-DEL04-PE"