"id";"data_inversa";"dia_semana";"horario";"uf";"br";"km";"municipio";"causa_acidente";"tipo_acidente";"classificacao_acidente";"fase_dia";"sentido_via";"condicao_metereologica";"tipo_pista";"tracado_via";"uso_solo";"pessoas";"mortos";"feridos_leves";"feridos_graves";"ilesos";"ignorados";"feridos";"veiculos";"latitude";"longitude";"regional";"delegacia";"uop"
753645;2026-02-20;"sexta-feira";"22:32:00";"GO";153;433;"ANAPOLIS";"Demais falhas mecânicas ou elétricas";"Saída de leito carroçável";"Com Vítimas Feridas";"Plena Noite";"Crescente";"Ignorado";"Dupla";"Reta";"Não";2;0;1;0;0;1;1;2;-16,284193;-48,951378;"SPRF-GO";"DEL02-GO";"UOP01-DEL02-GO"
754041;2026-02-20;"sexta-feira";"05:30:00";"RS";116;243;"SAO LEOPOLDO";"Manobra de mudança de faixa";"Colisão lateral mesmo sentido";"Sem Vítimas";"Amanhecer";"Crescente";"Céu Claro";"Múltipla";"Viaduto;Reta";"Sim";6;0;0;0;4;2;0;3;-29,72837874;-51,14930598;"SPRF-RS";"DEL01-RS";"UOP02-DEL01-RS"
754056;2026-02-22;"domingo";"22:09:00";"RS";290;16;"SANTO ANTONIO DA PATRULHA";"Acessar a via sem observar a presença dos outros veículos";"Colisão lateral mesmo sentido";"Sem Vítimas";"Plena Noite";"Crescente";"Céu Claro";"Múltipla";"Reta";"Sim";3;0;0;0;2;1;0;3;-29,88244761;-50,43815799;"SPRF-RS";"DEL03-RS";"UOP01-DEL03-RS"
754458;2026-02-24;"terça-feira";"16:03:00";"PB";230;265,9;"JUNCO DO SERIDO";"Ultrapassagem Indevida";"Colisão traseira";"Com Vítimas Feridas";"Pleno dia";"Decrescente";"Chuva";"Simples";"Reta";"Não";4;0;1;0;1;2;1;3;-6,96739;-36,762612;"SPRF-PB";"DEL03-PB";"UOP01-DEL03-PB"
754518;2026-02-25;"quarta-feira";"05:35:00";"MA";0;0;"IMPERATRIZ";"Iluminação deficiente";"Colisão traseira";"Sem Vítimas";"Amanhecer";"Não Informado";"Nevoeiro/Neblina";"Múltipla";"Reta";"Sim";5;0;0;0;4;1;0;3;-5,55668;-47,45584;"SPRF-MA";"DEL04-MA";"UOP01-DEL04-MA"
754589;2026-02-25;"quarta-feira";"12:50:00";"SC";101;324,1;"CAPIVARI DE BAIXO";"Ausência de reação do condutor";"Tombamento";"Com Vítimas Feridas";"Pleno dia";"Decrescente";"Nublado";"Múltipla";"Curva";"Não";4;0;2;0;1;1;2;3;-28,42451232;-48,93748514;"SPRF-SC";"DEL02-SC";"UOP01-DEL02-SC"
754603;2026-02-25;"quarta-feira";"13:50:00";"RO";319;141;"PORTO VELHO";"Manobra de mudança de faixa";"Colisão lateral mesmo sentido";"Sem Vítimas";"Pleno dia";"Decrescente";"Céu Claro";"Dupla";"Reta";"Sim";3;0;0;0;2;3;0;5;-8,74021895;-63,88986317;"SPRF-RO";"DEL01-RO";"UOP01-DEL01-RO"
754819;2026-02-26;"quinta-feira";"11:20:00";"MS";463;0,1;"DOURADOS";"Transitar na contramão";"Colisão lateral sentido oposto";"Com Vítimas Feridas";"Pleno dia";"Decrescente";"Céu Claro";"Simples";"Reta";"Sim";4;0;1;0;2;1;1;3;-22,2590386;-54,80578601;"SPRF-MS";"DEL04-MS";"UOP01-DEL04-MS"
755795;2026-02-13;"sexta-feira";"14:15:00";"SC";470;53,5;"BLUMENAU";"Reação tardia ou ineficiente do condutor";"Colisão transversal";"Com Vítimas Feridas";"Pleno dia";"Decrescente";"Nublado";"Simples";"Em Obras;Curva";"Sim";3;0;1;0;1;1;1;3;-26,87031514;-49,10616159;"SPRF-SC";"DEL04-SC";"UOP01-DEL04-SC"
758057;2026-02-02;"segunda-feira";"14:45:00";"GO";60;442;"JATAI";"Acumulo de água sobre o pavimento";"Saída de leito carroçável";"Com Vítimas Feridas";"Pleno dia";"Decrescente";"Garoa/Chuvisco";"Dupla";"Reta;Aclive";"Não";2;0;1;0;0;1;1;2;-17,843165;-51,455648;"SPRF-GO";"DEL05-GO";"UOP01-DEL05-GO"
742884;2026-01-01;"quinta-feira";"00:05:00";"SC";101;145;"ITAPEMA";"Reação tardia ou ineficiente do condutor";"Queda de ocupante de veículo";"Com Vítimas Feridas";"Plena Noite";"Crescente";"Nublado";"Dupla";"Reta";"Sim";1;0;1;0;0;0;1;1;-27,08476806;-48,60635638;"SPRF-SC";"DEL04-SC";"UOP03-DEL04-SC"
742885;2026-01-01;"quinta-feira";"00:20:00";"PR";376;639,3;"TIJUCAS DO SUL";"Ingestão de álcool pelo condutor";"Saída de leito carroçável";"Sem Vítimas";"Plena Noite";"Decrescente";"Nublado";"Dupla";"Reta;Aclive";"Não";1;0;0;0;1;0;0;1;-25,783081;-49,120916;"SPRF-PR";"DEL01-PR";"UOP04-DEL01-PR"
742888;2026-01-01;"quinta-feira";"00:05:00";"MG";262;108;"SANTO ANTONIO DO GRAMA";"Animais na Pista";"Atropelamento de Animal";"Sem Vítimas";"Plena Noite";"Decrescente";"Céu Claro";"Simples";"Curva";"Não";1;0;0;0;1;0;0;1;-20,27038974;-42,57027627;"SPRF-MG";"DEL03-MG";"UOP03-DEL03-MG"
742889;2026-01-01;"quinta-feira";"00:10:00";"PR";376;174,4;"MARINGA";"Manobra de mudança de faixa";"Colisão lateral mesmo sentido";"Com Vítimas Feridas";"Plena Noite";"Decrescente";"Céu Claro";"Dupla";"Interseção de Vias;Reta";"Sim";3;0;1;1;1;0;2;2;-23,4157461;-51,95414022;"SPRF-PR";"DEL09-PR";"UOP01-DEL09-PR"
742891;2026-01-01;"quinta-feira";"01:10:00";"SC";101;164;"TIJUCAS";"Velocidade Incompatível";"Colisão traseira";"Com Vítimas Feridas";"Plena Noite";"Crescente";"Nublado";"Dupla";"Ponte;Declive";"Sim";3;0;2;0;0;1;2;2;-27,24354098;-48,63071172;"SPRF-SC";"DEL04-SC";"UOP03-DEL04-SC"
742892;2026-01-01;"quinta-feira";"01:30:00";"MG";381;480;"CONTAGEM";"Ausência de reação do condutor";"Colisão traseira";"Sem Vítimas";"Plena Noite";"Decrescente";"Chuva";"Múltipla";"Curva";"Não";2;0;0;0;2;0;0;2;-19,95826078;-44,0581546;"SPRF-MG";"DEL01-MG";"UOP03-DEL01-MG"
742893;2026-01-01;"quinta-feira";"00:45:00";"PE";232;251;"ARCOVERDE";"Ausência de reação do condutor";"Colisão traseira";"Com Vítimas Feridas";"Plena Noite";"Crescente";"Céu Claro";"Simples";"Reta";"Sim";2;0;1;0;1;0;1;2;-8,42342;-37,05349;"SPRF-PE";"DEL04-PE";"UOP02-DEL04-PE"
742894;2026-01-01;"quinta-feira";"02:00:00";"PR";376;650;"TIJUCAS DO SUL";"Ausência de reação do condutor";"Queda de ocupante de veículo";"Com Vítimas Feridas";"Plena Noite";"Decrescente";"Garoa/Chuvisco";"Dupla";"Reta;Declive";"Não";1;0;1;0;0;0;1;1;-25,845107;-49,07222;"SPRF-PR";"DEL01-PR";"UOP04-DEL01-PR"
742896;2026-01-01;"quinta-feira";"01:45:00";"SP";153;113;"UBARANA";"Ausência de reação do condutor";"Saída de leito carroçável";"Sem Vítimas";"Plena Noite";"Decrescente";"Nublado";"Simples";"Reta;Aclive";"Não";1;0;0;0;0;1;0;1;-21,14714743;-49,70374553;"SPRF-SP";"DEL09-SP";"UOP01-DEL09-SP"
742898;2026-01-01;"quinta-feira";"03:10:00";"PR";369;165,7;"CAMBE";"Ingestão de álcool pelo condutor";"Capotamento";"Com Vítimas Feridas";"Plena Noite";"Decrescente";"Garoa/Chuvisco";"Dupla";"Reta";"Sim";1;0;1;0;0;0;1;1;-23,29586717;-51,30167714;"SPRF-PR";"DEL07-PR";"UOP01-DEL07-PR"
742899;2026-01-01;"quinta-feira";"03:20:00";"RS";290;178,1;"BUTIA";"Ingestão de álcool pelo condutor";"Saída de leito carroçável";"Com Vítimas Feridas";"Plena Noite";"Crescente";"Céu Claro";"Simples";"Reta";"Não";1;0;0;1;0;0;1;1;-30,135532;-51,9983988;"SPRF-RS";"DEL02-RS";"UOP03-DEL02-RS"
742900;2026-01-01;"quinta-feira";"03:00:00";"SC";101;440,7;"SANTA ROSA DO SUL";"Ausência de reação do condutor";"Saída de leito carroçável";"Com Vítimas Feridas";"Plena Noite";"Crescente";"Céu Claro";"Múltipla";"Reta";"Não";3;0;2;0;1;0;2;1;-29,127957;-49,682176;"SPRF-SC";"DEL02-SC";"UOP02-DEL02-SC"
742901;2026-01-01;"quinta-feira";"03:15:00";"PB";230;1;"CABEDELO";"Ingestão de álcool pelo condutor";"Saída de leito carroçável";"Sem Vítimas";"Amanhecer";"Crescente";"Céu Claro";"Simples";"Reta";"Sim";1;0;0;0;0;1;0;1;-6,976325;-34,83149;"SPRF-PB";"DEL01-PB";"UOP01-DEL01-PB"
742902;2026-01-01;"quinta-feira";"03:10:00";"SC";101;58;"ARAQUARI";"Chuva";"Queda de ocupante de veículo";"Com Vítimas Feridas";"Plena Noite";"Decrescente";"Chuva";"Múltipla";"Declive;Reta";"Não";2;0;2;0;0;0;2;1;-26,4395075;-48,80195014;"SPRF-SC";"DEL03-SC";"UOP02-DEL03-SC"
742905;2026-01-01;"quinta-feira";"03:30:00";"PR";277;664,4;"MATELANDIA";"Ausência de reação do condutor";"Saída de leito carroçável";"Com Vítimas Feridas";"Plena Noite";"Crescente";"Céu Claro";"Dupla";"Reta";"Não";1;0;1;0;0;0;1;1;-25,25335616;-53,99593441;"SPRF-PR";"DEL05-PR";"UOP02-DEL05-PR"
742906;2026-01-01;"quinta-feira";"02:40:00";"PE";232;172;"BELO JARDIM";"Animais na Pista";"Atropelamento de Animal";"Com Vítimas Feridas";"Amanhecer";"Decrescente";"Céu Claro";"Simples";"Reta";"Não";2;0;1;0;0;1;1;1;-8,338803;-36,363531;"SPRF-PE";"DEL03-PE";"UOP02-DEL03-PE"
742907;2026-01-01;"quinta-feira";"03:40:00";"PB";230;83;"CALDAS BRANDAO";"Acesso irregular";"Saída de leito carroçável";"Com Vítimas Fatais";"Plena Noite";"Crescente";"Céu Claro";"Dupla";"Curva";"Não";1;1;0;0;0;0;0;1;-7,16305203;-35,34746158;"SPRF-PB";"DEL01-PB";"UOP02-DEL01-PB"
742909;2026-01-01;"quinta-feira";"04:30:00";"SC";282;600,7;"CUNHA PORA";"Demais falhas mecânicas ou elétricas";"Incêndio";"Sem Vítimas";"Plena Noite";"Crescente";"Garoa/Chuvisco";"Simples";"Reta";"Não";1;0;0;0;1;0;0;1;-26,8107449;-53,1678675;"SPRF-SC";"DEL07-SC";"UOP02-DEL07-SC"
742910;2026-01-01;"quinta-feira";"05:00:00";"MG";381;816;"CAREACU";"Velocidade Incompatível";"Saída de leito carroçável";"Com Vítimas Feridas";"Amanhecer";"Decrescente";"Chuva";"Dupla";"Curva";"Não";5;0;5;0;0;0;5;1;-22,0381175;-45,6848563;"SPRF-MG";"DEL16-MG";"UOP02-DEL16-MG"
742911;2026-01-01;"quinta-feira";"04:10:00";"SC";470;86,2;"RODEIO";"Ausência de reação do condutor";"Colisão com objeto";"Com Vítimas Feridas";"Plena Noite";"Crescente";"Chuva";"Simples";"Interseção de Vias";"Não";1;0;1;0;0;0;1;1;-26,9494734;-49,35932994;"SPRF-SC";"DEL04-SC";"UOP01-DEL04-SC"
742912;2026-01-01;"quinta-feira";"04:10:00";"PR";376;591,8;"CURITIBA";"Ausência de reação do condutor";"Saída de leito carroçável";"Com Vítimas Feridas";"Amanhecer";"Decrescente";"Chuva";"Dupla";"Viaduto;Reta;Declive;Interseção de Vias";"Sim";2;0;1;0;1;0;1;1;-25,4299937;-49,3660954;"SPRF-PR";"DEL01-PR";"UOP06-DEL01-PR"
742914;2026-01-01;"quinta-feira";"05:30:00";"PR";277;111,9;"CURITIBA";"Ausência de reação do condutor";"Saída de leito carroçável";"Com Vítimas Feridas";"Pleno dia";"Decrescente";"Garoa/Chuvisco";"Dupla";"Curva";"Não";1;0;1;0;0;0;1;1;-25,438017;-49,36575;"SPRF-PR";"DEL03-PR";"UOP03-DEL03-PR"
742915;2026-01-01;"quinta-feira";"05:00:00";"MG";153;165,8;"COMENDADOR GOMES";"Condutor Dormindo";"Colisão com objeto";"Sem Vítimas";"Amanhecer";"Decrescente";"Céu Claro";"Simples";"Curva;Interseção de Vias";"Não";1;0;0;0;0;1;0;1;-19,6707261;-48,98735046;"SPRF-MG";"DEL13-MG";"UOP02-DEL13-MG"
742916;2026-01-01;"quinta-feira";"04:40:00";"RS";448;22;"PORTO ALEGRE";"Reação tardia ou ineficiente do condutor";"Colisão com objeto";"Com Vítimas Fatais";"Plena Noite";"Crescente";"Céu Claro";"Dupla";"Curva";"Não";1;1;0;0;0;0;0;1;-29,97326666;-51,19911187;"SPRF-RS";"DEL01-RS";"UOP01-DEL01-RS"
742917;2026-01-01;"quinta-feira";"02:50:00";"MG";381;478;"CONTAGEM";"Pedestre andava na pista";"Atropelamento de Pedestre";"Com Vítimas Feridas";"Plena Noite";"Decrescente";"Garoa/Chuvisco";"Dupla";"Reta";"Sim";2;0;0;1;0;1;1;2;-19,96222023;-44,03901386;"SPRF-MG";"DEL01-MG";"UOP03-DEL01-MG"
742918;2026-01-01;"quinta-feira";"05:00:00";"MG";381;492,4;"BETIM";"Ultrapassagem Indevida";"Colisão traseira";"Sem Vítimas";"Amanhecer";"Crescente";"Céu Claro";"Múltipla";"Reta";"Sim";3;0;0;0;3;0;0;2;-19,96190795;-44,16185653;"SPRF-MG";"DEL01-MG";"UOP03-DEL01-MG"
742919;2026-01-01;"quinta-feira";"04:00:00";"PE";232;191;"SANHARO";"Curva acentuada";"Capotamento";"Com Vítimas Feridas";"Pleno dia";"Crescente";"Céu Claro";"Simples";"Curva";"Sim";3;0;1;0;2;0;1;2;-8,368075;-36,568699;"SPRF-PE";"DEL03-PE";"UOP02-DEL03-PE"
742920;2026-01-01;"quinta-feira";"05:40:00";"RJ";465;18;"NOVA IGUACU";"Reação tardia ou ineficiente do condutor";"Queda de ocupante de veículo";"Com Vítimas Feridas";"Pleno dia";"Crescente";"Céu Claro";"Simples";"Reta";"Sim";1;0;1;0;0;0;1;1;-22,8333677;-43,61393313;"SPRF-RJ";"DEL06-RJ";"UOP02-DEL06-RJ"
742923;2026-01-01;"quinta-feira";"04:30:00";"AL";101;138;"SAO MIGUEL DOS CAMPOS";"Reação tardia ou ineficiente do condutor";"Atropelamento de Pedestre";"Com Vítimas Feridas";"Amanhecer";"Crescente";"Céu Claro";"Dupla";"Reta";"Sim";2;0;0;1;1;0;1;2;-9,79595726;-36,10885112;"SPRF-AL";"DEL02-AL";"UOP01-DEL02-AL"
742924;2026-01-01;"quinta-feira";"02:40:00";"SP";381;13;"BRAGANCA PAULISTA";"Reação tardia ou ineficiente do condutor";"Colisão lateral mesmo sentido";"Sem Vítimas";"Plena Noite";"Decrescente";"Céu Claro";"Dupla";"Declive;Reta";"Não";2;0;0;0;2;0;0;2;-22,9331141;-46,4696481;"SPRF-SP";"DEL03-SP";"UOP02-DEL03-SP"
742925;2026-01-01;"quinta-feira";"05:03:00";"RJ";40;123;"DUQUE DE CAXIAS";"Ausência de reação do condutor";"Colisão com objeto";"Com Vítimas Feridas";"Pleno dia";"Crescente";"Nublado";"Dupla";"Reta";"Sim";1;0;1;0;0;0;1;1;-22,8035423;-43,2902216;"SPRF-RJ";"DEL01-RJ";"UOP02-DEL01-RJ"
742926;2026-01-01;"quinta-feira";"05:00:00";"TO";10;453,7;"PALMAS";"Reação tardia ou ineficiente do condutor";"Colisão traseira";"Com Vítimas Fatais";"Amanhecer";"Crescente";"Céu Claro";"Dupla";"Reta";"Sim";3;2;0;0;1;0;0;2;-10,31339;-48,29715;"SPRF-TO";"DEL01-TO";"UOP03-DEL01-TO"
742927;2026-01-01;"quinta-feira";"05:30:00";"PR";277;77,8;"CURITIBA";"Reação tardia ou ineficiente do condutor";"Colisão com objeto";"Com Vítimas Feridas";"Amanhecer";"Crescente";"Garoa/Chuvisco";"Dupla";"Reta";"Sim";1;0;1;0;0;0;1;1;-25,48211826;-49,19388056;"SPRF-PR";"DEL01-PR";"UOP07-DEL01-PR"
742929;2026-01-01;"quinta-feira";"04:30:00";"GO";153;493;"GOIANIA";"Ingestão de álcool pelo condutor";"Colisão com objeto";"Com Vítimas Feridas";"Plena Noite";"Crescente";"Céu Claro";"Dupla";"Reta";"Sim";4;0;0;1;1;2;1;2;-16,6420207;-49,2084792;"SPRF-GO";"DEL01-GO";"UOP01-DEL01-GO"
742930;2026-01-01;"quinta-feira";"01:45:00";"MG";40;787;"JUIZ DE FORA";"Reação tardia ou ineficiente do condutor";"Tombamento";"Com Vítimas Feridas";"Plena Noite";"Decrescente";"Céu Claro";"Simples";"Curva";"Não";2;0;2;0;0;0;2;1;-21,73099876;-43,43689442;"SPRF-MG";"DEL05-MG";"UOP01-DEL05-MG"
742931;2026-01-01;"quinta-feira";"05:10:00";"SP";101;25;"UBATUBA";"Velocidade Incompatível";"Tombamento";"Com Vítimas Feridas";"Amanhecer";"Decrescente";"Céu Claro";"Simples";"Curva";"Não";1;0;1;0;0;0;1;1;-23,35596734;-44,9460125;"SPRF-SP";"DEL06-SP";"UOP01-DEL06-SP"
742933;2026-01-01;"quinta-feira";"05:50:00";"SC";282;646,1;"SAO MIGUEL DO OESTE";"Reação tardia ou ineficiente do condutor";"Saída de leito carroçável";"Com Vítimas Feridas";"Amanhecer";"Decrescente";"Nublado";"Simples";"Aclive;Rotatória;Curva";"Sim";1;0;1;0;0;0;1;1;-26,76184901;-53,49965751;"SPRF-SC";"DEL07-SC";"UOP03-DEL07-SC"
742935;2026-01-01;"quinta-feira";"06:30:00";"SC";101;202,5;"SAO JOSE";"Reação tardia ou ineficiente do condutor";"Queda de ocupante de veículo";"Com Vítimas Feridas";"Pleno dia";"Decrescente";"Céu Claro";"Múltipla";"Reta";"Sim";2;0;2;0;0;0;2;1;-27,56128;-48,61657;"SPRF-SC";"DEL01-SC";"UOP01-DEL01-SC"
742937;2026-01-01;"quinta-feira";"05:20:00";"PR";277;6,7;"PARANAGUA";"Reação tardia ou ineficiente do condutor";"Saída de leito carroçável";"Sem Vítimas";"Amanhecer";"Crescente";"Chuva";"Dupla";"Reta";"Sim";1;0;0;0;0;1;0;1;-25,560798;-48,583137;"SPRF-PR";"DEL01-PR";"UOP05-DEL01-PR"
742939;2026-01-01;"quinta-feira";"06:30:00";"GO";40;12,9;"LUZIANIA";"Ausência de reação do condutor";"Colisão traseira";"Sem Vítimas";"Amanhecer";"Crescente";"Céu Claro";"Dupla";"Reta";"Sim";2;0;0;0;1;1;0;2;-16,15114396;-47,93982804;"SPRF-DF";"DEL01-DF";"UOP01-DEL01-DF"
742940;2026-01-01;"quinta-feira";"06:30:00";"RS";285;287,6;"PASSO FUNDO";"Ingestão de álcool pelo condutor";"Saída de leito carroçável";"Com Vítimas Feridas";"Pleno dia";"Crescente";"Céu Claro";"Simples";"Reta";"Sim";2;0;2;0;0;0;2;1;-28,23695191;-52,33131409;"SPRF-RS";"DEL08-RS";"UOP03-DEL08-RS"
742941;2026-01-01;"quinta-feira";"07:00:00";"PR";277;36,7;"MORRETES";"Reação tardia ou ineficiente do condutor";"Tombamento";"Com Vítimas Feridas";"Pleno dia";"Crescente";"Nublado";"Dupla";"Curva";"Sim";1;0;1;0;0;0;1;1;-25,57271066;-48,84305472;"SPRF-PR";"DEL01-PR";"UOP05-DEL01-PR"
742944;2026-01-01;"quinta-feira";"06:42:00";"DF";20;43;"BRASILIA";"Ausência de reação do condutor";"Colisão traseira";"Com Vítimas Feridas";"Pleno dia";"Crescente";"Céu Claro";"Dupla";"Aclive;Reta";"Não";11;0;2;2;7;0;4;2;-15,56833987;-47,45052337;"SPRF-DF";"DEL02-DF";"UOP01-DEL02-DF"
742946;2026-01-01;"quinta-feira";"06:20:00";"MG";381;894;"CAMBUI";"Reação tardia ou ineficiente do condutor";"Colisão com objeto";"Com Vítimas Feridas";"Pleno dia";"Crescente";"Céu Claro";"Dupla";"Reta;Aclive";"Sim";1;0;0;1;0;0;1;1;-22,581183;-46,045806;"SPRF-MG";"DEL16-MG";"UOP01-DEL16-MG"
742948;2026-01-01;"quinta-feira";"00:30:00";"PR";116;8;"QUATRO BARRAS";"Velocidade Incompatível";"Tombamento";"Sem Vítimas";"Plena Noite";"Decrescente";"Garoa/Chuvisco";"Dupla";"Reta";"Sim";1;0;0;0;0;1;0;1;-25,37000747;-49,11821934;"SPRF-PR";"DEL01-PR";"UOP02-DEL01-PR"
742950;2026-01-01;"quinta-feira";"06:40:00";"MG";381;778;"CAMPANHA";"Ausência de reação do condutor";"Saída de leito carroçável";"Com Vítimas Feridas";"Pleno dia";"Decrescente";"Céu Claro";"Dupla";"Curva";"Não";1;0;1;0;0;0;1;1;-21,8044508;-45,4739252;"SPRF-MG";"DEL16-MG";"UOP02-DEL16-MG"
742951;2026-01-01;"quinta-feira";"07:20:00";"RS";285;367,8;"SALDANHA MARINHO";"Ausência de reação do condutor";"Colisão com objeto";"Sem Vítimas";"Pleno dia";"Crescente";"Nublado";"Simples";"Curva;Declive";"Não";1;0;0;0;1;0;0;1;-28,3870346;-53,04277388;"SPRF-RS";"DEL08-RS";"UOP03-DEL08-RS"
742952;2026-01-01;"quinta-feira";"08:30:00";"SC";101;200,7;"SAO JOSE";"Manobra de mudança de faixa";"Saída de leito carroçável";"Com Vítimas Feridas";"Pleno dia";"Crescente";"Céu Claro";"Múltipla";"Reta";"Sim";2;0;0;1;0;1;1;2;-27,54518;-48,6202;"SPRF-SC";"DEL01-SC";"UOP01-DEL01-SC"
742953;2026-01-01;"quinta-feira";"07:40:00";"MG";381;494;"BETIM";"Ingestão de álcool pelo condutor";"Colisão traseira";"Sem Vítimas";"Pleno dia";"Decrescente";"Céu Claro";"Múltipla";"Reta";"Sim";2;0;0;0;2;0;0;2;-19,96561;-44,17592;"SPRF-MG";"DEL01-MG";"UOP03-DEL01-MG"
742955;2026-01-01;"quinta-feira";"08:10:00";"PI";343;339,1;"TERESINA";"Manobra de mudança de faixa";"Colisão lateral mesmo sentido";"Sem Vítimas";"Pleno dia";"Decrescente";"Céu Claro";"Dupla";"Reta";"Sim";2;0;0;0;2;0;0;2;-5,068117;-42,732077;"SPRF-PI";"DEL01-PI";"UOP01-DEL01-PI"
742956;2026-01-01;"quinta-feira";"08:08:00";"BA";324;2;"FEIRA DE SANTANA";"Reação tardia ou ineficiente do condutor";"Colisão traseira";"Com Vítimas Feridas";"Pleno dia";"Decrescente";"Céu Claro";"Dupla";"Reta";"Sim";3;0;1;1;0;1;2;2;-12,28554184;-38,95336244;"SPRF-BA";"DEL02-BA";"UOP01-DEL02-BA"
742957;2026-01-01;"quinta-feira";"07:30:00";"MG";262;876,7;"CAMPO FLORIDO";"Acessar a via sem observar a presença dos outros veículos";"Colisão transversal";"Sem Vítimas";"Pleno dia";"Crescente";"Céu Claro";"Simples";"Reta;Interseção de Vias";"Sim";3;0;0;0;3;0;0;2;-19,76855;-48,57772;"SPRF-MG";"DEL13-MG";"UOP01-DEL13-MG"
742959;2026-01-01;"quinta-feira";"08:10:00";"MS";163;823;"SONORA";"Ingestão de álcool pelo condutor";"Saída de leito carroçável";"Sem Vítimas";"Pleno dia";"Crescente";"Céu Claro";"Dupla";"Reta";"Não";1;0;0;0;0;1;0;1;-17,722508;-54,75555;"SPRF-MS";"DEL06-MS";"UOP01-DEL06-MS"
742961;2026-01-01;"quinta-feira";"07:20:00";"PR";116;26;"GUARAQUECABA";"Pista Escorregadia";"Saída de leito carroçável";"Com Vítimas Feridas";"Pleno dia";"Decrescente";"Garoa/Chuvisco";"Simples";"Curva";"Não";2;0;1;0;1;0;1;1;-25,1125;-48,47638;"SPRF-PR";"DEL01-PR";"UOP02-DEL01-PR"
742962;2026-01-01;"quinta-feira";"06:25:00";"PE";407;119;"PETROLINA";"Ingestão de álcool pelo condutor";"Atropelamento de Pedestre";"Com Vítimas Fatais";"Pleno dia";"Crescente";"Céu Claro";"Simples";"Reta";"Sim";3;2;0;0;0;1;0;2;-9,34791333;-40,55405569;"SPRF-PE";"DEL06-PE";"UOP01-DEL06-PE"
742963;2026-01-01;"quinta-feira";"07:00:00";"PI";402;75;"LUIS CORREIA";"Ausência de reação do condutor";"Queda de ocupante de veículo";"Com Vítimas Feridas";"Pleno dia";"Crescente";"Céu Claro";"Simples";"Reta";"Sim";1;0;0;1;0;0;1;1;-3,083721;-41,447665;"SPRF-PI";"DEL05-PI";"UOP01-DEL05-PI"
742964;2026-01-01;"quinta-feira";"07:05:00";"PR";277;567,5;"CASCAVEL";"Ausência de reação do condutor";"Saída de leito carroçável";"Com Vítimas Feridas";"Pleno dia";"Decrescente";"Céu Claro";"Simples";"Reta";"Não";4;0;4;0;0;0;4;1;-25,043535;-53,253754;"SPRF-PR";"DEL04-PR";"UOP04-DEL04-PR"
742965;2026-01-01;"quinta-feira";"07:30:00";"RJ";101;391;"RIO DE JANEIRO";"Reação tardia ou ineficiente do condutor";"Colisão lateral mesmo sentido";"Com Vítimas Feridas";"Pleno dia";"Decrescente";"Céu Claro";"Dupla";"Reta";"Não";2;0;1;0;1;0;1;2;-22,88519;-43,71580124;"SPRF-RJ";"DEL03-RJ";"UOP01-DEL03-RJ"
742966;2026-01-01;"quinta-feira";"09:30:00";"SC";282;4,4;"SAO JOSE";"Reação tardia ou ineficiente do condutor";"Saída de leito carroçável";"Com Vítimas Feridas";"Pleno dia";"Crescente";"Céu Claro";"Múltipla";"Reta";"Sim";1;0;0;1;0;0;1;1;-27,59046411;-48,60807538;"SPRF-SC";"DEL01-SC";"UOP01-DEL01-SC"
742967;2026-01-01;"quinta-feira";"07:20:00";"PA";230;8;"ALTAMIRA";"Acessar a via sem observar a presença dos outros veículos";"Colisão transversal";"Com Vítimas Feridas";"Pleno dia";"Crescente";"Nublado";"Simples";"Reta";"Sim";3;0;3;0;0;0;3;2;-3,19224031;-52,2177136;"SPRF-PA";"DEL04-PA";"UOP01-DEL04-PA"
742968;2026-01-01;"quinta-feira";"08:10:00";"MA";135;20;"SAO LUIS";"Ausência de reação do condutor";"Colisão traseira";"Com Vítimas Feridas";"Pleno dia";"Decrescente";"Céu Claro";"Dupla";"Reta";"Sim";3;0;0;2;1;0;2;2;-2,56586257;-44,328284;"SPRF-MA";"DEL01-MA";"UOP01-DEL01-MA"
742970;2026-01-01;"quinta-feira";"03:29:00";"MT";364;467;"VARZEA GRANDE";"Ausência de reação do condutor";"Queda de ocupante de veículo";"Com Vítimas Feridas";"Plena Noite";"Crescente";"Céu Claro";"Simples";"Reta";"Não";1;0;1;0;0;0;1;1;-15,42346177;-56,3445425;"SPRF-MT";"DEL01-MT";"UOP02-DEL01-MT"
742972;2026-01-01;"quinta-feira";"09:10:00";"MS";163;739;"COXIM";"Ausência de reação do condutor";"Saída de leito carroçável";"Com Vítimas Feridas";"Pleno dia";"Decrescente";"Céu Claro";"Simples";"Aclive";"Não";1;0;1;0;0;0;1;1;-18,412;-54,681;"SPRF-MS";"DEL06-MS";"UOP01-DEL06-MS"
742973;2026-01-01;"quinta-feira";"09:45:00";"MA";316;421,3;"PERITORO";"Condutor Dormindo";"Colisão com objeto";"Com Vítimas Feridas";"Pleno dia";"Decrescente";"Nublado";"Simples";"Ponte";"Não";1;0;1;0;0;0;1;1;-4,356755;-44,362925;"SPRF-MA";"DEL03-MA";"UOP01-DEL03-MA"
742974;2026-01-01;"quinta-feira";"07:34:00";"MG";365;748;"ITUIUTABA";"Ausência de reação do condutor";"Queda de ocupante de veículo";"Com Vítimas Feridas";"Pleno dia";"Crescente";"Céu Claro";"Simples";"Aclive;Curva";"Não";1;0;0;1;0;0;1;1;-18,94827014;-49,76660013;"SPRF-MG";"DEL15-MG";"UOP03-DEL15-MG"
742976;2026-01-01;"quinta-feira";"11:23:00";"RS";290;250;"CACHOEIRA DO SUL";"Demais falhas mecânicas ou elétricas";"Tombamento";"Com Vítimas Feridas";"Pleno dia";"Crescente";"Céu Claro";"Simples";"Reta";"Não";2;0;2;0;0;0;2;1;-30,2372701;-52,7253892;"SPRF-RS";"DEL02-RS";"UOP03-DEL02-RS"