"id";"data_inversa";"dia_semana";"horario";"uf";"br";"km";"municipio";"causa_acidente";"tipo_acidente";"classificacao_acidente";"fase_dia";"sentido_via";"condicao_metereologica";"tipo_pista";"tracado_via";"uso_solo";"pessoas";"mortos";"feridos_leves";"feridos_graves";"ilesos";"ignorados";"feridos";"veiculos";"latitude";"longitude";"regional";"delegacia";"uop"
743191;2026-01-02;"sexta-feira";"11:30:00";"GO";60;370;"RIO VERDE";"Reação tardia ou ineficiente do condutor";"Saída de leito carroçável";"Com Vítimas Feridas";"Pleno dia";"Crescente";"Sol";"Dupla";"Reta";"Não";1;0;1;0;0;0;1;1;-17,707847;-50,85008;"SPRF-GO";"DEL04-GO";"UOP02-DEL04-GO"
743195;2026-01-02;"sexta-feira";"09:30:00";"SP";116;93;"PINDAMONHANGABA";"Ausência de reação do condutor";"Queda de ocupante de veículo";"Com Vítimas Feridas";"Pleno dia";"Decrescente";"Céu Claro";"Dupla";"Reta";"Não";1;0;1;0;0;0;1;1;-22,96029007;-45,41851044;"SPRF-SP";"DEL08-SP";"UOP01-DEL08-SP"
743196;2026-01-02;"sexta-feira";"12:40:00";"PA";155;289;"ELDORADO DO CARAJAS";"Manobra de mudança de faixa";"Colisão frontal";"Com Vítimas Feridas";"Pleno dia";"Decrescente";"Céu Claro";"Simples";"Reta";"Não";5;0;0;3;2;0;3;2;-5,81926;-49,19179;"SPRF-PA";"DEL03-PA";"UOP01-DEL03-PA"
743198;2026-01-02;"sexta-feira";"09:45:00";"SC";470;289,8;"BRUNOPOLIS";"Acessar a via sem observar a presença dos outros veículos";"Colisão transversal";"Com Vítimas Feridas";"Pleno dia";"Crescente";"Céu Claro";"Simples";"Reta;Interseção de Vias";"Não";12;0;4;2;6;0;6;3;-27,335427;-50,960018;"SPRF-SC";"DEL07-SC";"UOP06-DEL07-SC"
743199;2026-01-02;"sexta-feira";"13:18:00";"RJ";101;396;"RIO DE JANEIRO";"Condutor deixou de manter distância do veículo da frente";"Colisão traseira";"Com Vítimas Feridas";"Pleno dia";"Crescente";"Sol";"Dupla";"Reta";"Sim";2;0;1;0;1;0;1;2;-22,87787169;-43,7351869;"SPRF-RJ";"DEL03-RJ";"UOP01-DEL03-RJ"
743200;2026-01-02;"sexta-feira";"13:30:00";"ES";101;370,7;"ANCHIETA";"Desrespeitar a preferência no cruzamento";"Colisão transversal";"Com Vítimas Feridas";"Pleno dia";"Decrescente";"Céu Claro";"Simples";"Interseção de Vias;Rotatória;Em Obras";"Sim";11;0;4;0;7;0;4;3;-20,77099135;-40,76370835;"SPRF-ES";"DEL03-ES";"UOP01-DEL03-ES"
743201;2026-01-02;"sexta-feira";"13:50:00";"SC";101;93,8;"BARRA VELHA";"Reação tardia ou ineficiente do condutor";"Tombamento";"Com Vítimas Feridas";"Pleno dia";"Decrescente";"Céu Claro";"Dupla";"Reta";"Não";1;0;1;0;0;0;1;1;-26,69830876;-48,69887352;"SPRF-SC";"DEL03-SC";"UOP02-DEL03-SC"
743202;2026-01-02;"sexta-feira";"13:23:00";"PE";101;49;"ABREU E LIMA";"Manobra de mudança de faixa";"Colisão lateral mesmo sentido";"Com Vítimas Feridas";"Pleno dia";"Crescente";"Céu Claro";"Dupla";"Curva";"Sim";2;0;1;0;1;0;1;2;-7,90131117;-34,90183523;"SPRF-PE";"DEL01-PE";"UOP02-DEL01-PE"
743203;2026-01-02;"sexta-feira";"14:00:00";"SC";101;93,8;"BARRA VELHA";"Condutor deixou de manter distância do veículo da frente";"Colisão lateral mesmo sentido";"Com Vítimas Feridas";"Pleno dia";"Crescente";"Sol";"Dupla";"Reta";"Não";3;0;2;0;1;0;2;2;-26,70298613;-48,70003223;"SPRF-SC";"DEL03-SC";"UOP02-DEL03-SC"
743204;2026-01-02;"sexta-feira";"08:50:00";"SC";282;640;"DESCANSO";"Ausência de reação do condutor";"Saída de leito carroçável";"Com Vítimas Feridas";"Pleno dia";"Decrescente";"Chuva";"Simples";"Declive;Curva";"Não";2;0;2;0;0;0;2;1;-26,78182077;-53,46123219;"SPRF-SC";"DEL07-SC";"UOP03-DEL07-SC"
743205;2026-01-02;"sexta-feira";"10:45:00";"SP";116;112,9;"TAUBATE";"Reação tardia ou ineficiente do condutor";"Colisão traseira";"Com Vítimas Feridas";"Pleno dia";"Decrescente";"Céu Claro";"Dupla";"Reta";"Sim";2;0;1;0;1;0;1;2;-23,0452699;-45,5851477;"SPRF-SP";"DEL02-SP";"UOP02-DEL02-SP"
743208;2026-01-02;"sexta-feira";"13:00:00";"GO";20;243;"GUARANI DE GOIAS";"Ausência de reação do condutor";"Saída de leito carroçável";"Sem Vítimas";"Pleno dia";"Decrescente";"Nublado";"Simples";"Reta";"Não";1;0;0;0;0;1;0;1;-14,0200219;-46,22772217;"SPRF-DF";"DEL02-DF";"UOP03-DEL02-DF"
743209;2026-01-02;"sexta-feira";"13:50:00";"RN";101;81,7;"NATAL";"Condutor desrespeitou a iluminação vermelha do semáforo";"Colisão lateral mesmo sentido";"Com Vítimas Feridas";"Pleno dia";"Decrescente";"Céu Claro";"Dupla";"Interseção de Vias";"Sim";3;0;2;0;1;0;2;2;-5,766743;-35,277598;"SPRF-RN";"DEL02-RN";"UOP01-DEL02-RN"
743210;2026-01-02;"sexta-feira";"13:20:00";"RJ";101;329;"RIO DE JANEIRO";"Demais falhas mecânicas ou elétricas";"Queda de ocupante de veículo";"Com Vítimas Feridas";"Pleno dia";"Crescente";"Céu Claro";"Múltipla";"Reta";"Sim";2;0;1;0;1;0;1;1;-22,86822249;-43,1859684;"SPRF-RJ";"DEL02-RJ";"UOP01-DEL02-RJ"
743212;2026-01-02;"sexta-feira";"14:43:00";"PE";101;44;"IGARASSU";"Condutor deixou de manter distância do veículo da frente";"Colisão traseira";"Com Vítimas Feridas";"Pleno dia";"Decrescente";"Céu Claro";"Múltipla";"Reta";"Sim";2;0;1;0;1;0;1;2;-7,86423204;-34,90724444;"SPRF-PE";"DEL01-PE";"UOP02-DEL01-PE"
743213;2026-01-02;"sexta-feira";"12:00:00";"DF";20;25;"BRASILIA";"Avarias e/ou desgaste excessivo no pneu";"Saída de leito carroçável";"Com Vítimas Feridas";"Pleno dia";"Crescente";"Garoa/Chuvisco";"Dupla";"Reta";"Não";3;0;1;0;2;0;1;1;-15,595502;-47,649407;"SPRF-DF";"DEL02-DF";"UOP01-DEL02-DF"
743214;2026-01-02;"sexta-feira";"13:30:00";"PR";376;659,8;"TIJUCAS DO SUL";"Condutor deixou de manter distância do veículo da frente";"Colisão com objeto";"Com Vítimas Feridas";"Pleno dia";"Decrescente";"Céu Claro";"Simples";"Curva;Aclive";"Não";2;0;1;0;1;0;1;1;-25,84699846;-49,01219241;"SPRF-PR";"DEL01-PR";"UOP04-DEL01-PR"
743217;2026-01-02;"sexta-feira";"14:50:00";"SC";280;23,8;"ARAQUARI";"Trafegar com motocicleta (ou similar) entre as faixas";"Colisão transversal";"Com Vítimas Feridas";"Pleno dia";"Crescente";"Chuva";"Simples";"Reta";"Não";2;0;1;0;1;0;1;2;-26,376852;-48,718798;"SPRF-SC";"DEL03-SC";"UOP03-DEL03-SC"
743218;2026-01-02;"sexta-feira";"14:30:00";"MG";40;636,1;"CONSELHEIRO LAFAIETE";"Demais falhas mecânicas ou elétricas";"Incêndio";"Sem Vítimas";"Pleno dia";"Crescente";"Céu Claro";"Simples";"Reta";"Não";1;0;0;0;0;1;0;1;-20,71238;-43,79496;"SPRF-MG";"DEL05-MG";"UOP02-DEL05-MG"
743219;2026-01-02;"sexta-feira";"06:00:00";"MT";364;465;"JANGADA";"Reação tardia ou ineficiente do condutor";"Saída de leito carroçável";"Com Vítimas Feridas";"Amanhecer";"Decrescente";"Céu Claro";"Simples";"Curva";"Não";2;0;1;1;0;0;2;1;-15,30438609;-56,43573761;"SPRF-MT";"DEL01-MT";"UOP02-DEL01-MT"
743220;2026-01-02;"sexta-feira";"15:15:00";"PB";230;36,3;"SANTA RITA";"Entrada inopinada do pedestre";"Atropelamento de Pedestre";"Com Vítimas Feridas";"Pleno dia";"Crescente";"Céu Claro";"Dupla";"Aclive;Curva";"Sim";2;0;1;0;0;1;1;2;-7,14177359;-34,97519204;"SPRF-PB";"DEL01-PB";"UOP02-DEL01-PB"
743222;2026-01-01;"quinta-feira";"02:20:00";"PR";153;461;"PORTO VITORIA";"Velocidade Incompatível";"Capotamento";"Com Vítimas Feridas";"Plena Noite";"Decrescente";"Garoa/Chuvisco";"Simples";"Curva";"Não";2;0;1;0;1;0;1;1;-26,22860145;-51,14065647;"SPRF-PR";"DEL02-PR";"UOP03-DEL02-PR"
743224;2026-01-02;"sexta-feira";"15:15:00";"PR";116;44;"CAMPINA GRANDE DO SUL";"Reação tardia ou ineficiente do condutor";"Saída de leito carroçável";"Sem Vítimas";"Pleno dia";"Decrescente";"Céu Claro";"Dupla";"Curva";"Não";2;0;0;0;2;0;0;1;-25,19359668;-48,88870653;"SPRF-PR";"DEL01-PR";"UOP02-DEL01-PR"
743225;2026-01-02;"sexta-feira";"13:10:00";"MT";364;51;"ALTO GARCAS";"Reação tardia ou ineficiente do condutor";"Saída de leito carroçável";"Com Vítimas Feridas";"Pleno dia";"Crescente";"Chuva";"Simples";"Declive;Curva";"Não";2;0;2;0;0;0;2;1;-16,99746;-53,50255;"SPRF-MT";"DEL02-MT";"UOP02-DEL02-MT"
743226;2026-01-02;"sexta-feira";"13:10:00";"GO";153;664;"GOIATUBA";"Reação tardia ou ineficiente do condutor";"Saída de leito carroçável";"Com Vítimas Feridas";"Pleno dia";"Decrescente";"Céu Claro";"Dupla";"Reta";"Não";4;0;3;1;0;0;4;1;-18,08481445;-49,270311;"SPRF-GO";"DEL03-GO";"UOP02-DEL03-GO"
743228;2026-01-02;"sexta-feira";"12:20:00";"SC";282;136,8;"BOM RETIRO";"Conversão proibida";"Colisão transversal";"Com Vítimas Feridas";"Pleno dia";"Decrescente";"Céu Claro";"Simples";"Reta";"Não";5;0;5;0;0;0;5;2;-27,82124316;-49,56530062;"SPRF-SC";"DEL05-SC";"UOP01-DEL05-SC"
743230;2026-01-02;"sexta-feira";"14:10:00";"BA";116;380;"SANTA BARBARA";"Ultrapassagem Indevida";"Colisão frontal";"Com Vítimas Feridas";"Pleno dia";"Decrescente";"Céu Claro";"Simples";"Reta";"Não";4;0;0;4;0;0;4;2;-11,89581625;-38,98164332;"SPRF-BA";"DEL02-BA";"UOP01-DEL02-BA"
743231;2026-01-02;"sexta-feira";"15:00:00";"RS";153;50;"ERECHIM";"Transitar na contramão";"Colisão frontal";"Com Vítimas Feridas";"Pleno dia";"Decrescente";"Céu Claro";"Simples";"Declive;Reta";"Sim";2;0;1;0;1;0;1;2;-27,65620503;-52,27213232;"SPRF-RS";"DEL08-RS";"UOP04-DEL08-RS"
743232;2026-01-02;"sexta-feira";"13:00:00";"MG";116;277;"TEOFILO OTONI";"Ultrapassagem Indevida";"Colisão lateral mesmo sentido";"Com Vítimas Feridas";"Pleno dia";"Crescente";"Céu Claro";"Simples";"Reta";"Sim";4;0;1;1;2;0;2;2;-17,8603;-41,515263;"SPRF-MG";"DEL11-MG";"UOP01-DEL11-MG"
743234;2026-01-02;"sexta-feira";"15:20:00";"MS";163;159;"JUTI";"Ausência de reação do condutor";"Colisão traseira";"Sem Vítimas";"Pleno dia";"Crescente";"Nublado";"Simples";"Aclive";"Não";6;0;0;0;6;0;0;2;-22,925162;-54,50443;"SPRF-MS";"DEL09-MS";"UOP01-DEL09-MS"
743235;2026-01-02;"sexta-feira";"16:30:00";"SP";101;52;"UBATUBA";"Retorno proibido";"Colisão transversal";"Com Vítimas Feridas";"Pleno dia";"Crescente";"Garoa/Chuvisco";"Simples";"Curva";"Sim";3;0;1;0;2;0;1;2;-23,46615407;-45,06230084;"SPRF-SP";"DEL06-SP";"UOP01-DEL06-SP"
743236;2026-01-02;"sexta-feira";"17:10:00";"GO";40;1,4;"VALPARAISO DE GOIAS";"Ausência de reação do condutor";"Engavetamento";"Sem Vítimas";"Pleno dia";"Crescente";"Nublado";"Dupla";"Reta";"Sim";3;0;0;0;3;0;0;3;-16,063281;-47,983562;"SPRF-DF";"DEL01-DF";"UOP01-DEL01-DF"
743237;2026-01-02;"sexta-feira";"15:30:00";"MG";381;526,5;"BRUMADINHO";"Velocidade Incompatível";"Colisão com objeto";"Com Vítimas Feridas";"Pleno dia";"Decrescente";"Chuva";"Dupla";"Curva";"Não";2;0;1;0;1;0;1;1;-20,16767902;-44,33262348;"SPRF-MG";"DEL04-MG";"UOP03-DEL04-MG"
743238;2026-01-02;"sexta-feira";"14:25:00";"MG";116;531;"CARATINGA";"Ausência de reação do condutor";"Colisão lateral sentido oposto";"Com Vítimas Feridas";"Pleno dia";"Crescente";"Céu Claro";"Simples";"Curva";"Não";6;0;2;1;3;0;3;2;-19,828907;-42,1391175;"SPRF-MG";"DEL06-MG";"UOP02-DEL06-MG"
743239;2026-01-02;"sexta-feira";"16:53:00";"PR";376;665,7;"GUARATUBA";"Avarias e/ou desgaste excessivo no pneu";"Tombamento";"Com Vítimas Feridas";"Pleno dia";"Crescente";"Sol";"Simples";"Declive;Curva";"Não";2;0;2;0;0;0;2;1;-25,8643572;-48,9498005;"SPRF-PR";"DEL01-PR";"UOP04-DEL01-PR"
743240;2026-01-02;"sexta-feira";"15:45:00";"MG";381;929,8;"ITAPEVA";"Velocidade Incompatível";"Colisão com objeto";"Com Vítimas Fatais";"Pleno dia";"Crescente";"Nublado";"Dupla";"Curva";"Não";1;1;0;0;0;0;0;1;-22,77103847;-46,23699099;"SPRF-MG";"DEL16-MG";"UOP03-DEL16-MG"
743241;2026-01-02;"sexta-feira";"16:20:00";"RJ";101;382;"RIO DE JANEIRO";"Ausência de reação do condutor";"Colisão lateral mesmo sentido";"Com Vítimas Feridas";"Pleno dia";"Decrescente";"Céu Claro";"Dupla";"Reta";"Não";5;0;2;0;3;0;2;3;-22,87313506;-43,60691277;"SPRF-RJ";"DEL03-RJ";"UOP01-DEL03-RJ"
743243;2026-01-02;"sexta-feira";"18:15:00";"ES";101;137,5;"LINHARES";"Ingestão de álcool pelo condutor";"Saída de leito carroçável";"Com Vítimas Feridas";"Plena Noite";"Decrescente";"Céu Claro";"Simples";"Curva";"Não";2;0;2;0;0;0;2;1;-19,29836289;-40,08473053;"SPRF-ES";"DEL04-ES";"UOP01-DEL04-ES"
743244;2026-01-02;"sexta-feira";"17:10:00";"CE";116;257,6;"ALTO SANTO";"Avarias e/ou desgaste excessivo no pneu";"Saída de leito carroçável";"Com Vítimas Feridas";"Pleno dia";"Crescente";"Céu Claro";"Simples";"Reta";"Não";4;0;3;1;0;0;4;1;-5,550117;-38,407706;"SPRF-CE";"DEL03-CE";"UOP01-DEL03-CE"
743246;2026-01-02;"sexta-feira";"17:40:00";"PR";376;624,2;"SAO JOSE DOS PINHAIS";"Condutor deixou de manter distância do veículo da frente";"Colisão traseira";"Com Vítimas Feridas";"Pleno dia";"Decrescente";"Nublado";"Dupla";"Reta";"Sim";3;0;2;0;1;0;2;2;-25,65553535;-49,15627096;"SPRF-PR";"DEL01-PR";"UOP04-DEL01-PR"
743247;2026-01-02;"sexta-feira";"17:55:00";"SC";101;227,6;"PALHOCA";"Acumulo de areia ou detritos sobre o pavimento";"Tombamento";"Com Vítimas Feridas";"Anoitecer";"Crescente";"Céu Claro";"Simples";"Interseção de Vias;Retorno Regulamentado;Curva";"Não";2;0;1;1;0;0;2;1;-27,7549;-48,63352;"SPRF-SC";"DEL01-SC";"UOP02-DEL01-SC"
743248;2026-01-02;"sexta-feira";"18:15:00";"RS";116;263;"CANOAS";"Condutor desrespeitou a iluminação vermelha do semáforo";"Colisão transversal";"Com Vítimas Feridas";"Pleno dia";"Crescente";"Céu Claro";"Dupla";"Interseção de Vias;Reta";"Não";2;0;1;0;1;0;1;2;-29,90400831;-51,17688831;"SPRF-RS";"DEL01-RS";"UOP01-DEL01-RS"
743249;2026-01-02;"sexta-feira";"17:45:00";"SC";282;81;"CAMPOS NOVOS";"Demais falhas mecânicas ou elétricas";"Incêndio";"Sem Vítimas";"Pleno dia";"Decrescente";"Céu Claro";"Simples";"Curva";"Não";1;0;0;0;1;0;0;1;-27,35980016;-51,27752046;"SPRF-SC";"DEL01-SC";"UOP03-DEL01-SC"
743250;2026-01-02;"sexta-feira";"18:00:00";"RS";285;460,2;"IJUI";"Acessar a via sem observar a presença dos outros veículos";"Colisão transversal";"Com Vítimas Feridas";"Pleno dia";"Decrescente";"Sol";"Simples";"Em Obras;Aclive;Reta;Interseção de Vias";"Não";3;0;1;1;1;0;2;2;-28,41861714;-53,91643524;"SPRF-RS";"DEL10-RS";"UOP01-DEL10-RS"
743253;2026-01-02;"sexta-feira";"18:20:00";"MG";381;630,5;"OLIVEIRA";"Reação tardia ou ineficiente do condutor";"Saída de leito carroçável";"Com Vítimas Feridas";"Anoitecer";"Crescente";"Chuva";"Dupla";"Declive;Curva";"Não";3;0;3;0;0;0;3;1;-20,829414;-44,817462;"SPRF-MG";"DEL04-MG";"UOP01-DEL04-MG"
743254;2026-01-02;"sexta-feira";"18:20:00";"RS";153;43,3;"ERECHIM";"Demais falhas mecânicas ou elétricas";"Colisão com objeto";"Com Vítimas Feridas";"Pleno dia";"Crescente";"Céu Claro";"Simples";"Reta";"Sim";1;0;1;0;0;0;1;1;-27,61296665;-52,23966535;"SPRF-RS";"DEL08-RS";"UOP04-DEL08-RS"
743256;2026-01-02;"sexta-feira";"18:10:00";"PE";232;4;"RECIFE";"Curva acentuada";"Tombamento";"Com Vítimas Feridas";"Plena Noite";"Decrescente";"Céu Claro";"Simples";"Retorno Regulamentado;Curva";"Sim";2;0;1;0;1;0;1;1;-8,09626;-34,94954;"SPRF-PE";"DEL01-PE";"UOP01-DEL01-PE"
743260;2026-01-02;"sexta-feira";"17:02:00";"RO";364;239,2;"CACOAL";"Ingestão de álcool pelo condutor";"Colisão lateral mesmo sentido";"Sem Vítimas";"Pleno dia";"Crescente";"Nublado";"Simples";"Curva;Declive";"Sim";5;0;0;0;5;0;0;2;-11,43320105;-61,46521211;"SPRF-RO";"DEL02-RO";"UOP02-DEL02-RO"
743261;2026-01-02;"sexta-feira";"18:30:00";"ES";101;101,5;"JAGUARE";"Ultrapassagem Indevida";"Colisão lateral mesmo sentido";"Com Vítimas Feridas";"Plena Noite";"Decrescente";"Céu Claro";"Simples";"Reta;Aclive";"Não";3;0;0;1;0;2;1;3;-18,9945166;-40,00220474;"SPRF-ES";"DEL04-ES";"UOP02-DEL04-ES"
743262;2026-01-02;"sexta-feira";"17:00:00";"MG";116;787,1;"LEOPOLDINA";"Demais falhas mecânicas ou elétricas";"Colisão com objeto";"Com Vítimas Feridas";"Pleno dia";"Crescente";"Céu Claro";"Simples";"Reta";"Não";1;0;1;0;0;0;1;1;-21,65449656;-42,71716118;"SPRF-MG";"DEL07-MG";"UOP01-DEL07-MG"
743263;2026-01-02;"sexta-feira";"18:43:00";"PE";101;78,7;"JABOATAO DOS GUARARAPES";"Pedestre cruzava a pista fora da faixa";"Atropelamento de Pedestre";"Com Vítimas Feridas";"Plena Noite";"Decrescente";"Céu Claro";"Dupla";"Reta";"Sim";3;0;0;3;0;0;3;2;-8,139348;-34,946915;"SPRF-PE";"DEL01-PE";"UOP01-DEL01-PE"
743264;2026-01-02;"sexta-feira";"16:10:00";"MG";381;932;"EXTREMA";"Ausência de reação do condutor";"Saída de leito carroçável";"Com Vítimas Feridas";"Pleno dia";"Decrescente";"Chuva";"Dupla";"Curva";"Não";1;0;1;0;0;0;1;1;-22,79264626;-46,25049368;"SPRF-MG";"DEL16-MG";"UOP03-DEL16-MG"
743265;2026-01-02;"sexta-feira";"16:05:00";"MG";381;877;"ESTIVA";"Chuva";"Saída de leito carroçável";"Com Vítimas Feridas";"Pleno dia";"Decrescente";"Chuva";"Dupla";"Aclive;Curva";"Não";4;0;1;1;2;0;2;1;-22,439183;-45,98459;"SPRF-MG";"DEL16-MG";"UOP01-DEL16-MG"
743267;2026-01-02;"sexta-feira";"13:45:00";"MG";116;526,8;"CARATINGA";"Transtornos Mentais (exceto suicidio)";"Atropelamento de Pedestre";"Com Vítimas Feridas";"Pleno dia";"Decrescente";"Céu Claro";"Simples";"Reta";"Sim";2;0;0;1;1;0;1;2;-19,7879859;-42,13570118;"SPRF-MG";"DEL06-MG";"UOP02-DEL06-MG"
743268;2026-01-02;"sexta-feira";"15:00:00";"RJ";116;215;"SEROPEDICA";"Demais falhas mecânicas ou elétricas";"Atropelamento de Pedestre";"Com Vítimas Feridas";"Pleno dia";"Crescente";"Nublado";"Dupla";"Reta;Aclive";"Não";3;0;2;0;1;0;2;2;-22,70998634;-43,73601437;"SPRF-RJ";"DEL06-RJ";"UOP02-DEL06-RJ"
743270;2026-01-02;"sexta-feira";"15:15:00";"MG";381;226;"BELO ORIENTE";"Transitar na contramão";"Colisão transversal";"Com Vítimas Fatais";"Pleno dia";"Crescente";"Céu Claro";"Simples";"Reta;Interseção de Vias";"Não";2;1;0;0;1;0;0;2;-19,336988;-42,425358;"SPRF-MG";"DEL06-MG";"UOP01-DEL06-MG"
743273;2026-01-02;"sexta-feira";"19:00:00";"SC";101;146;"ITAPEMA";"Trafegar com motocicleta (ou similar) entre as faixas";"Colisão lateral mesmo sentido";"Com Vítimas Feridas";"Anoitecer";"Decrescente";"Céu Claro";"Dupla";"Reta";"Sim";2;0;1;0;1;0;1;2;-27,08724528;-48,61018745;"SPRF-SC";"DEL04-SC";"UOP03-DEL04-SC"
743274;2026-01-02;"sexta-feira";"17:30:00";"PR";116;53;"CAMPINA GRANDE DO SUL";"Chuva";"Saída de leito carroçável";"Com Vítimas Feridas";"Pleno dia";"Crescente";"Chuva";"Dupla";"Curva;Declive";"Não";1;0;1;0;0;0;1;1;-25,257251;-48,913383;"SPRF-PR";"DEL01-PR";"UOP02-DEL01-PR"
743276;2026-01-02;"sexta-feira";"15:30:00";"MG";381;568,3;"ITAGUARA";"Acumulo de água sobre o pavimento";"Saída de leito carroçável";"Com Vítimas Feridas";"Pleno dia";"Crescente";"Chuva";"Dupla";"Curva";"Não";1;0;1;0;0;0;1;1;-20,40223732;-44,51007843;"SPRF-MG";"DEL04-MG";"UOP03-DEL04-MG"
743277;2026-01-02;"sexta-feira";"20:45:00";"RS";386;342,6;"LAJEADO";"Velocidade Incompatível";"Tombamento";"Com Vítimas Feridas";"Plena Noite";"Crescente";"Nublado";"Múltipla";"Reta";"Sim";1;0;1;0;0;0;1;1;-29,43458423;-52,00588552;"SPRF-RS";"DEL04-RS";"UOP01-DEL04-RS"
743278;2026-01-02;"sexta-feira";"20:00:00";"RJ";101;192;"CASIMIRO DE ABREU";"Condutor deixou de manter distância do veículo da frente";"Colisão traseira";"Sem Vítimas";"Plena Noite";"Crescente";"Chuva";"Múltipla";"Reta";"Não";2;0;0;0;2;0;0;2;-22,47546857;-42,08846061;"SPRF-RJ";"DEL08-RJ";"UOP04-DEL08-RJ"
743279;2026-01-02;"sexta-feira";"19:00:00";"ES";101;120,4;"LINHARES";"Reação tardia ou ineficiente do condutor";"Queda de ocupante de veículo";"Com Vítimas Feridas";"Plena Noite";"Crescente";"Céu Claro";"Simples";"Reta";"Não";2;0;2;0;0;0;2;1;-19,1476921;-40,0770645;"SPRF-ES";"DEL04-ES";"UOP01-DEL04-ES"
743281;2026-01-02;"sexta-feira";"17:30:00";"AL";316;269,3;"SATUBA";"Transitar no Acostamento";"Atropelamento de Pedestre";"Com Vítimas Feridas";"Pleno dia";"Decrescente";"Céu Claro";"Simples";"Reta;Ponte";"Sim";2;0;0;1;0;1;1;2;-9,57645;-35,832686;"SPRF-AL";"DEL02-AL";"UOP01-DEL02-AL"
743285;2026-01-02;"sexta-feira";"19:40:00";"SP";116;71;"APARECIDA";"Acessar a via sem observar a presença dos outros veículos";"Atropelamento de Pedestre";"Com Vítimas Fatais";"Plena Noite";"Crescente";"Céu Claro";"Dupla";"Reta";"Sim";2;1;0;0;1;0;0;2;-22,85099488;-45,22734102;"SPRF-SP";"DEL08-SP";"UOP01-DEL08-SP"
743286;2026-01-02;"sexta-feira";"18:20:00";"GO";70;305,7;"ITAPIRAPUA";"Ausência de reação do condutor";"Colisão traseira";"Com Vítimas Feridas";"Anoitecer";"Decrescente";"Nublado";"Simples";"Reta";"Não";2;0;0;1;0;1;1;2;-15,856768;-50,75756;"SPRF-GO";"DEL04-GO";"UOP02-DEL04-GO"
743287;2026-01-02;"sexta-feira";"18:50:00";"SC";470;322,8;"CAMPOS NOVOS";"Ultrapassagem Indevida";"Colisão lateral sentido oposto";"Com Vítimas Feridas";"Anoitecer";"Decrescente";"Céu Claro";"Simples";"Reta";"Não";3;0;2;0;1;0;2;2;-27,43758382;-51,2442255;"SPRF-SC";"DEL07-SC";"UOP06-DEL07-SC"
743289;2026-01-02;"sexta-feira";"21:05:00";"PI";316;3,4;"TERESINA";"Condutor desrespeitou a iluminação vermelha do semáforo";"Colisão transversal";"Sem Vítimas";"Plena Noite";"Decrescente";"Nublado";"Múltipla";"Viaduto;Interseção de Vias";"Sim";2;0;0;0;2;0;0;2;-5,13574;-42,789233;"SPRF-PI";"DEL01-PI";"UOP02-DEL01-PI"
743291;2026-01-02;"sexta-feira";"21:10:00";"GO";60;172,4;"ABADIA DE GOIAS";"Mal súbito do condutor";"Queda de ocupante de veículo";"Com Vítimas Feridas";"Plena Noite";"Crescente";"Chuva";"Dupla";"Reta";"Não";1;0;1;0;0;0;1;1;-16,75014158;-49,42872159;"SPRF-GO";"DEL01-GO";"UOP02-DEL01-GO"
743292;2026-01-02;"sexta-feira";"21:40:00";"RJ";101;75;"CAMPOS DOS GOYTACAZES";"Entrada inopinada do pedestre";"Atropelamento de Pedestre";"Com Vítimas Feridas";"Plena Noite";"Decrescente";"Chuva";"Simples";"Curva";"Sim";5;0;1;0;4;0;1;2;-21,81719;-41,3979;"SPRF-RJ";"DEL08-RJ";"UOP02-DEL08-RJ"
743295;2026-01-02;"sexta-feira";"20:30:00";"RO";364;426,1;"JARU";"Pedestre cruzava a pista fora da faixa";"Atropelamento de Pedestre";"Com Vítimas Feridas";"Plena Noite";"Crescente";"Chuva";"Múltipla";"Reta;Aclive";"Sim";2;0;1;0;1;0;1;2;-10,43220422;-62,47981424;"SPRF-RO";"DEL03-RO";"UOP02-DEL03-RO"
743296;2026-01-02;"sexta-feira";"20:15:00";"MT";364;501;"ROSARIO OESTE";"Demais falhas na via";"Queda de ocupante de veículo";"Com Vítimas Feridas";"Plena Noite";"Decrescente";"Céu Claro";"Simples";"Reta";"Não";1;0;1;0;0;0;1;1;-15,13513514;-56,51905176;"SPRF-MT";"DEL01-MT";"UOP01-DEL01-MT"
743298;2026-01-02;"sexta-feira";"22:50:00";"RS";386;47,3;"SEBERI";"Pista esburacada";"Queda de ocupante de veículo";"Com Vítimas Feridas";"Plena Noite";"Decrescente";"Céu Claro";"Simples";"Reta";"Sim";2;0;2;0;0;0;2;1;-27,46551;-53,40471;"SPRF-RS";"DEL08-RS";"UOP02-DEL08-RS"
743299;2026-01-02;"sexta-feira";"20:50:00";"SC";101;138;"BALNEARIO CAMBORIU";"Reação tardia ou ineficiente do condutor";"Colisão traseira";"Com Vítimas Feridas";"Plena Noite";"Decrescente";"Nublado";"Múltipla";"Reta";"Sim";2;0;1;0;1;0;1;2;-27,018053;-48,610484;"SPRF-SC";"DEL04-SC";"UOP03-DEL04-SC"
743301;2026-01-02;"sexta-feira";"21:50:00";"CE";116;482,2;"MILAGRES";"Ingestão de álcool pelo condutor";"Colisão frontal";"Com Vítimas Feridas";"Plena Noite";"Decrescente";"Céu Claro";"Simples";"Reta";"Não";2;0;0;1;1;0;1;2;-7,317638;-38,938073;"SPRF-CE";"DEL05-CE";"UOP03-DEL05-CE"