"id";"data_inversa";"dia_semana";"horario";"uf";"br";"km";"municipio";"causa_acidente";"tipo_acidente";"classificacao_acidente";"fase_dia";"sentido_via";"condicao_metereologica";"tipo_pista";"tracado_via";"uso_solo";"pessoas";"mortos";"feridos_leves";"feridos_graves";"ilesos";"ignorados";"feridos";"veiculos";"latitude";"longitude";"regional";"delegacia";"uop"
743302;2026-01-02;"sexta-feira";"23:40:00";"RJ";101;332;"RIO DE JANEIRO";"Avarias e/ou desgaste excessivo no pneu";"Queda de ocupante de veículo";"Com Vítimas Feridas";"Plena Noite";"Crescente";"Nublado";"Dupla";"Reta";"Sim";2;0;0;1;1;0;1;1;-22,88043237;-43,21275633;"SPRF-RJ";"DEL02-RJ";"UOP01-DEL02-RJ"
743303;2026-01-02;"sexta-feira";"20:30:00";"MT";174;106;"CACERES";"Manobra de mudança de faixa";"Colisão lateral mesmo sentido";"Com Vítimas Feridas";"Plena Noite";"Crescente";"Céu Claro";"Simples";"Reta";"Não";5;0;2;0;3;0;2;2;-15,8256734;-57,925184;"SPRF-MT";"DEL03-MT";"UOP01-DEL03-MT"
743304;2026-01-02;"sexta-feira";"23:45:00";"RJ";465;16;"SEROPEDICA";"Ausência de reação do condutor";"Tombamento";"Com Vítimas Feridas";"Plena Noite";"Decrescente";"Nublado";"Simples";"Reta";"Não";1;0;1;0;0;0;1;1;-22,7147776;-43,7223424;"SPRF-RJ";"DEL06-RJ";"UOP02-DEL06-RJ"
743305;2026-01-03;"sábado";"01:20:00";"ES";101;47,9;"CONCEICAO DA BARRA";"Reação tardia ou ineficiente do condutor";"Tombamento";"Com Vítimas Feridas";"Plena Noite";"Crescente";"Nublado";"Simples";"Reta";"Não";1;0;1;0;0;0;1;1;-18,56714489;-39,89810143;"SPRF-ES";"DEL04-ES";"UOP02-DEL04-ES"
743306;2026-01-03;"sábado";"01:20:00";"RJ";116;193;"NOVA IGUACU";"Ausência de reação do condutor";"Queda de ocupante de veículo";"Com Vítimas Fatais";"Plena Noite";"Crescente";"Céu Claro";"Dupla";"Reta";"Sim";2;1;1;0;0;0;1;1;-22,73977319;-43,53057861;"SPRF-RJ";"DEL06-RJ";"UOP01-DEL06-RJ"
743308;2026-01-03;"sábado";"01:17:00";"PE";101;66;"RECIFE";"Ausência de reação do condutor";"Colisão transversal";"Com Vítimas Feridas";"Plena Noite";"Crescente";"Céu Claro";"Dupla";"Reta;Viaduto";"Sim";2;0;0;1;1;0;1;2;-8,0393;-34,94205;"SPRF-PE";"DEL01-PE";"UOP01-DEL01-PE"
743309;2026-01-03;"sábado";"01:40:00";"SP";116;5,7;"QUELUZ";"Objeto estático sobre o leito carroçável";"Colisão traseira";"Com Vítimas Feridas";"Plena Noite";"Decrescente";"Nublado";"Dupla";"Reta";"Sim";2;0;1;0;1;0;1;2;-22,53081678;-44,75071123;"SPRF-SP";"DEL08-SP";"UOP02-DEL08-SP"
743310;2026-01-03;"sábado";"02:00:00";"PR";277;473,9;"NOVA LARANJEIRAS";"Condutor Dormindo";"Saída de leito carroçável";"Sem Vítimas";"Plena Noite";"Crescente";"Céu Claro";"Simples";"Declive;Curva";"Não";1;0;0;0;1;0;0;1;-25,31437632;-52,52675428;"SPRF-PR";"DEL04-PR";"UOP02-DEL04-PR"
743311;2026-01-03;"sábado";"01:40:00";"CE";20;281,5;"CANINDE";"Pista esburacada";"Tombamento";"Com Vítimas Fatais";"Plena Noite";"Crescente";"Céu Claro";"Simples";"Reta";"Não";2;1;0;0;0;1;0;2;-4,566972;-39,359225;"SPRF-CE";"DEL02-CE";"UOP01-DEL02-CE"
743313;2026-01-02;"sexta-feira";"21:55:00";"GO";153;257;"SAO LUIZ DO NORTE";"Ingestão de álcool pelo condutor";"Saída de leito carroçável";"Sem Vítimas";"Plena Noite";"Crescente";"Nublado";"Simples";"Reta";"Não";1;0;0;0;1;0;0;1;-14,98196;-49,398422;"SPRF-GO";"DEL07-GO";"UOP02-DEL07-GO"
743314;2026-01-03;"sábado";"03:00:00";"SC";101;79,7;"ARAQUARI";"Ausência de reação do condutor";"Colisão com objeto";"Com Vítimas Feridas";"Plena Noite";"Decrescente";"Nevoeiro/Neblina";"Dupla";"Curva";"Não";2;0;1;0;1;0;1;2;-26,59556907;-48,72249842;"SPRF-SC";"DEL03-SC";"UOP02-DEL03-SC"
743315;2026-01-03;"sábado";"01:30:00";"TO";226;2,9;"AGUIARNOPOLIS";"Ausência de reação do condutor";"Colisão com objeto";"Com Vítimas Feridas";"Plena Noite";"Crescente";"Nublado";"Simples";"Reta;Aclive";"Não";2;0;2;0;0;0;2;1;-6,565477;-47,483445;"SPRF-TO";"DEL02-TO";"UOP03-DEL02-TO"
743316;2026-01-03;"sábado";"01:25:00";"SC";470;285,8;"BRUNOPOLIS";"Pedestre andava na pista";"Atropelamento de Pedestre";"Com Vítimas Fatais";"Plena Noite";"Decrescente";"Céu Claro";"Simples";"Aclive;Reta";"Não";10;1;0;0;7;2;0;3;-27,32798859;-50,92416286;"SPRF-SC";"DEL07-SC";"UOP06-DEL07-SC"
743317;2026-01-03;"sábado";"03:30:00";"SC";101;431;"SOMBRIO";"Demais falhas mecânicas ou elétricas";"Colisão com objeto";"Sem Vítimas";"Plena Noite";"Decrescente";"Nevoeiro/Neblina";"Múltipla";"Declive";"Não";1;0;0;0;0;1;0;1;-29,04912358;-49,61941838;"SPRF-SC";"DEL02-SC";"UOP02-DEL02-SC"
743318;2026-01-02;"sexta-feira";"21:20:00";"PI";135;580;"CORRENTE";"Ausência de reação do condutor";"Saída de leito carroçável";"Com Vítimas Fatais";"Plena Noite";"Crescente";"Nublado";"Simples";"Reta";"Não";1;1;0;0;0;0;0;1;-10,356497;-45,166967;"SPRF-PI";"DEL03-PI";"UOP02-DEL03-PI"
743319;2026-01-03;"sábado";"03:15:00";"MG";381;859;"POUSO ALEGRE";"Velocidade Incompatível";"Colisão com objeto";"Sem Vítimas";"Plena Noite";"Decrescente";"Nublado";"Dupla";"Reta";"Não";1;0;0;0;0;1;0;1;-22,31556478;-45,90430498;"SPRF-MG";"DEL16-MG";"UOP01-DEL16-MG"
743320;2026-01-03;"sábado";"03:00:00";"SC";470;88,5;"ASCURRA";"Velocidade Incompatível";"Saída de leito carroçável";"Sem Vítimas";"Plena Noite";"Crescente";"Nublado";"Simples";"Curva";"Sim";1;0;0;0;1;0;0;1;-26,95904452;-49,37559955;"SPRF-SC";"DEL04-SC";"UOP01-DEL04-SC"
743321;2026-01-03;"sábado";"05:00:00";"SC";470;67,3;"INDAIAL";"Retorno proibido";"Colisão lateral sentido oposto";"Com Vítimas Feridas";"Amanhecer";"Crescente";"Céu Claro";"Simples";"Interseção de Vias;Reta";"Sim";3;0;2;0;1;0;2;2;-26,8738052;-49,233427;"SPRF-SC";"DEL04-SC";"UOP01-DEL04-SC"
743322;2026-01-03;"sábado";"05:00:00";"MG";381;374,3;"SAO GONCALO DO RIO ABAIXO";"Condutor Dormindo";"Colisão traseira";"Com Vítimas Feridas";"Amanhecer";"Crescente";"Nublado";"Simples";"Retorno Regulamentado;Reta";"Sim";7;0;1;0;6;0;1;2;-19,83554793;-43,3483386;"SPRF-MG";"DEL01-MG";"UOP01-DEL01-MG"
743323;2026-01-03;"sábado";"05:50:00";"MG";40;522;"CONTAGEM";"Condutor Dormindo";"Colisão transversal";"Com Vítimas Feridas";"Amanhecer";"Crescente";"Céu Claro";"Dupla";"Reta";"Não";2;0;1;0;1;0;1;2;-19,87387387;-44,0467024;"SPRF-MG";"DEL01-MG";"UOP02-DEL01-MG"
743324;2026-01-03;"sábado";"05:50:00";"ES";262;98,8;"VENDA NOVA DO IMIGRANTE";"Ausência de reação do condutor";"Capotamento";"Com Vítimas Feridas";"Pleno dia";"Crescente";"Garoa/Chuvisco";"Simples";"Curva";"Não";1;0;1;0;0;0;1;1;-20,34956;-41,100248;"SPRF-ES";"DEL01-ES";"UOP02-DEL01-ES"
743326;2026-01-03;"sábado";"06:10:00";"MG";50;103,8;"UBERABA";"Velocidade Incompatível";"Saída de leito carroçável";"Com Vítimas Feridas";"Amanhecer";"Crescente";"Chuva";"Dupla";"Retorno Regulamentado";"Não";1;0;1;0;0;0;1;1;-19,16035;-48,16368;"SPRF-MG";"DEL13-MG";"UOP01-DEL13-MG"
743327;2026-01-03;"sábado";"06:20:00";"ES";101;366,2;"ANCHIETA";"Velocidade Incompatível";"Colisão com objeto";"Com Vítimas Feridas";"Amanhecer";"Crescente";"Garoa/Chuvisco";"Simples";"Curva";"Não";2;0;2;0;0;0;2;1;-20,73663858;-40,76034721;"SPRF-ES";"DEL03-ES";"UOP01-DEL03-ES"
743328;2026-01-03;"sábado";"06:25:00";"SE";101;110;"SAO CRISTOVAO";"Ausência de reação do condutor";"Queda de ocupante de veículo";"Com Vítimas Feridas";"Pleno dia";"Decrescente";"Céu Claro";"Dupla";"Reta";"Não";2;0;1;1;0;0;2;1;-10,96899032;-37,27759749;"SPRF-SE";"DEL02-SE";"UOP01-DEL02-SE"
743329;2026-01-03;"sábado";"06:00:00";"ES";262;57,6;"MARECHAL FLORIANO";"Transitar na contramão";"Colisão frontal";"Com Vítimas Feridas";"Pleno dia";"Crescente";"Céu Claro";"Simples";"Curva";"Não";5;0;3;0;1;1;3;3;-20,41183585;-40,75026366;"SPRF-ES";"DEL01-ES";"UOP01-DEL01-ES"
743331;2026-01-03;"sábado";"03:30:00";"BA";116;468;"SANTO ESTEVAO";"Ausência de reação do condutor";"Queda de ocupante de veículo";"Com Vítimas Feridas";"Plena Noite";"Decrescente";"Céu Claro";"Dupla";"Reta";"Não";1;0;1;0;0;0;1;1;-12,47995976;-39,30957602;"SPRF-BA";"DEL02-BA";"UOP01-DEL02-BA"
743332;2026-01-03;"sábado";"07:10:00";"SE";101;59,3;"ROSARIO DO CATETE";"Ultrapassagem Indevida";"Colisão frontal";"Com Vítimas Fatais";"Pleno dia";"Decrescente";"Céu Claro";"Simples";"Em Obras;Reta";"Não";8;2;4;2;0;0;6;2;-10,656715;-37,027262;"SPRF-SE";"DEL02-SE";"UOP02-DEL02-SE"
743333;2026-01-03;"sábado";"06:20:00";"SP";153;83,3;"MIRASSOL";"Demais falhas mecânicas ou elétricas";"Incêndio";"Sem Vítimas";"Amanhecer";"Crescente";"Nublado";"Dupla";"Aclive";"Não";1;0;0;0;1;0;0;1;-20,924762;-49,507224;"SPRF-SP";"DEL09-SP";"UOP01-DEL09-SP"
743334;2026-01-03;"sábado";"07:10:00";"RS";116;260;"CANOAS";"Reação tardia ou ineficiente do condutor";"Queda de ocupante de veículo";"Com Vítimas Feridas";"Pleno dia";"Crescente";"Céu Claro";"Dupla";"Reta";"Não";1;0;1;0;0;0;1;1;-29,88208767;-51,18071984;"SPRF-RS";"DEL01-RS";"UOP01-DEL01-RS"
743336;2026-01-03;"sábado";"07:00:00";"MG";262;588;"CAMPOS ALTOS";"Condutor Dormindo";"Saída de leito carroçável";"Sem Vítimas";"Pleno dia";"Crescente";"Nublado";"Simples";"Reta";"Não";1;0;0;0;1;0;0;1;-19,65519689;-46,21915758;"SPRF-MG";"DEL08-MG";"UOP02-DEL08-MG"
743337;2026-01-03;"sábado";"07:00:00";"RJ";116;148;"DUQUE DE CAXIAS";"Demais falhas mecânicas ou elétricas";"Incêndio";"Sem Vítimas";"Pleno dia";"Crescente";"Céu Claro";"Dupla";"Reta";"Sim";1;0;0;0;1;0;0;1;-22,67262983;-43,28304291;"SPRF-RJ";"DEL01-RJ";"UOP02-DEL01-RJ"
743338;2026-01-02;"sexta-feira";"23:15:00";"MG";116;415,7;"GOVERNADOR VALADARES";"Conversão proibida";"Colisão transversal";"Com Vítimas Feridas";"Plena Noite";"Crescente";"Chuva";"Simples";"Curva";"Sim";4;0;1;1;1;1;2;3;-18,896041;-41,947833;"SPRF-MG";"DEL06-MG";"UOP01-DEL06-MG"
743339;2026-01-03;"sábado";"07:45:00";"SP";116;206;"GUARULHOS";"Ausência de reação do condutor";"Colisão com objeto";"Com Vítimas Fatais";"Pleno dia";"Decrescente";"Céu Claro";"Múltipla";"Reta";"Sim";3;1;0;2;0;0;2;1;-23,419021;-46,38191;"SPRF-SP";"DEL01-SP";"UOP01-DEL01-SP"
743340;2026-01-03;"sábado";"07:30:00";"SP";116;134,2;"SAO JOSE DOS CAMPOS";"Reação tardia ou ineficiente do condutor";"Colisão traseira";"Com Vítimas Feridas";"Pleno dia";"Decrescente";"Céu Claro";"Dupla";"Reta";"Não";4;0;1;1;2;0;2;2;-23,139249;-45,760139;"SPRF-SP";"DEL02-SP";"UOP01-DEL02-SP"
743341;2026-01-03;"sábado";"06:40:00";"RN";101;149;"GOIANINHA";"Acessar a via sem observar a presença dos outros veículos";"Queda de ocupante de veículo";"Com Vítimas Feridas";"Pleno dia";"Decrescente";"Céu Claro";"Dupla";"Reta";"Não";1;0;1;0;0;0;1;1;-6,290775;-35,198405;"SPRF-RN";"DEL01-RN";"UOP01-DEL01-RN"
743342;2026-01-03;"sábado";"07:50:00";"SC";101;152;"PORTO BELO";"Reação tardia ou ineficiente do condutor";"Colisão traseira";"Com Vítimas Feridas";"Pleno dia";"Decrescente";"Céu Claro";"Dupla";"Reta";"Não";2;0;0;1;1;0;1;2;-27,15692046;-48,54171753;"SPRF-SC";"DEL04-SC";"UOP03-DEL04-SC"
743343;2026-01-03;"sábado";"08:00:00";"SC";101;201,4;"SAO JOSE";"Acessar a via sem observar a presença dos outros veículos";"Colisão transversal";"Com Vítimas Feridas";"Pleno dia";"Crescente";"Céu Claro";"Múltipla";"Reta";"Sim";2;0;1;0;1;0;1;2;-27,55351442;-48,61967174;"SPRF-SC";"DEL01-SC";"UOP01-DEL01-SC"
743344;2026-01-03;"sábado";"08:00:00";"RJ";101;516;"ANGRA DOS REIS";"Condutor Dormindo";"Colisão traseira";"Com Vítimas Feridas";"Pleno dia";"Decrescente";"Nublado";"Simples";"Reta";"Não";3;0;1;0;2;0;1;2;-22,93622305;-44,39635277;"SPRF-RJ";"DEL03-RJ";"UOP03-DEL03-RJ"
743346;2026-01-03;"sábado";"07:50:00";"RN";101;82,5;"SAO GONCALO DO AMARANTE";"Reação tardia ou ineficiente do condutor";"Colisão traseira";"Com Vítimas Feridas";"Pleno dia";"Decrescente";"Céu Claro";"Dupla";"Reta";"Sim";2;0;0;1;1;0;1;2;-5,768722;-35,272738;"SPRF-RN";"DEL02-RN";"UOP01-DEL02-RN"
743347;2026-01-03;"sábado";"07:30:00";"BA";116;483;"SANTA BARBARA";"Ultrapassagem Indevida";"Colisão traseira";"Com Vítimas Feridas";"Pleno dia";"Crescente";"Céu Claro";"Simples";"Aclive;Reta";"Não";7;0;3;0;4;0;3;2;-11,86723542;-38,97399902;"SPRF-BA";"DEL02-BA";"UOP01-DEL02-BA"
743348;2026-01-03;"sábado";"08:00:00";"AL";316;83;"SANTANA DO IPANEMA";"Ausência de reação do condutor";"Tombamento";"Com Vítimas Feridas";"Pleno dia";"Decrescente";"Céu Claro";"Simples";"Reta;Aclive";"Sim";1;0;1;0;0;0;1;1;-9,366778;-37,256948;"SPRF-AL";"DEL03-AL";"UOP02-DEL03-AL"
743349;2026-01-03;"sábado";"05:35:00";"MG";381;600,9;"CARMOPOLIS DE MINAS";"Condutor Dormindo";"Colisão com objeto";"Com Vítimas Feridas";"Amanhecer";"Decrescente";"Nublado";"Dupla";"Curva;Declive";"Não";2;0;1;0;1;0;1;1;-20,606705;-44,725473;"SPRF-MG";"DEL04-MG";"UOP01-DEL04-MG"
743350;2026-01-03;"sábado";"08:10:00";"SC";282;4,8;"SAO JOSE";"Condutor deixou de manter distância do veículo da frente";"Colisão traseira";"Com Vítimas Feridas";"Pleno dia";"Crescente";"Céu Claro";"Múltipla";"Reta";"Sim";6;0;1;0;5;0;1;2;-27,588718;-48,611842;"SPRF-SC";"DEL01-SC";"UOP01-DEL01-SC"
743351;2026-01-03;"sábado";"03:30:00";"MG";262;571;"SANTA ROSA DA SERRA";"Conversão proibida";"Saída de leito carroçável";"Sem Vítimas";"Plena Noite";"Crescente";"Ignorado";"Simples";"Retorno Regulamentado";"Não";1;0;0;0;0;1;0;1;-19,65092258;-46,06903967;"SPRF-MG";"DEL08-MG";"UOP02-DEL08-MG"
743352;2026-01-03;"sábado";"07:00:00";"SC";282;601,9;"CUNHA PORA";"Acesso irregular";"Colisão lateral sentido oposto";"Com Vítimas Feridas";"Pleno dia";"Decrescente";"Céu Claro";"Simples";"Interseção de Vias";"Não";4;0;1;0;3;0;1;2;-26,80587277;-53,17957727;"SPRF-SC";"DEL07-SC";"UOP02-DEL07-SC"
743353;2026-01-03;"sábado";"08:37:00";"PB";230;16,4;"JOAO PESSOA";"Condutor deixou de manter distância do veículo da frente";"Colisão traseira";"Com Vítimas Feridas";"Pleno dia";"Decrescente";"Céu Claro";"Dupla";"Reta";"Sim";2;0;0;1;1;0;1;2;-7,11127;-34,842565;"SPRF-PB";"DEL01-PB";"UOP01-DEL01-PB"
743354;2026-01-03;"sábado";"06:30:00";"MG";251;457;"FRANCISCO SA";"Chuva";"Saída de leito carroçável";"Com Vítimas Feridas";"Pleno dia";"Crescente";"Chuva";"Simples";"Curva";"Não";4;0;3;1;0;0;4;1;-16,427132;-43,343295;"SPRF-MG";"DEL12-MG";"UOP01-DEL12-MG"
743355;2026-01-03;"sábado";"09:00:00";"RJ";101;435;"MANGARATIBA";"Reação tardia ou ineficiente do condutor";"Colisão lateral sentido oposto";"Com Vítimas Feridas";"Pleno dia";"Decrescente";"Nublado";"Simples";"Curva;Declive";"Não";3;0;0;1;2;0;1;3;-22,94210781;-44,05737114;"SPRF-RJ";"DEL03-RJ";"UOP02-DEL03-RJ"
743356;2026-01-02;"sexta-feira";"17:10:00";"PI";316;315;"PICOS";"Animais na Pista";"Atropelamento de Animal";"Com Vítimas Feridas";"Anoitecer";"Decrescente";"Céu Claro";"Dupla";"Reta";"Sim";1;0;0;1;0;0;1;1;-7,080182;-41,42863;"SPRF-PI";"DEL04-PI";"UOP01-DEL04-PI"
743357;2026-01-03;"sábado";"09:20:00";"SC";280;22;"ARAQUARI";"Ausência de reação do condutor";"Colisão traseira";"Com Vítimas Feridas";"Pleno dia";"Crescente";"Céu Claro";"Simples";"Reta";"Sim";2;0;1;0;1;0;1;2;-26,37124344;-48,70722055;"SPRF-SC";"DEL03-SC";"UOP03-DEL03-SC"
743358;2026-01-03;"sábado";"09:25:00";"PR";277;8,9;"PARANAGUA";"Avarias e/ou desgaste excessivo no pneu";"Tombamento";"Com Vítimas Feridas";"Pleno dia";"Decrescente";"Sol";"Dupla";"Reta;Aclive";"Não";2;0;1;0;1;0;1;1;-25,56652794;-48,60642163;"SPRF-PR";"DEL01-PR";"UOP05-DEL01-PR"
743359;2026-01-03;"sábado";"07:00:00";"MG";251;444;"GRAO MOGOL";"Velocidade Incompatível";"Saída de leito carroçável";"Com Vítimas Feridas";"Pleno dia";"Crescente";"Chuva";"Simples";"Reta";"Não";5;0;5;0;0;0;5;1;-16,41262162;-43,24321747;"SPRF-MG";"DEL12-MG";"UOP01-DEL12-MG"
743360;2026-01-03;"sábado";"09:20:00";"SP";116;75;"APARECIDA";"Manobra de mudança de faixa";"Colisão traseira";"Com Vítimas Feridas";"Pleno dia";"Decrescente";"Céu Claro";"Dupla";"Reta";"Não";1;0;1;0;0;0;1;1;-22,8750557;-45,2616989;"SPRF-SP";"DEL08-SP";"UOP01-DEL08-SP"
743361;2026-01-03;"sábado";"09:10:00";"PI";343;14,9;"PARNAIBA";"Manobra de mudança de faixa";"Colisão traseira";"Com Vítimas Feridas";"Pleno dia";"Decrescente";"Sol";"Dupla";"Reta;Interseção de Vias";"Sim";2;0;1;0;1;0;1;2;-2,936316;-41,754919;"SPRF-PI";"DEL05-PI";"UOP01-DEL05-PI"
743362;2026-01-03;"sábado";"09:10:00";"PB";230;161;"CAMPINA GRANDE";"Pista Escorregadia";"Tombamento";"Com Vítimas Feridas";"Pleno dia";"Crescente";"Sol";"Dupla";"Reta";"Não";1;0;0;1;0;0;1;1;-7,24599576;-35,93610382;"SPRF-PB";"DEL02-PB";"UOP01-DEL02-PB"
743364;2026-01-03;"sábado";"09:43:00";"SP";116;207;"GUARULHOS";"Trafegar com motocicleta (ou similar) entre as faixas";"Colisão traseira";"Com Vítimas Feridas";"Pleno dia";"Decrescente";"Céu Claro";"Dupla";"Reta";"Sim";2;0;1;0;0;1;1;2;-23,41908502;-46,38160276;"SPRF-SP";"DEL01-SP";"UOP01-DEL01-SP"
743365;2026-01-03;"sábado";"10:20:00";"ES";262;65,1;"MARECHAL FLORIANO";"Ausência de reação do condutor";"Saída de leito carroçável";"Com Vítimas Feridas";"Pleno dia";"Crescente";"Sol";"Simples";"Curva";"Não";4;0;3;1;0;0;4;1;-20,4151641;-40,8214314;"SPRF-ES";"DEL01-ES";"UOP02-DEL01-ES"
743367;2026-01-03;"sábado";"09:35:00";"MG";40;447,1;"CAETANOPOLIS";"Velocidade Incompatível";"Colisão com objeto";"Com Vítimas Feridas";"Pleno dia";"Crescente";"Céu Claro";"Múltipla";"Reta";"Sim";1;0;1;0;0;0;1;1;-19,294525;-44,382775;"SPRF-MG";"DEL02-MG";"UOP01-DEL02-MG"
743368;2026-01-03;"sábado";"08:30:00";"SC";101;56;"JOINVILLE";"Reação tardia ou ineficiente do condutor";"Colisão traseira";"Sem Vítimas";"Pleno dia";"Crescente";"Céu Claro";"Dupla";"Reta";"Não";2;0;0;0;2;0;0;2;-26,43228967;-48,82250726;"SPRF-SC";"DEL03-SC";"UOP01-DEL03-SC"
743369;2026-01-03;"sábado";"08:30:00";"MG";153;150;"COMENDADOR GOMES";"Chuva";"Tombamento";"Com Vítimas Feridas";"Pleno dia";"Decrescente";"Chuva";"Simples";"Curva";"Não";3;0;2;0;1;0;2;1;-19,64121;-48,86236;"SPRF-MG";"DEL13-MG";"UOP02-DEL13-MG"
743370;2026-01-03;"sábado";"09:15:00";"PA";230;621;"ALTAMIRA";"Reação tardia ou ineficiente do condutor";"Queda de ocupante de veículo";"Com Vítimas Feridas";"Pleno dia";"Crescente";"Céu Claro";"Simples";"Reta";"Não";2;0;2;0;0;0;2;1;-3,1727676;-52,15484619;"SPRF-PA";"DEL04-PA";"UOP01-DEL04-PA"
743371;2026-01-03;"sábado";"09:55:00";"RS";386;43,1;"SEBERI";"Avarias e/ou desgaste excessivo no pneu";"Saída de leito carroçável";"Com Vítimas Feridas";"Pleno dia";"Crescente";"Chuva";"Simples";"Reta";"Não";1;0;1;0;0;0;1;1;-27,43076;-53,42057;"SPRF-RS";"DEL08-RS";"UOP02-DEL08-RS"
743372;2026-01-03;"sábado";"10:00:00";"BA";324;561;"SAO SEBASTIAO DO PASSE";"Ausência de reação do condutor";"Engavetamento";"Com Vítimas Feridas";"Pleno dia";"Decrescente";"Céu Claro";"Dupla";"Reta";"Não";6;0;1;0;5;0;1;3;-12,5171992;-38,6249606;"SPRF-BA";"DEL01-BA";"UOP01-DEL01-BA"
743373;2026-01-03;"sábado";"07:15:00";"SP";459;5;"PIQUETE";"Ausência de reação do condutor";"Tombamento";"Com Vítimas Feridas";"Pleno dia";"Crescente";"Céu Claro";"Simples";"Curva";"Não";2;0;1;0;0;1;1;2;-22,56940016;-45,21837366;"SPRF-SP";"DEL08-SP";"UOP02-DEL08-SP"
743374;2026-01-03;"sábado";"10:30:00";"MG";50;68;"UBERLANDIA";"Demais falhas mecânicas ou elétricas";"Incêndio";"Sem Vítimas";"Pleno dia";"Crescente";"Céu Claro";"Dupla";"Reta";"Sim";1;0;0;0;0;1;0;1;-18,88114937;-48,26361403;"SPRF-MG";"DEL15-MG";"UOP02-DEL15-MG"
743376;2026-01-03;"sábado";"09:25:00";"MA";10;250;"IMPERATRIZ";"Condutor deixou de manter distância do veículo da frente";"Colisão traseira";"Com Vítimas Feridas";"Pleno dia";"Crescente";"Céu Claro";"Dupla";"Reta";"Sim";2;0;1;0;0;1;1;2;-5,545884;-47,462667;"SPRF-MA";"DEL04-MA";"UOP01-DEL04-MA"
743377;2026-01-03;"sábado";"10:20:00";"MG";381;533;"ITATIAIUCU";"Chuva";"Saída de leito carroçável";"Com Vítimas Feridas";"Pleno dia";"Crescente";"Chuva";"Dupla";"Curva";"Sim";5;0;5;0;0;0;5;2;-20,17354937;-44,37566455;"SPRF-MG";"DEL04-MG";"UOP03-DEL04-MG"
743378;2026-01-03;"sábado";"11:10:00";"SC";101;41,3;"JOINVILLE";"Desrespeitar a preferência no cruzamento";"Colisão transversal";"Com Vítimas Feridas";"Pleno dia";"Crescente";"Céu Claro";"Múltipla";"Interseção de Vias";"Não";3;0;2;0;1;0;2;2;-26,31874816;-48,87141466;"SPRF-SC";"DEL03-SC";"UOP01-DEL03-SC"
743380;2026-01-03;"sábado";"07:21:00";"MG";251;442;"GRAO MOGOL";"Velocidade Incompatível";"Colisão traseira";"Com Vítimas Feridas";"Pleno dia";"Crescente";"Chuva";"Simples";"Curva";"Sim";5;0;1;0;4;0;1;2;-16,4067732;-43,2273623;"SPRF-MG";"DEL12-MG";"UOP01-DEL12-MG"
743382;2026-01-03;"sábado";"10:30:00";"RS";386;251;"SOLEDADE";"Reação tardia ou ineficiente do condutor";"Capotamento";"Com Vítimas Feridas";"Pleno dia";"Crescente";"Nublado";"Dupla";"Declive;Reta;Em Obras";"Não";2;0;1;0;1;0;1;1;-28,83430234;-52,45455472;"SPRF-RS";"DEL04-RS";"UOP03-DEL04-RS"
743383;2026-01-03;"sábado";"09:20:00";"PB";412;140,1;"MONTEIRO";"Avarias e/ou desgaste excessivo no pneu";"Capotamento";"Com Vítimas Feridas";"Pleno dia";"Crescente";"Céu Claro";"Simples";"Reta";"Não";2;0;0;2;0;0;2;1;-7,865528;-37,0866663;"SPRF-PB";"DEL02-PB";"UOP02-DEL02-PB"
743384;2026-01-03;"sábado";"10:12:00";"RJ";40;50,7;"PETROPOLIS";"Velocidade Incompatível";"Saída de leito carroçável";"Com Vítimas Feridas";"Pleno dia";"Decrescente";"Céu Claro";"Dupla";"Curva";"Não";2;0;1;0;1;0;1;1;-22,325308;-43,132523;"SPRF-RJ";"DEL05-RJ";"UOP02-DEL05-RJ"
743386;2026-01-03;"sábado";"11:30:00";"PR";376;666;"GUARATUBA";"Condutor deixou de manter distância do veículo da frente";"Engavetamento";"Com Vítimas Feridas";"Pleno dia";"Crescente";"Céu Claro";"Dupla";"Declive;Curva";"Não";2;0;1;0;1;0;1;2;-25,86629883;-48,94631338;"SPRF-PR";"DEL01-PR";"UOP04-DEL01-PR"
743389;2026-01-03;"sábado";"09:55:00";"BA";101;99;"ALAGOINHAS";"Demais falhas na via";"Queda de ocupante de veículo";"Com Vítimas Feridas";"Pleno dia";"Decrescente";"Sol";"Simples";"Reta";"Sim";5;0;3;0;0;2;3;3;-12,100725;-38,3724889;"SPRF-BA";"DEL01-BA";"UOP04-DEL01-BA"
743390;2026-01-03;"sábado";"11:50:00";"RS";386;428,1;"NOVA SANTA RITA";"Retorno proibido";"Colisão transversal";"Com Vítimas Feridas";"Pleno dia";"Crescente";"Céu Claro";"Simples";"Reta";"Não";2;0;0;1;1;0;1;2;-29,82548856;-51,33540854;"SPRF-RS";"DEL04-RS";"UOP02-DEL04-RS"
743392;2026-01-03;"sábado";"09:40:00";"BA";349;938;"CORRENTINA";"Velocidade Incompatível";"Colisão traseira";"Com Vítimas Feridas";"Pleno dia";"Decrescente";"Chuva";"Simples";"Aclive;Reta";"Não";3;0;1;0;2;0;1;2;-13,38367;-44,67786;"SPRF-BA";"DEL10-BA";"UOP02-DEL10-BA"
743393;2026-01-03;"sábado";"11:22:00";"AC";364;120;"RIO BRANCO";"Reação tardia ou ineficiente do condutor";"Colisão traseira";"Com Vítimas Feridas";"Pleno dia";"Decrescente";"Céu Claro";"Simples";"Reta";"Sim";2;0;1;0;1;0;1;2;-10,01224;-67,7614;"SPRF-AC";"DEL01-AC";"UOP01-DEL01-AC"
743394;2026-01-03;"sábado";"11:40:00";"GO";153;585;"PIRACANJUBA";"Ausência de reação do condutor";"Saída de leito carroçável";"Sem Vítimas";"Pleno dia";"Decrescente";"Nublado";"Dupla";"Aclive";"Não";4;0;0;0;4;0;0;1;-17,33228622;-49,23866272;"SPRF-GO";"DEL03-GO";"UOP01-DEL03-GO"