"id";"data_inversa";"dia_semana";"horario";"uf";"br";"km";"municipio";"causa_acidente";"tipo_acidente";"classificacao_acidente";"fase_dia";"sentido_via";"condicao_metereologica";"tipo_pista";"tracado_via";"uso_solo";"pessoas";"mortos";"feridos_leves";"feridos_graves";"ilesos";"ignorados";"feridos";"veiculos";"latitude";"longitude";"regional";"delegacia";"uop"
743790;2026-01-05;"segunda-feira";"11:20:00";"TO";153;794;"TALISMA";"Reação tardia ou ineficiente do condutor";"Saída de leito carroçável";"Com Vítimas Feridas";"Pleno dia";"Crescente";"Garoa/Chuvisco";"Simples";"Reta";"Não";1;0;1;0;0;0;1;1;-12,7953;-49,09104538;"SPRF-TO";"DEL01-TO";"UOP02-DEL01-TO"
743791;2026-01-05;"segunda-feira";"10:25:00";"SC";101;86;"BARRA VELHA";"Ausência de reação do condutor";"Engavetamento";"Sem Vítimas";"Pleno dia";"Decrescente";"Céu Claro";"Dupla";"Reta";"Não";3;0;0;0;3;0;0;3;-26,6404008;-48,69449615;"SPRF-SC";"DEL03-SC";"UOP02-DEL03-SC"
743792;2026-01-05;"segunda-feira";"10:00:00";"RJ";101;514;"ANGRA DOS REIS";"Ausência de reação do condutor";"Tombamento";"Com Vítimas Feridas";"Pleno dia";"Decrescente";"Nublado";"Simples";"Curva";"Não";2;0;2;0;0;0;2;1;-23,00626335;-44,47432458;"SPRF-RJ";"DEL03-RJ";"UOP03-DEL03-RJ"
743795;2026-01-05;"segunda-feira";"10:40:00";"GO";20;173,2;"ALVORADA DO NORTE";"Manobra de mudança de faixa";"Colisão transversal";"Com Vítimas Fatais";"Pleno dia";"Crescente";"Céu Claro";"Simples";"Reta";"Não";8;2;3;3;0;0;6;2;-14,553807;-46,557967;"SPRF-DF";"DEL02-DF";"UOP03-DEL02-DF"
743796;2026-01-05;"segunda-feira";"10:46:00";"RN";101;20,4;"TOUROS";"Acessar a via sem observar a presença dos outros veículos";"Colisão lateral mesmo sentido";"Com Vítimas Feridas";"Pleno dia";"Decrescente";"Céu Claro";"Simples";"Reta";"Não";3;0;2;0;1;0;2;2;-5,297965;-35,426143;"SPRF-RN";"DEL02-RN";"UOP01-DEL02-RN"
743798;2026-01-05;"segunda-feira";"10:55:00";"MG";40;698,7;"BARBACENA";"Retorno proibido";"Colisão transversal";"Com Vítimas Feridas";"Pleno dia";"Decrescente";"Céu Claro";"Simples";"Aclive;Reta";"Não";3;0;0;2;1;0;2;2;-21,19364405;-43,75102468;"SPRF-MG";"DEL05-MG";"UOP02-DEL05-MG"
743800;2026-01-05;"segunda-feira";"10:37:00";"RJ";101;322;"NITEROI";"Ausência de reação do condutor";"Colisão traseira";"Com Vítimas Feridas";"Pleno dia";"Crescente";"Nublado";"Dupla";"Reta";"Sim";2;0;1;0;1;0;1;2;-22,87664967;-43,11056614;"SPRF-RJ";"DEL02-RJ";"UOP01-DEL02-RJ"
743801;2026-01-05;"segunda-feira";"09:20:00";"PE";232;387;"SERRA TALHADA";"Condutor deixou de manter distância do veículo da frente";"Colisão traseira";"Com Vítimas Feridas";"Pleno dia";"Decrescente";"Céu Claro";"Simples";"Reta";"Não";3;0;2;0;1;0;2;2;-8,03219404;-38,11883958;"SPRF-PE";"DEL04-PE";"UOP01-DEL04-PE"
743802;2026-01-05;"segunda-feira";"12:00:00";"SC";101;202,5;"SAO JOSE";"Ausência de reação do condutor";"Colisão traseira";"Com Vítimas Feridas";"Pleno dia";"Crescente";"Sol";"Múltipla";"Reta;Interseção de Vias";"Sim";2;0;1;0;1;0;1;2;-27,56111;-48,61694;"SPRF-SC";"DEL01-SC";"UOP01-DEL01-SC"
743804;2026-01-05;"segunda-feira";"11:40:00";"SP";101;48;"UBATUBA";"Velocidade Incompatível";"Colisão traseira";"Com Vítimas Feridas";"Pleno dia";"Crescente";"Garoa/Chuvisco";"Simples";"Reta";"Não";2;0;1;0;1;0;1;2;-23,441681;-45,085999;"SPRF-SP";"DEL06-SP";"UOP01-DEL06-SP"
743806;2026-01-05;"segunda-feira";"11:00:00";"PI";343;338,5;"TERESINA";"Reação tardia ou ineficiente do condutor";"Colisão traseira";"Com Vítimas Feridas";"Pleno dia";"Crescente";"Céu Claro";"Dupla";"Reta";"Sim";2;0;1;0;1;0;1;2;-5,064803;-42,727048;"SPRF-PI";"DEL01-PI";"UOP01-DEL01-PI"
743807;2026-01-05;"segunda-feira";"12:30:00";"SC";101;194,5;"BIGUACU";"Reação tardia ou ineficiente do condutor";"Colisão lateral mesmo sentido";"Com Vítimas Feridas";"Pleno dia";"Decrescente";"Céu Claro";"Múltipla";"Curva;Aclive";"Sim";3;0;1;0;2;0;1;2;-27,49548995;-48,6568993;"SPRF-SC";"DEL01-SC";"UOP01-DEL01-SC"
743809;2026-01-05;"segunda-feira";"12:12:00";"MG";153;84;"PRATA";"Ausência de reação do condutor";"Saída de leito carroçável";"Com Vítimas Feridas";"Pleno dia";"Crescente";"Garoa/Chuvisco";"Simples";"Reta";"Não";2;0;1;0;1;0;1;1;-19,100473;-48,981404;"SPRF-MG";"DEL15-MG";"UOP03-DEL15-MG"
743810;2026-01-05;"segunda-feira";"12:00:00";"SC";470;52,4;"BLUMENAU";"Acessar a via sem observar a presença dos outros veículos";"Colisão transversal";"Com Vítimas Feridas";"Pleno dia";"Crescente";"Nublado";"Simples";"Interseção de Vias;Reta;Em Obras";"Sim";3;0;1;0;2;0;1;2;-26,863594;-49,097832;"SPRF-SC";"DEL04-SC";"UOP01-DEL04-SC"
743811;2026-01-05;"segunda-feira";"10:40:00";"PI";316;311;"PICOS";"Ultrapassagem Indevida";"Colisão lateral mesmo sentido";"Com Vítimas Feridas";"Pleno dia";"Decrescente";"Céu Claro";"Simples";"Reta";"Sim";4;0;2;0;2;0;2;2;-7,07874495;-41,46191692;"SPRF-PI";"DEL04-PI";"UOP01-DEL04-PI"
743812;2026-01-05;"segunda-feira";"11:51:00";"MG";381;497;"BETIM";"Condutor deixou de manter distância do veículo da frente";"Colisão traseira";"Com Vítimas Feridas";"Pleno dia";"Crescente";"Chuva";"Dupla";"Reta";"Sim";2;0;1;0;1;0;1;1;-19,9964654;-44,20886391;"SPRF-MG";"DEL01-MG";"UOP03-DEL01-MG"
743813;2026-01-05;"segunda-feira";"12:00:00";"PE";232;79,9;"GRAVATA";"Transitar na contramão";"Colisão transversal";"Com Vítimas Feridas";"Pleno dia";"Crescente";"Céu Claro";"Simples";"Reta";"Sim";2;0;0;1;1;0;1;2;-8,1955715;-35,568806;"SPRF-PE";"DEL02-PE";"UOP02-DEL02PE"
743815;2026-01-05;"segunda-feira";"12:20:00";"MG";381;526;"BRUMADINHO";"Chuva";"Capotamento";"Com Vítimas Feridas";"Pleno dia";"Crescente";"Chuva";"Dupla";"Curva";"Não";2;0;1;0;1;0;1;1;-20,15085901;-44,32625265;"SPRF-MG";"DEL04-MG";"UOP03-DEL04-MG"
743817;2026-01-05;"segunda-feira";"11:40:00";"BA";242;269;"BOA VISTA DO TUPIM";"Acessar a via sem observar a presença dos outros veículos";"Colisão traseira";"Com Vítimas Feridas";"Pleno dia";"Crescente";"Céu Claro";"Simples";"Reta;Declive";"Não";5;0;4;0;1;0;4;2;-12,45003086;-40,6111207;"SPRF-BA";"DEL06-BA";"UOP02-DEL06-BA"
743818;2026-01-05;"segunda-feira";"12:12:00";"SC";101;132,2;"BALNEARIO CAMBORIU";"Manobra de mudança de faixa";"Colisão traseira";"Com Vítimas Feridas";"Pleno dia";"Decrescente";"Céu Claro";"Dupla";"Reta";"Sim";2;0;1;0;1;0;1;2;-26,99721;-48,65343;"SPRF-SC";"DEL04-SC";"UOP03-DEL04-SC"
743820;2026-01-05;"segunda-feira";"09:57:00";"MG";116;174,2;"PADRE PARAISO";"Ultrapassagem Indevida";"Saída de leito carroçável";"Com Vítimas Feridas";"Pleno dia";"Decrescente";"Sol";"Simples";"Curva;Declive";"Não";2;0;2;0;0;0;2;1;-17,050878;-41,45758;"SPRF-MG";"DEL11-MG";"UOP02-DEL11-MG"
743824;2026-01-05;"segunda-feira";"09:35:00";"MG";40;452,2;"CAETANOPOLIS";"Velocidade Incompatível";"Engavetamento";"Com Vítimas Feridas";"Pleno dia";"Crescente";"Chuva";"Dupla";"Declive;Reta";"Sim";4;0;2;0;2;0;2;3;-19,33411;-44,361008;"SPRF-MG";"DEL02-MG";"UOP01-DEL02-MG"
743826;2026-01-05;"segunda-feira";"10:40:00";"MG";381;643,4;"SANTO ANTONIO DO AMPARO";"Afundamento ou ondulação no pavimento";"Saída de leito carroçável";"Com Vítimas Feridas";"Pleno dia";"Decrescente";"Chuva";"Dupla";"Curva";"Não";2;0;1;0;1;0;1;1;-20,9230045;-44,87287188;"SPRF-MG";"DEL04-MG";"UOP01-DEL04-MG"
743827;2026-01-05;"segunda-feira";"08:20:00";"RJ";101;87;"CAMPOS DOS GOYTACAZES";"Chuva";"Saída de leito carroçável";"Com Vítimas Feridas";"Pleno dia";"Decrescente";"Chuva";"Dupla";"Curva;Declive";"Não";4;0;2;2;0;0;4;1;-21,830163;-41,499469;"SPRF-RJ";"DEL08-RJ";"UOP02-DEL08-RJ"
743829;2026-01-05;"segunda-feira";"12:10:00";"RS";293;249,4;"DOM PEDRITO";"Acessar a via sem observar a presença dos outros veículos";"Colisão transversal";"Com Vítimas Feridas";"Pleno dia";"Decrescente";"Céu Claro";"Simples";"Curva;Interseção de Vias";"Sim";5;0;0;1;2;2;1;4;-30,97556;-54,64778;"SPRF-RS";"DEL11-RS";"UOP01-DEL11-RS"
743830;2026-01-05;"segunda-feira";"13:35:00";"RN";101;100,2;"PARNAMIRIM";"Condutor deixou de manter distância do veículo da frente";"Colisão traseira";"Com Vítimas Feridas";"Pleno dia";"Crescente";"Céu Claro";"Dupla";"Aclive;Reta";"Sim";2;0;1;0;1;0;1;2;-5,8846853;-35,2276011;"SPRF-RN";"DEL01-RN";"UOP01-DEL01-RN"
743831;2026-01-05;"segunda-feira";"08:24:00";"MA";10;123;"ESTREITO";"Acessar a via sem observar a presença dos outros veículos";"Colisão transversal";"Com Vítimas Feridas";"Pleno dia";"Decrescente";"Céu Claro";"Simples";"Interseção de Vias";"Não";2;0;0;1;0;1;1;2;-6,6047146;-47,4326637;"SPRF-MA";"DEL04-MA";"UOP02-DEL04-MA"
743832;2026-01-05;"segunda-feira";"09:15:00";"RS";116;349,5;"TAPES";"Reação tardia ou ineficiente do condutor";"Saída de leito carroçável";"Com Vítimas Feridas";"Pleno dia";"Decrescente";"Céu Claro";"Dupla";"Curva;Declive";"Não";6;0;1;0;5;0;1;1;-30,70323952;-51,57947212;"SPRF-RS";"DEL02-RS";"UOP02-DEL02-RS"
743833;2026-01-05;"segunda-feira";"10:30:00";"RJ";40;91;"PETROPOLIS";"Acumulo de água sobre o pavimento";"Queda de ocupante de veículo";"Com Vítimas Feridas";"Pleno dia";"Decrescente";"Chuva";"Dupla";"Curva;Aclive";"Não";2;0;1;0;1;0;1;1;-22,56067761;-43,22613716;"SPRF-RJ";"DEL01-RJ";"UOP01-DEL01-RJ"
743834;2026-01-05;"segunda-feira";"12:30:00";"BA";407;191,8;"PONTO NOVO";"Ultrapassagem Indevida";"Colisão frontal";"Com Vítimas Feridas";"Pleno dia";"Crescente";"Céu Claro";"Simples";"Reta";"Não";2;0;1;0;1;0;1;2;-11,03632;-40,09618;"SPRF-BA";"DEL04-BA";"UOP02-DEL04-BA"
743835;2026-01-05;"segunda-feira";"12:40:00";"RJ";101;58;"CAMPOS DOS GOYTACAZES";"Ausência de reação do condutor";"Colisão traseira";"Com Vítimas Feridas";"Pleno dia";"Crescente";"Chuva";"Simples";"Interseção de Vias;Reta";"Sim";2;0;1;0;1;0;1;2;-21,708415;-41,309015;"SPRF-RJ";"DEL08-RJ";"UOP01-DEL08-RJ"
743836;2026-01-05;"segunda-feira";"11:00:00";"RJ";40;81;"PETROPOLIS";"Acumulo de água sobre o pavimento";"Colisão com objeto";"Com Vítimas Feridas";"Pleno dia";"Crescente";"Chuva";"Dupla";"Curva";"Não";4;0;1;0;3;0;1;1;-22,51009299;-43,23183203;"SPRF-RJ";"DEL01-RJ";"UOP01-DEL01-RJ"
743837;2026-01-05;"segunda-feira";"12:20:00";"MS";163;208,9;"CAARAPO";"Acessar a via sem observar a presença dos outros veículos";"Colisão transversal";"Com Vítimas Feridas";"Pleno dia";"Decrescente";"Céu Claro";"Simples";"Reta";"Sim";6;0;1;0;5;0;1;2;-22,63158836;-54,8190207;"SPRF-MS";"DEL04-MS";"UOP02-DEL04-MS"
743840;2026-01-05;"segunda-feira";"13:36:00";"MG";381;526,9;"BRUMADINHO";"Velocidade Incompatível";"Colisão com objeto";"Com Vítimas Feridas";"Pleno dia";"Decrescente";"Nublado";"Dupla";"Curva";"Não";1;0;1;0;0;0;1;1;-20,15721;-44,32866;"SPRF-MG";"DEL04-MG";"UOP03-DEL04-MG"
743843;2026-01-05;"segunda-feira";"15:01:00";"RN";405;2;"MOSSORO";"Acessar a via sem observar a presença dos outros veículos";"Colisão transversal";"Com Vítimas Feridas";"Pleno dia";"Crescente";"Céu Claro";"Dupla";"Reta";"Sim";2;0;1;0;1;0;1;2;-5,19316784;-37,37396389;"SPRF-RN";"DEL04-RN";"UOP02-DEL04-RN"
743844;2026-01-05;"segunda-feira";"15:00:00";"RJ";101;95;"CAMPOS DOS GOYTACAZES";"Ausência de reação do condutor";"Colisão com objeto";"Com Vítimas Feridas";"Pleno dia";"Decrescente";"Garoa/Chuvisco";"Dupla";"Curva";"Não";3;0;2;0;1;0;2;1;-21,82596671;-41,49089813;"SPRF-RJ";"DEL08-RJ";"UOP02-DEL08-RJ"
743845;2026-01-05;"segunda-feira";"14:10:00";"RJ";101;328;"RIO DE JANEIRO";"Ausência de reação do condutor";"Colisão traseira";"Com Vítimas Feridas";"Pleno dia";"Crescente";"Nublado";"Múltipla";"Reta";"Sim";2;0;1;0;1;0;1;2;-22,86947919;-43,17594901;"SPRF-RJ";"DEL02-RJ";"UOP01-DEL02-RJ"
743847;2026-01-05;"segunda-feira";"13:30:00";"PR";369;35;"ANDIRA";"Ausência de reação do condutor";"Colisão traseira";"Com Vítimas Fatais";"Pleno dia";"Crescente";"Céu Claro";"Simples";"Aclive;Reta";"Não";3;1;0;0;1;1;0;3;-23,03103374;-50,21431088;"SPRF-PR";"DEL07-PR";"UOP05-DEL07-PR"
743848;2026-01-05;"segunda-feira";"14:30:00";"PI";343;1,5;"TERESINA";"Transitar na contramão";"Saída de leito carroçável";"Com Vítimas Feridas";"Pleno dia";"Decrescente";"Céu Claro";"Dupla";"Reta";"Sim";2;0;0;1;0;1;1;2;-5,08156246;-42,7652362;"SPRF-PI";"DEL05-PI";"UOP01-DEL05-PI"
743852;2026-01-05;"segunda-feira";"15:30:00";"GO";60;102;"ANAPOLIS";"Ingestão de álcool pelo condutor";"Queda de ocupante de veículo";"Sem Vítimas";"Pleno dia";"Crescente";"Nublado";"Dupla";"Reta";"Sim";1;0;0;0;1;0;0;1;-16,40433;-48,97852;"SPRF-GO";"DEL02-GO";"UOP01-DEL02-GO"
743853;2026-01-05;"segunda-feira";"15:30:00";"RS";116;254;"SAPUCAIA DO SUL";"Ausência de reação do condutor";"Colisão traseira";"Sem Vítimas";"Pleno dia";"Crescente";"Céu Claro";"Múltipla";"Em Obras;Reta;Interseção de Vias";"Sim";2;0;0;0;2;0;0;2;-29,82375251;-51,17157788;"SPRF-RS";"DEL01-RS";"UOP02-DEL01-RS"
743854;2026-01-05;"segunda-feira";"13:00:00";"GO";153;385;"SAO FRANCISCO DE GOIAS";"Animais na Pista";"Atropelamento de Animal";"Com Vítimas Feridas";"Pleno dia";"Crescente";"Chuva";"Simples";"Reta";"Não";2;0;1;0;1;0;1;1;-15,94635135;-49,19119513;"SPRF-GO";"DEL02-GO";"UOP02-DEL02-GO"
743855;2026-01-05;"segunda-feira";"14:30:00";"GO";153;330;"JARAGUA";"Avarias e/ou desgaste excessivo no pneu";"Colisão lateral sentido oposto";"Com Vítimas Feridas";"Pleno dia";"Crescente";"Chuva";"Simples";"Curva;Aclive";"Não";2;0;1;0;1;0;1;2;-15,54862452;-49,43228066;"SPRF-GO";"DEL02-GO";"UOP02-DEL02-GO"
743856;2026-01-05;"segunda-feira";"15:00:00";"BA";324;537;"AMELIA RODRIGUES";"Acessar a via sem observar a presença dos outros veículos";"Colisão lateral mesmo sentido";"Com Vítimas Feridas";"Pleno dia";"Decrescente";"Céu Claro";"Dupla";"Rotatória";"Não";2;0;1;0;1;0;1;2;-12,376573;-38,802942;"SPRF-BA";"DEL01-BA";"UOP03-DEL01-BA"
743857;2026-01-05;"segunda-feira";"15:50:00";"SC";101;193;"BIGUACU";"Manobra de mudança de faixa";"Colisão lateral mesmo sentido";"Com Vítimas Feridas";"Pleno dia";"Decrescente";"Céu Claro";"Múltipla";"Reta;Interseção de Vias";"Sim";2;0;1;0;1;0;1;2;-27,49302;-48,6566;"SPRF-SC";"DEL01-SC";"UOP01-DEL01-SC"
743858;2026-01-05;"segunda-feira";"16:00:00";"PR";116;38;"CAMPINA GRANDE DO SUL";"Ausência de reação do condutor";"Capotamento";"Com Vítimas Feridas";"Pleno dia";"Decrescente";"Chuva";"Dupla";"Curva";"Não";3;0;2;0;1;0;2;1;-25,16488594;-48,86245441;"SPRF-PR";"DEL01-PR";"UOP02-DEL01-PR"
743859;2026-01-05;"segunda-feira";"13:40:00";"BA";135;72;"FORMOSA DO RIO PRETO";"Condutor deixou de manter distância do veículo da frente";"Colisão traseira";"Com Vítimas Feridas";"Pleno dia";"Decrescente";"Céu Claro";"Simples";"Reta";"Não";6;0;0;2;4;0;2;2;-11,339027;-45,899075;"SPRF-BA";"DEL10-BA";"UOP01-DEL10-BA"
743860;2026-01-05;"segunda-feira";"12:14:00";"RO";364;226,8;"CACOAL";"Ausência de reação do condutor";"Colisão traseira";"Com Vítimas Feridas";"Pleno dia";"Decrescente";"Nublado";"Simples";"Reta";"Sim";4;0;0;1;2;1;1;3;-11,497992;-61,372923;"SPRF-RO";"DEL02-RO";"UOP02-DEL02-RO"
743861;2026-01-05;"segunda-feira";"12:20:00";"RJ";101;293;"ITABORAI";"Ultrapassagem Indevida";"Colisão lateral mesmo sentido";"Com Vítimas Feridas";"Pleno dia";"Crescente";"Nublado";"Dupla";"Reta";"Não";2;0;1;0;1;0;1;2;-22,75520923;-42,89136529;"SPRF-RJ";"DEL02-RJ";"UOP02-DEL02-RJ"
743863;2026-01-05;"segunda-feira";"06:00:00";"BA";20;6;"CORRENTINA";"Velocidade Incompatível";"Saída de leito carroçável";"Com Vítimas Feridas";"Pleno dia";"Decrescente";"Nublado";"Simples";"Reta";"Não";3;0;0;1;2;0;1;1;-13,96629355;-46,19320393;"SPRF-BA";"DEL10-BA";"UOP02-DEL10-BA"
743864;2026-01-05;"segunda-feira";"13:15:00";"RS";386;154,9;"ALMIRANTE TAMANDARE DO SUL";"Demais falhas mecânicas ou elétricas";"Incêndio";"Com Vítimas Feridas";"Pleno dia";"Decrescente";"Céu Claro";"Simples";"Declive;Curva";"Não";1;0;1;0;0;0;1;1;-28,07881324;-52,86817901;"SPRF-RS";"DEL08-RS";"UOP01-DEL08-RS"
743865;2026-01-05;"segunda-feira";"15:15:00";"SC";101;124;"ITAJAI";"Trafegar com motocicleta (ou similar) entre as faixas";"Colisão lateral mesmo sentido";"Com Vítimas Feridas";"Pleno dia";"Decrescente";"Céu Claro";"Dupla";"Reta";"Não";2;0;1;0;1;0;1;2;-26,94150545;-48,69470478;"SPRF-SC";"DEL04-SC";"UOP04-DEL04-SC"
743866;2026-01-05;"segunda-feira";"14:00:00";"MT";163;71,9;"RONDONOPOLIS";"Ausência de reação do condutor";"Saída de leito carroçável";"Sem Vítimas";"Pleno dia";"Crescente";"Chuva";"Dupla";"Reta";"Não";2;0;0;0;2;0;0;1;-16,88209;-54,71514;"SPRF-MT";"DEL02-MT";"UOP03-DEL02-MT"
743867;2026-01-05;"segunda-feira";"15:30:00";"GO";70;48,4;"COCALZINHO DE GOIAS";"Acumulo de água sobre o pavimento";"Saída de leito carroçável";"Com Vítimas Feridas";"Pleno dia";"Crescente";"Chuva";"Simples";"Declive;Curva";"Não";1;0;0;1;0;0;1;1;-15,749288;-48,599438;"SPRF-DF";"DEL03-DF";"UOP02-DEL03-DF"
743868;2026-01-05;"segunda-feira";"14:31:00";"SC";163;70,2;"SAO MIGUEL DO OESTE";"Manobra de mudança de faixa";"Colisão lateral mesmo sentido";"Com Vítimas Feridas";"Pleno dia";"Crescente";"Céu Claro";"Dupla";"Interseção de Vias;Reta";"Sim";3;0;0;1;2;0;1;2;-26,73386966;-53,50788027;"SPRF-SC";"DEL07-SC";"UOP03-DEL07-SC"
743870;2026-01-05;"segunda-feira";"12:51:00";"MT";364;326;"CAMPO VERDE";"Acumulo de água sobre o pavimento";"Saída de leito carroçável";"Com Vítimas Feridas";"Pleno dia";"Decrescente";"Chuva";"Dupla";"Reta";"Não";5;0;4;1;0;0;5;1;-15,81597644;-55,39489031;"SPRF-MT";"DEL05-MT";"UOP02-DEL05-MT"
743871;2026-01-05;"segunda-feira";"12:00:00";"MA";10;354;"ACAILANDIA";"Ultrapassagem Indevida";"Queda de ocupante de veículo";"Com Vítimas Feridas";"Pleno dia";"Crescente";"Sol";"Simples";"Reta";"Não";1;0;1;0;0;0;1;1;-4,6881356;-47,4936289;"SPRF-MA";"DEL04-MA";"UOP03-DEL04-MA"
743873;2026-01-05;"segunda-feira";"16:45:00";"GO";40;6;"VALPARAISO DE GOIAS";"Chuva";"Engavetamento";"Sem Vítimas";"Pleno dia";"Crescente";"Chuva";"Dupla";"Reta";"Sim";3;0;0;0;3;0;0;3;-16,10088502;-47,97727728;"SPRF-DF";"DEL01-DF";"UOP01-DEL01-DF"
743874;2026-01-05;"segunda-feira";"15:40:00";"SC";282;368;"ERVAL VELHO";"Acessar a via sem observar a presença dos outros veículos";"Colisão transversal";"Com Vítimas Feridas";"Pleno dia";"Crescente";"Céu Claro";"Simples";"Reta";"Sim";5;0;0;1;4;0;1;2;-27,283248;-51,43703;"SPRF-SC";"DEL07-SC";"UOP05-DEL07-SC"
743875;2026-01-05;"segunda-feira";"14:00:00";"RJ";40;4;"COMENDADOR LEVY GASPARIAN";"Velocidade Incompatível";"Saída de leito carroçável";"Com Vítimas Feridas";"Pleno dia";"Decrescente";"Chuva";"Simples";"Curva";"Não";3;0;0;3;0;0;3;1;-22,01395533;-43,23546857;"SPRF-RJ";"DEL05-RJ";"UOP02-DEL05-RJ"
743876;2026-01-05;"segunda-feira";"17:30:00";"PR";277;13,8;"PARANAGUA";"Avarias e/ou desgaste excessivo no pneu";"Queda de ocupante de veículo";"Com Vítimas Feridas";"Pleno dia";"Crescente";"Céu Claro";"Dupla";"Reta";"Não";2;0;1;0;1;0;1;1;-25,558755;-48,651073;"SPRF-PR";"DEL01-PR";"UOP05-DEL01-PR"
743877;2026-01-05;"segunda-feira";"17:20:00";"ES";101;267;"SERRA";"Ausência de reação do condutor";"Engavetamento";"Com Vítimas Feridas";"Pleno dia";"Decrescente";"Chuva";"Múltipla";"Reta";"Sim";4;0;1;0;3;0;1;4;-20,1975542;-40,2692167;"SPRF-ES";"DEL02-ES";"UOP01-DEL02-ES"
743878;2026-01-05;"segunda-feira";"13:50:00";"SC";101;116;"ITAJAI";"Reação tardia ou ineficiente do condutor";"Colisão lateral mesmo sentido";"Com Vítimas Feridas";"Pleno dia";"Decrescente";"Céu Claro";"Múltipla";"Reta";"Sim";2;0;1;0;0;1;1;2;-26,87741237;-48,72652936;"SPRF-SC";"DEL04-SC";"UOP04-DEL04-SC"
743879;2026-01-05;"segunda-feira";"17:16:00";"SP";116;206;"GUARULHOS";"Avarias e/ou desgaste excessivo no pneu";"Tombamento";"Com Vítimas Feridas";"Pleno dia";"Decrescente";"Nublado";"Dupla";"Reta";"Sim";2;0;2;0;0;0;2;1;-23,420944;-46,388663;"SPRF-SP";"DEL01-SP";"UOP01-DEL01-SP"
743881;2026-01-05;"segunda-feira";"16:00:00";"MG";262;691,8;"ARAXA";"Reação tardia ou ineficiente do condutor";"Colisão traseira";"Com Vítimas Feridas";"Pleno dia";"Crescente";"Chuva";"Simples";"Curva";"Não";9;0;2;0;7;0;2;2;-19,58948;-47,07802;"SPRF-MG";"DEL08-MG";"UOP01-DEL08-MG"
743883;2026-01-05;"segunda-feira";"16:50:00";"GO";60;39;"ALEXANIA";"Avarias e/ou desgaste excessivo no pneu";"Saída de leito carroçável";"Com Vítimas Feridas";"Pleno dia";"Crescente";"Nublado";"Dupla";"Aclive;Curva";"Não";1;0;1;0;0;0;1;1;-16,111007;-48,56189;"SPRF-DF";"DEL03-DF";"UOP01-DEL03-DF"
743885;2026-01-05;"segunda-feira";"17:10:00";"MG";116;429,5;"ALPERCATA";"Pista Escorregadia";"Tombamento";"Com Vítimas Feridas";"Anoitecer";"Crescente";"Chuva";"Simples";"Reta";"Não";2;0;2;0;0;0;2;2;-18,99485232;-41,98009014;"SPRF-MG";"DEL06-MG";"UOP01-DEL06-MG"
743886;2026-01-05;"segunda-feira";"14:10:00";"RJ";40;7;"COMENDADOR LEVY GASPARIAN";"Pista Escorregadia";"Saída de leito carroçável";"Com Vítimas Feridas";"Pleno dia";"Decrescente";"Garoa/Chuvisco";"Simples";"Curva";"Não";4;0;1;3;0;0;4;1;-22,03108797;-43,22623171;"SPRF-RJ";"DEL05-RJ";"UOP02-DEL05-RJ"
743887;2026-01-05;"segunda-feira";"16:15:00";"MG";40;37,5;"PARACATU";"Ausência de reação do condutor";"Saída de leito carroçável";"Com Vítimas Feridas";"Pleno dia";"Decrescente";"Chuva";"Simples";"Curva;Aclive";"Sim";3;0;3;0;0;0;3;1;-17,20783;-46,903615;"SPRF-MG";"DEL14-MG";"UOP01-DEL14-MG"
743888;2026-01-05;"segunda-feira";"15:25:00";"MG";381;161,8;"GOVERNADOR VALADARES";"Acessar a via sem observar a presença dos outros veículos";"Colisão transversal";"Com Vítimas Feridas";"Pleno dia";"Decrescente";"Chuva";"Simples";"Reta";"Não";10;0;4;0;6;0;4;2;-18,938537;-42,055017;"SPRF-MG";"DEL06-MG";"UOP01-DEL06-MG"
743889;2026-01-05;"segunda-feira";"17:50:00";"SP";116;288;"ITAPECERICA DA SERRA";"Ausência de reação do condutor";"Queda de ocupante de veículo";"Com Vítimas Feridas";"Anoitecer";"Crescente";"Nublado";"Simples";"Retorno Regulamentado;Reta";"Sim";1;0;0;1;0;0;1;1;-23,7061779;-46,87416363;"SPRF-SP";"DEL04-SP";"UOP01-DEL04-SP"
743891;2026-01-05;"segunda-feira";"18:15:00";"RS";386;28;"FREDERICO WESTPHALEN";"Ausência de reação do condutor";"Colisão transversal";"Com Vítimas Feridas";"Pleno dia";"Decrescente";"Céu Claro";"Simples";"Reta";"Não";2;0;0;1;1;0;1;2;-27,31268007;-53,3772254;"SPRF-RS";"DEL08-RS";"UOP02-DEL08-RS"
743893;2026-01-05;"segunda-feira";"18:30:00";"MG";381;485,8;"BETIM";"Demais falhas mecânicas ou elétricas";"Tombamento";"Com Vítimas Feridas";"Plena Noite";"Crescente";"Garoa/Chuvisco";"Múltipla";"Reta;Aclive";"Sim";1;0;1;0;0;0;1;1;-19,9559538;-44,1048169;"SPRF-MG";"DEL01-MG";"UOP03-DEL01-MG"
743894;2026-01-05;"segunda-feira";"18:00:00";"SC";101;124;"ITAJAI";"Reação tardia ou ineficiente do condutor";"Queda de ocupante de veículo";"Com Vítimas Feridas";"Pleno dia";"Decrescente";"Céu Claro";"Múltipla";"Reta";"Sim";1;0;1;0;0;0;1;1;-26,94815934;-48,6827879;"SPRF-SC";"DEL04-SC";"UOP04-DEL04-SC"