"id";"data_inversa";"dia_semana";"horario";"uf";"br";"km";"municipio";"causa_acidente";"tipo_acidente";"classificacao_acidente";"fase_dia";"sentido_via";"condicao_metereologica";"tipo_pista";"tracado_via";"uso_solo";"pessoas";"mortos";"feridos_leves";"feridos_graves";"ilesos";"ignorados";"feridos";"veiculos";"latitude";"longitude";"regional";"delegacia";"uop"
744005;2026-01-06;"terça-feira";"11:15:00";"PE";101;70,3;"RECIFE";"Reação tardia ou ineficiente do condutor";"Colisão traseira";"Com Vítimas Feridas";"Pleno dia";"Decrescente";"Céu Claro";"Dupla";"Reta";"Sim";4;0;3;0;1;0;3;3;-8,07173;-34,94251;"SPRF-PE";"DEL01-PE";"UOP01-DEL01-PE"
744007;2026-01-06;"terça-feira";"11:40:00";"RS";285;124,3;"VACARIA";"Desrespeitar a preferência no cruzamento";"Colisão transversal";"Com Vítimas Feridas";"Pleno dia";"Decrescente";"Céu Claro";"Simples";"Rotatória";"Sim";2;0;1;0;1;0;1;2;-28,487051;-50,959785;"SPRF-RS";"DEL05-RS";"UOP03-DEL05-RS"
744008;2026-01-06;"terça-feira";"12:30:00";"BA";116;510;"SANTA TERESINHA";"Acessar a via sem observar a presença dos outros veículos";"Colisão transversal";"Com Vítimas Feridas";"Pleno dia";"Crescente";"Céu Claro";"Simples";"Reta";"Não";2;0;0;1;1;0;1;2;-12,6602;-39,6284;"SPRF-BA";"DEL02-BA";"UOP01-DEL02-BA"
744010;2026-01-02;"sexta-feira";"19:20:00";"PR";116;121;"CURITIBA";"Manobra de mudança de faixa";"Colisão lateral mesmo sentido";"Com Vítimas Feridas";"Plena Noite";"Crescente";"Nublado";"Dupla";"Reta";"Não";5;0;1;0;3;1;1;3;-25,59389;-49,316035;"SPRF-PR";"DEL01-PR";"UOP03-DEL01-PR"
744011;2026-01-06;"terça-feira";"11:25:00";"RJ";393;286;"VOLTA REDONDA";"Condutor desrespeitou a iluminação vermelha do semáforo";"Colisão transversal";"Com Vítimas Feridas";"Pleno dia";"Crescente";"Céu Claro";"Simples";"Interseção de Vias;Reta";"Sim";2;0;2;0;0;0;2;2;-22,50668937;-44,07769561;"SPRF-RJ";"DEL05-RJ";"UOP04-DEL05-RJ"
744012;2026-01-06;"terça-feira";"09:40:00";"CE";20;200,9;"BOA VIAGEM";"Condutor deixou de manter distância do veículo da frente";"Colisão traseira";"Com Vítimas Fatais";"Pleno dia";"Crescente";"Céu Claro";"Simples";"Reta;Aclive";"Não";6;1;0;0;5;0;0;2;-5,14352934;-39,74263128;"SPRF-CE";"DEL02-CE";"UOP02-DEL02-CE"
744015;2026-01-06;"terça-feira";"12:35:00";"MG";381;693;"LAVRAS";"Reação tardia ou ineficiente do condutor";"Saída de leito carroçável";"Com Vítimas Feridas";"Pleno dia";"Decrescente";"Céu Claro";"Dupla";"Curva;Declive";"Não";2;0;1;0;1;0;1;1;-21,230525;-45,134001;"SPRF-MG";"DEL04-MG";"UOP02-DEL04-MG"
744016;2026-01-06;"terça-feira";"13:40:00";"RJ";101;108;"CAMPOS DOS GOYTACAZES";"Chuva";"Colisão com objeto";"Com Vítimas Feridas";"Pleno dia";"Crescente";"Chuva";"Dupla";"Reta";"Não";2;0;1;0;1;0;1;1;-21,939824;-41,631794;"SPRF-RJ";"DEL08-RJ";"UOP02-DEL08-RJ"
744018;2026-01-01;"quinta-feira";"01:46:00";"PR";277;12,8;"PARANAGUA";"Ausência de reação do condutor";"Saída de leito carroçável";"Com Vítimas Feridas";"Plena Noite";"Decrescente";"Céu Claro";"Dupla";"Reta";"Não";1;0;1;0;0;0;1;1;-25,56260089;-48,63973467;"SPRF-PR";"DEL01-PR";"UOP05-DEL01-PR"
744020;2026-01-06;"terça-feira";"01:45:00";"MA";226;434,9;"GRAJAU";"Reação tardia ou ineficiente do condutor";"Saída de leito carroçável";"Com Vítimas Feridas";"Plena Noite";"Decrescente";"Nublado";"Simples";"Reta;Declive";"Não";7;0;4;2;1;0;6;1;-5,888192;-46,274363;"SPRF-MA";"DEL04-MA";"UOP02-DEL04-MA"
744021;2026-01-06;"terça-feira";"11:30:00";"RJ";356;92;"CARDOSO MOREIRA";"Velocidade Incompatível";"Saída de leito carroçável";"Com Vítimas Feridas";"Pleno dia";"Crescente";"Chuva";"Simples";"Reta";"Não";1;0;1;0;0;0;1;1;-21,5135969;-41,59590197;"SPRF-RJ";"DEL08-RJ";"UOP03-DEL08-RJ"
744022;2026-01-06;"terça-feira";"11:50:00";"RO";364;35;"VILHENA";"Ausência de reação do condutor";"Saída de leito carroçável";"Com Vítimas Feridas";"Pleno dia";"Decrescente";"Garoa/Chuvisco";"Simples";"Reta";"Não";5;0;5;0;0;0;5;1;-12,66616702;-60,31044961;"SPRF-RO";"DEL04-RO";"UOP01-DEL04-RO"
744025;2026-01-06;"terça-feira";"12:30:00";"GO";20;94;"VILA BOA";"Reação tardia ou ineficiente do condutor";"Colisão com objeto";"Com Vítimas Feridas";"Pleno dia";"Crescente";"Nublado";"Simples";"Reta";"Não";1;0;1;0;0;0;1;1;-14,986632;-47,022832;"SPRF-DF";"DEL02-DF";"UOP02-DEL02-DF"
744027;2026-01-06;"terça-feira";"13:50:00";"SP";116;142,9;"SAO JOSE DOS CAMPOS";"Manobra de mudança de faixa";"Colisão lateral mesmo sentido";"Com Vítimas Feridas";"Pleno dia";"Crescente";"Sol";"Dupla";"Reta";"Sim";2;0;1;0;1;0;1;2;-23,17650012;-45,83430648;"SPRF-SP";"DEL02-SP";"UOP01-DEL02-SP"
744029;2026-01-06;"terça-feira";"12:10:00";"MT";163;538;"DIAMANTINO";"Condutor Dormindo";"Saída de leito carroçável";"Sem Vítimas";"Pleno dia";"Crescente";"Nublado";"Dupla";"Curva;Declive";"Não";2;0;0;0;2;0;0;1;-14,303007;-56,140513;"SPRF-MT";"DEL01-MT";"UOP01-DEL01-MT"
744030;2026-01-06;"terça-feira";"14:51:00";"TO";153;494;"PARAISO DO TOCANTINS";"Acesso irregular";"Colisão transversal";"Com Vítimas Feridas";"Pleno dia";"Crescente";"Garoa/Chuvisco";"Simples";"Reta";"Sim";2;0;1;0;0;1;1;2;-10,15504;-48,88388;"SPRF-TO";"DEL01-TO";"UOP01-DEL01-TO"
744032;2026-01-06;"terça-feira";"13:20:00";"RO";364;422;"JARU";"Reação tardia ou ineficiente do condutor";"Colisão traseira";"Com Vítimas Feridas";"Pleno dia";"Crescente";"Garoa/Chuvisco";"Simples";"Reta";"Sim";2;0;1;0;1;0;1;2;-10,46302412;-62,45376203;"SPRF-RO";"DEL03-RO";"UOP02-DEL03-RO"
744034;2026-01-06;"terça-feira";"14:30:00";"GO";153;512;"APARECIDA DE GOIANIA";"Condutor deixou de manter distância do veículo da frente";"Colisão traseira";"Sem Vítimas";"Pleno dia";"Crescente";"Nublado";"Dupla";"Reta";"Sim";2;0;0;0;2;0;0;2;-16,799892;-49,238968;"SPRF-GO";"DEL01-GO";"UOP03-DEL01-GO"
744035;2026-01-06;"terça-feira";"14:05:00";"BA";242;415;"SEABRA";"Demais falhas mecânicas ou elétricas";"Colisão com objeto";"Com Vítimas Feridas";"Pleno dia";"Decrescente";"Nublado";"Simples";"Aclive;Reta";"Sim";2;0;1;0;1;0;1;2;-12,42793303;-41,77406357;"SPRF-BA";"DEL06-BA";"UOP01-DEL06-BA"
744037;2026-01-06;"terça-feira";"13:05:00";"RJ";101;482;"ANGRA DOS REIS";"Acessar a via sem observar a presença dos outros veículos";"Colisão transversal";"Com Vítimas Feridas";"Pleno dia";"Decrescente";"Céu Claro";"Dupla";"Reta;Interseção de Vias";"Sim";2;0;1;0;1;0;1;2;-23,00462105;-44,29805338;"SPRF-RJ";"DEL03-RJ";"UOP03-DEL03-RJ"
744039;2026-01-06;"terça-feira";"14:50:00";"SC";101;156;"PORTO BELO";"Reação tardia ou ineficiente do condutor";"Colisão traseira";"Com Vítimas Feridas";"Pleno dia";"Decrescente";"Céu Claro";"Dupla";"Reta";"Sim";2;0;1;0;1;0;1;2;-27,17648106;-48,611715;"SPRF-SC";"DEL04-SC";"UOP03-DEL04-SC"
744040;2026-01-06;"terça-feira";"15:40:00";"ES";101;290;"CARIACICA";"Ausência de reação do condutor";"Colisão traseira";"Com Vítimas Feridas";"Pleno dia";"Decrescente";"Céu Claro";"Dupla";"Curva";"Sim";2;0;1;0;1;0;1;2;-20,289805;-40,391664;"SPRF-ES";"DEL01-ES";"UOP01-DEL01-ES"
744043;2026-01-06;"terça-feira";"05:40:00";"MG";365;107,5;"JEQUITAI";"Objeto estático sobre o leito carroçável";"Colisão com objeto";"Com Vítimas Feridas";"Amanhecer";"Decrescente";"Chuva";"Simples";"Reta;Declive";"Não";40;0;39;1;0;0;40;1;-17,2093246;-44,57425833;"SPRF-MG";"DEL12-MG";"UOP01-DEL12-MG"
744044;2026-01-06;"terça-feira";"16:00:00";"MG";40;723,3;"BARBACENA";"Chuva";"Saída de leito carroçável";"Com Vítimas Feridas";"Pleno dia";"Decrescente";"Chuva";"Dupla";"Declive;Curva";"Não";1;0;1;0;0;0;1;1;-21,31060578;-43,60334158;"SPRF-MG";"DEL05-MG";"UOP01-DEL05-MG"
744045;2026-01-06;"terça-feira";"15:00:00";"RS";448;1;"ESTEIO";"Avarias e/ou desgaste excessivo no pneu";"Tombamento";"Com Vítimas Feridas";"Pleno dia";"Decrescente";"Céu Claro";"Dupla";"Curva";"Sim";3;0;1;0;0;2;1;2;-29,8342089;-51,18088099;"SPRF-RS";"DEL01-RS";"UOP02-DEL01-RS"
744050;2026-01-06;"terça-feira";"16:50:00";"RJ";101;472;"ANGRA DOS REIS";"Reação tardia ou ineficiente do condutor";"Queda de ocupante de veículo";"Com Vítimas Feridas";"Pleno dia";"Decrescente";"Céu Claro";"Simples";"Reta";"Sim";2;0;1;1;0;0;2;1;-22,98843647;-44,23710563;"SPRF-RJ";"DEL03-RJ";"UOP03-DEL03-RJ"
744051;2026-01-06;"terça-feira";"16:40:00";"RJ";101;428;"MANGARATIBA";"Acessar a via sem observar a presença dos outros veículos";"Colisão transversal";"Com Vítimas Feridas";"Pleno dia";"Crescente";"Céu Claro";"Simples";"Reta;Interseção de Vias";"Não";2;0;1;0;1;0;1;2;-22,93526911;-43,99813978;"SPRF-RJ";"DEL03-RJ";"UOP02-DEL03-RJ"
744053;2026-01-06;"terça-feira";"17:00:00";"SC";101;207;"SAO JOSE";"Reação tardia ou ineficiente do condutor";"Colisão lateral mesmo sentido";"Com Vítimas Feridas";"Pleno dia";"Crescente";"Céu Claro";"Múltipla";"Reta";"Sim";3;0;1;0;2;0;1;3;-27,5945;-48,61905;"SPRF-SC";"DEL01-SC";"UOP01-DEL01-SC"
744058;2026-01-06;"terça-feira";"18:00:00";"PR";376;182;"MARINGA";"Acessar a via sem observar a presença dos outros veículos";"Colisão lateral mesmo sentido";"Com Vítimas Feridas";"Pleno dia";"Crescente";"Céu Claro";"Múltipla";"Rotatória;Interseção de Vias";"Sim";2;0;1;0;1;0;1;2;-23,43207;-51,8878;"SPRF-PR";"DEL09-PR";"UOP01-DEL09-PR"
744059;2026-01-06;"terça-feira";"17:35:00";"SP";101;52;"UBATUBA";"Ausência de reação do condutor";"Colisão lateral mesmo sentido";"Com Vítimas Feridas";"Pleno dia";"Crescente";"Céu Claro";"Simples";"Curva";"Sim";3;0;1;0;2;0;1;3;-23,46480509;-45,06237397;"SPRF-SP";"DEL06-SP";"UOP01-DEL06-SP"
744060;2026-01-06;"terça-feira";"17:30:00";"SC";101;150;"ITAPEMA";"Demais falhas mecânicas ou elétricas";"Colisão com objeto";"Com Vítimas Feridas";"Pleno dia";"Crescente";"Céu Claro";"Dupla";"Reta";"Não";2;0;0;1;1;0;1;2;-27,1248965;-48,60941783;"SPRF-SC";"DEL04-SC";"UOP03-DEL04-SC"
744061;2026-01-06;"terça-feira";"14:20:00";"BA";407;126;"SENHOR DO BONFIM";"Acesso irregular";"Colisão transversal";"Com Vítimas Feridas";"Pleno dia";"Decrescente";"Céu Claro";"Dupla";"Rotatória";"Sim";3;0;1;0;1;1;1;3;-10,458645;-40,178358;"SPRF-BA";"DEL04-BA";"UOP01-DEL04-BA"
744062;2026-01-06;"terça-feira";"17:10:00";"SP";381;82;"SAO PAULO";"Acessar a via sem observar a presença dos outros veículos";"Atropelamento de Pedestre";"Com Vítimas Feridas";"Pleno dia";"Decrescente";"Céu Claro";"Múltipla";"Reta";"Não";3;0;0;1;1;1;1;2;-23,45615769;-46,5711813;"SPRF-SP";"DEL03-SP";"UOP01-DEL03-SP"
744063;2026-01-06;"terça-feira";"17:20:00";"BA";324;513;"FEIRA DE SANTANA";"Animais na Pista";"Atropelamento de Animal";"Com Vítimas Feridas";"Anoitecer";"Decrescente";"Céu Claro";"Simples";"Reta";"Sim";1;0;0;1;0;0;1;1;-12,231213;-38,95884681;"SPRF-BA";"DEL02-BA";"UOP01-DEL02-BA"
744064;2026-01-06;"terça-feira";"17:00:00";"MG";116;408;"GOVERNADOR VALADARES";"Acumulo de óleo sobre o pavimento";"Tombamento";"Com Vítimas Feridas";"Pleno dia";"Decrescente";"Chuva";"Dupla";"Retorno Regulamentado";"Sim";2;0;1;0;1;0;1;1;-18,85133597;-41,97785036;"SPRF-MG";"DEL06-MG";"UOP01-DEL06-MG"
744065;2026-01-06;"terça-feira";"17:52:00";"PE";232;107;"BEZERROS";"Demais falhas mecânicas ou elétricas";"Incêndio";"Sem Vítimas";"Plena Noite";"Crescente";"Céu Claro";"Dupla";"Declive;Reta";"Não";1;0;0;0;1;0;0;1;-8,27147;-35,80101;"SPRF-PE";"DEL02-PE";"UOP03-DEL02-PE"
744066;2026-01-06;"terça-feira";"13:40:00";"MT";70;667;"CACERES";"Acumulo de água sobre o pavimento";"Saída de leito carroçável";"Com Vítimas Feridas";"Pleno dia";"Decrescente";"Chuva";"Simples";"Reta";"Não";5;0;2;0;3;0;2;1;-16,094834;-57,290508;"SPRF-MT";"DEL03-MT";"UOP02-DEL03-MT"
744068;2026-01-06;"terça-feira";"14:40:00";"MT";174;462;"COMODORO";"Acumulo de água sobre o pavimento";"Saída de leito carroçável";"Com Vítimas Feridas";"Pleno dia";"Crescente";"Chuva";"Simples";"Curva";"Não";1;0;1;0;0;0;1;1;-13,80155875;-59,76786733;"SPRF-MT";"DEL04-MT";"UOP02-DEL04-MT"
744070;2026-01-06;"terça-feira";"17:40:00";"RJ";393;167;"TRES RIOS";"Velocidade Incompatível";"Colisão transversal";"Com Vítimas Feridas";"Pleno dia";"Decrescente";"Céu Claro";"Simples";"Reta";"Sim";3;0;2;0;1;0;2;2;-22,12102;-43,16291;"SPRF-RJ";"DEL05-RJ";"UOP01-DEL05-RJ"
744071;2026-01-06;"terça-feira";"18:25:00";"SP";116;143;"SAO JOSE DOS CAMPOS";"Reação tardia ou ineficiente do condutor";"Colisão traseira";"Com Vítimas Feridas";"Anoitecer";"Crescente";"Céu Claro";"Dupla";"Reta";"Não";2;0;1;0;0;1;1;2;-23,17742996;-45,83633423;"SPRF-SP";"DEL02-SP";"UOP01-DEL02-SP"
744073;2026-01-06;"terça-feira";"18:50:00";"SP";116;135;"SAO JOSE DOS CAMPOS";"Avarias e/ou desgaste excessivo no pneu";"Tombamento";"Com Vítimas Feridas";"Plena Noite";"Crescente";"Céu Claro";"Dupla";"Reta";"Não";1;0;1;0;0;0;1;1;-23,1497343;-45,7799262;"SPRF-SP";"DEL02-SP";"UOP01-DEL02-SP"
744074;2026-01-06;"terça-feira";"17:40:00";"RO";174;13;"VILHENA";"Desrespeitar a preferência no cruzamento";"Colisão transversal";"Com Vítimas Feridas";"Pleno dia";"Crescente";"Nublado";"Dupla";"Interseção de Vias;Reta";"Sim";3;0;2;0;1;0;2;2;-12,740519;-60,131836;"SPRF-RO";"DEL04-RO";"UOP01-DEL04-RO"
744075;2026-01-06;"terça-feira";"18:10:00";"MT";163;747;"SORRISO";"Acessar a via sem observar a presença dos outros veículos";"Colisão transversal";"Com Vítimas Feridas";"Anoitecer";"Decrescente";"Céu Claro";"Dupla";"Retorno Regulamentado;Curva;Interseção de Vias";"Sim";2;0;1;1;0;0;2;2;-12,59339242;-55,74358499;"SPRF-MT";"DEL06-MT";"UOP01-DEL06-MT"
744078;2026-01-06;"terça-feira";"19:45:00";"PR";277;73,1;"SAO JOSE DOS PINHAIS";"Objeto estático sobre o leito carroçável";"Colisão com objeto";"Com Vítimas Feridas";"Plena Noite";"Crescente";"Nublado";"Dupla";"Reta";"Sim";1;0;1;0;0;0;1;1;-25,500962;-49,151481;"SPRF-PR";"DEL01-PR";"UOP07-DEL01-PR"
744079;2026-01-06;"terça-feira";"19:00:00";"BA";367;28,4;"PORTO SEGURO";"Manobra de mudança de faixa";"Colisão lateral mesmo sentido";"Com Vítimas Feridas";"Plena Noite";"Decrescente";"Céu Claro";"Simples";"Curva";"Sim";4;0;1;1;2;0;2;2;-16,417307;-39,110742;"SPRF-BA";"DEL09-BA";"UOP03-DEL09-BA"
744080;2026-01-06;"terça-feira";"09:50:00";"PR";116;12,5;"COLOMBO";"Acumulo de óleo sobre o pavimento";"Tombamento";"Com Vítimas Feridas";"Pleno dia";"Crescente";"Céu Claro";"Dupla";"Curva;Viaduto;Interseção de Vias;Retorno Regulamentado";"Sim";1;0;1;0;0;0;1;1;-25,37623993;-49,15201354;"SPRF-PR";"DEL01-PR";"UOP02-DEL01-PR"
744082;2026-01-06;"terça-feira";"17:50:00";"PB";230;14;"CABEDELO";"Ausência de reação do condutor";"Colisão traseira";"Com Vítimas Feridas";"Plena Noite";"Crescente";"Céu Claro";"Dupla";"Reta";"Sim";2;0;0;1;1;0;1;2;-7,09182;-34,84834;"SPRF-PB";"DEL01-PB";"UOP01-DEL01-PB"
744085;2026-01-06;"terça-feira";"17:30:00";"PB";230;380;"CONDADO";"Transitar na contramão";"Colisão frontal";"Com Vítimas Fatais";"Plena Noite";"Decrescente";"Céu Claro";"Simples";"Reta";"Não";3;1;0;1;1;0;1;2;-6,913478;-37,633918;"SPRF-PB";"DEL03-PB";"UOP02-DEL03-PB"
744086;2026-01-06;"terça-feira";"19:50:00";"MG";381;732,3;"CARMO DA CACHOEIRA";"Velocidade Incompatível";"Saída de leito carroçável";"Com Vítimas Feridas";"Plena Noite";"Decrescente";"Nublado";"Dupla";"Curva";"Não";3;0;1;0;2;0;1;1;-21,41471922;-45,21286011;"SPRF-MG";"DEL16-MG";"UOP02-DEL16-MG"
744087;2026-01-06;"terça-feira";"19:10:00";"MA";135;15,6;"SAO LUIS";"Acessar a via sem observar a presença dos outros veículos";"Atropelamento de Pedestre";"Com Vítimas Feridas";"Plena Noite";"Decrescente";"Céu Claro";"Dupla";"Aclive;Reta";"Sim";2;0;0;1;0;1;1;2;-2,699675;-44,308137;"SPRF-MA";"DEL01-MA";"UOP01-DEL01-MA"
744088;2026-01-06;"terça-feira";"19:47:00";"SP";116;307,5;"SAO LOURENCO DA SERRA";"Reação tardia ou ineficiente do condutor";"Saída de leito carroçável";"Com Vítimas Feridas";"Plena Noite";"Decrescente";"Céu Claro";"Dupla";"Curva";"Sim";2;0;2;0;0;0;2;1;-23,854837;-46,93987;"SPRF-SP";"DEL04-SP";"UOP01-DEL04-SP"
744089;2026-01-06;"terça-feira";"19:30:00";"PE";316;83;"OURICURI";"Ausência de reação do condutor";"Colisão traseira";"Com Vítimas Feridas";"Plena Noite";"Crescente";"Céu Claro";"Simples";"Reta";"Sim";2;0;0;1;0;1;1;2;-7,87462;-40,085282;"SPRF-PE";"DEL05-PE";"UOP02-DEL05-PE"
744090;2026-01-06;"terça-feira";"19:20:00";"SC";101;146;"ITAPEMA";"Manobra de mudança de faixa";"Colisão lateral mesmo sentido";"Com Vítimas Feridas";"Anoitecer";"Decrescente";"Nublado";"Dupla";"Reta";"Sim";3;0;2;0;1;0;2;2;-27,08702173;-48,60978381;"SPRF-SC";"DEL04-SC";"UOP03-DEL04-SC"
744091;2026-01-06;"terça-feira";"19:30:00";"RS";290;404,6;"SANTA MARGARIDA DO SUL";"Demais falhas mecânicas ou elétricas";"Incêndio";"Sem Vítimas";"Pleno dia";"Decrescente";"Céu Claro";"Simples";"Reta";"Não";1;0;0;0;1;0;0;1;-30,364437;-54,203467;"SPRF-RS";"DEL09-RS";"UOP02-DEL09-RS"
744092;2026-01-06;"terça-feira";"19:20:00";"RO";364;193,2;"PIMENTA BUENO";"Ausência de reação do condutor";"Colisão traseira";"Com Vítimas Feridas";"Plena Noite";"Decrescente";"Nublado";"Simples";"Reta";"Não";1;0;1;0;0;0;1;1;-11,70531638;-61,16617799;"SPRF-RO";"DEL02-RO";"UOP02-DEL02-RO"
744093;2026-01-06;"terça-feira";"21:15:00";"GO";40;25;"LUZIANIA";"Reação tardia ou ineficiente do condutor";"Colisão com objeto";"Com Vítimas Feridas";"Plena Noite";"Decrescente";"Chuva";"Simples";"Desvio Temporário;Curva";"Não";1;0;1;0;0;0;1;1;-16,25427175;-47,89936066;"SPRF-DF";"DEL01-DF";"UOP01-DEL01-DF"
744094;2026-01-06;"terça-feira";"20:20:00";"PB";104;142;"QUEIMADAS";"Reação tardia ou ineficiente do condutor";"Saída de leito carroçável";"Sem Vítimas";"Plena Noite";"Decrescente";"Céu Claro";"Simples";"Curva";"Sim";1;0;0;0;0;1;0;1;-7,385056;-35,895705;"SPRF-PB";"DEL02-PB";"UOP03-DEL02-PB"
744095;2026-01-06;"terça-feira";"20:30:00";"PR";476;169,8;"CONTENDA";"Acessar a via sem observar a presença dos outros veículos";"Atropelamento de Pedestre";"Com Vítimas Fatais";"Plena Noite";"Decrescente";"Nublado";"Simples";"Curva;Aclive";"Sim";3;1;0;0;1;1;0;2;-25,67191;-49,51007;"SPRF-PR";"DEL01-PR";"UOP06-DEL01-PR"
744096;2026-01-06;"terça-feira";"21:10:00";"PR";163;139;"CAPITAO LEONIDAS MARQUES";"Problema na suspensão";"Saída de leito carroçável";"Sem Vítimas";"Plena Noite";"Crescente";"Céu Claro";"Simples";"Curva";"Não";1;0;0;0;0;1;0;1;-25,4807838;-53,59088677;"SPRF-PR";"DEL05-PR";"UOP05-DEL05-PR"
744104;2026-01-06;"terça-feira";"23:45:00";"MS";376;32;"VICENTINA";"Animais na Pista";"Atropelamento de Animal";"Com Vítimas Feridas";"Plena Noite";"Crescente";"Céu Claro";"Simples";"Reta";"Não";1;0;1;0;0;0;1;1;-22,398585;-54,462827;"SPRF-MS";"DEL04-MS";"UOP01-DEL04-MS"
744106;2026-01-07;"quarta-feira";"01:10:00";"MS";262;552,4;"MIRANDA";"Ausência de reação do condutor";"Colisão frontal";"Sem Vítimas";"Plena Noite";"Crescente";"Céu Claro";"Simples";"Reta";"Sim";6;0;0;0;5;1;0;3;-20,26735;-56,33599;"SPRF-MS";"DEL03-MS";"UOP02-DEL03-MS"
744107;2026-01-07;"quarta-feira";"02:20:00";"MG";267;154,8;"LIMA DUARTE";"Ausência de reação do condutor";"Atropelamento de Pedestre";"Com Vítimas Feridas";"Plena Noite";"Crescente";"Ignorado";"Simples";"Reta";"Não";3;0;0;1;2;0;1;2;-21,8138352;-43,73769879;"SPRF-MG";"DEL05-MG";"UOP01-DEL05-MG"
744109;2026-01-07;"quarta-feira";"02:59:00";"PE";232;16;"JABOATAO DOS GUARARAPES";"Animais na Pista";"Atropelamento de Animal";"Sem Vítimas";"Plena Noite";"Crescente";"Céu Claro";"Dupla";"Reta";"Não";2;0;0;0;2;0;0;1;-8,09389;-35,03492;"SPRF-PE";"DEL01-PE";"UOP01-DEL01-PE"
744111;2026-01-07;"quarta-feira";"03:39:00";"PE";232;7;"RECIFE";"Velocidade Incompatível";"Saída de leito carroçável";"Com Vítimas Feridas";"Plena Noite";"Decrescente";"Céu Claro";"Múltipla";"Reta;Retorno Regulamentado";"Não";2;0;2;0;0;0;2;1;-8,07532778;-34,96687381;"SPRF-PE";"DEL01-PE";"UOP01-DEL01-PE"
744112;2026-01-07;"quarta-feira";"04:00:00";"SC";101;206;"SAO JOSE";"Ausência de reação do condutor";"Tombamento";"Com Vítimas Feridas";"Plena Noite";"Decrescente";"Céu Claro";"Dupla";"Reta";"Sim";1;0;1;0;0;0;1;1;-27,591135;-48,61793;"SPRF-SC";"DEL01-SC";"UOP01-DEL01-SC"
744114;2026-01-07;"quarta-feira";"04:45:00";"SP";116;208,8;"GUARULHOS";"Condutor Dormindo";"Queda de ocupante de veículo";"Com Vítimas Feridas";"Plena Noite";"Crescente";"Céu Claro";"Dupla";"Reta";"Sim";1;0;1;0;0;0;1;1;-23,42388098;-46,39900494;"SPRF-SP";"DEL01-SP";"UOP01-DEL01-SP"
744115;2026-01-07;"quarta-feira";"05:30:00";"MG";381;343;"JOAO MONLEVADE";"Reação tardia ou ineficiente do condutor";"Queda de ocupante de veículo";"Com Vítimas Feridas";"Amanhecer";"Decrescente";"Garoa/Chuvisco";"Simples";"Curva";"Não";1;0;1;0;0;0;1;1;-19,866;-43,125;"SPRF-MG";"DEL03-MG";"UOP01-DEL03-MG"
744118;2026-01-07;"quarta-feira";"04:40:00";"MT";163;119,5;"RONDONOPOLIS";"Demais falhas mecânicas ou elétricas";"Incêndio";"Sem Vítimas";"Amanhecer";"Decrescente";"Céu Claro";"Dupla";"Reta";"Sim";1;0;0;0;1;0;0;1;-16,49051382;-54,64710955;"SPRF-MT";"DEL02-MT";"UOP01-DEL02-MT"
744121;2026-01-07;"quarta-feira";"06:40:00";"PA";316;56,4;"CASTANHAL";"Conversão proibida";"Colisão lateral sentido oposto";"Sem Vítimas";"Pleno dia";"Decrescente";"Céu Claro";"Dupla";"Reta";"Sim";4;0;0;0;4;0;0;2;-1,29952;-47,97199;"SPRF-PA";"DEL01-PA";"UOP01-DEL01-PA"
744122;2026-01-06;"terça-feira";"23:40:00";"RO";425;55;"NOVA MAMORE";"Animais na Pista";"Saída de leito carroçável";"Com Vítimas Feridas";"Plena Noite";"Crescente";"Céu Claro";"Simples";"Reta;Em Obras";"Não";4;0;2;0;2;0;2;1;-10,186962;-65,289305;"SPRF-RO";"DEL01-RO";"UOP03-DEL01-RO"
744124;2026-01-07;"quarta-feira";"04:30:00";"GO";153;258;"SAO LUIZ DO NORTE";"Transitar na contramão";"Saída de leito carroçável";"Sem Vítimas";"Plena Noite";"Decrescente";"Chuva";"Simples";"Aclive;Reta";"Não";47;0;0;0;47;0;0;2;-14,989078;-49,410228;"SPRF-GO";"DEL07-GO";"UOP02-DEL07-GO"
744128;2026-01-07;"quarta-feira";"06:38:00";"PE";101;92;"CABO DE SANTO AGOSTINHO";"Manobra de mudança de faixa";"Colisão lateral mesmo sentido";"Com Vítimas Feridas";"Pleno dia";"Crescente";"Sol";"Dupla";"Reta";"Não";2;0;1;0;1;0;1;2;-8,2353;-35,00026;"SPRF-PE";"DEL01-PE";"UOP01-DEL01-PE"
744131;2026-01-07;"quarta-feira";"07:14:00";"PI";343;2,2;"TERESINA";"Reação tardia ou ineficiente do condutor";"Colisão com objeto";"Com Vítimas Feridas";"Pleno dia";"Crescente";"Céu Claro";"Dupla";"Reta";"Sim";1;0;0;1;0;0;1;1;-5,081525;-42,770052;"SPRF-PI";"DEL01-PI";"UOP01-DEL01-PI"
744132;2026-01-07;"quarta-feira";"07:14:00";"ES";101;139,3;"LINHARES";"Acessar a via sem observar a presença dos outros veículos";"Colisão transversal";"Com Vítimas Feridas";"Pleno dia";"Decrescente";"Céu Claro";"Simples";"Reta;Retorno Regulamentado";"Não";2;0;0;1;1;0;1;2;-19,3133046;-40,07835953;"SPRF-ES";"DEL04-ES";"UOP01-DEL04-ES"