"id";"data_inversa";"dia_semana";"horario";"uf";"br";"km";"municipio";"causa_acidente";"tipo_acidente";"classificacao_acidente";"fase_dia";"sentido_via";"condicao_metereologica";"tipo_pista";"tracado_via";"uso_solo";"pessoas";"mortos";"feridos_leves";"feridos_graves";"ilesos";"ignorados";"feridos";"veiculos";"latitude";"longitude";"regional";"delegacia";"uop"
744605;2026-01-09;"sexta-feira";"13:55:00";"RO";364;333;"JI-PARANA";"Ausência de reação do condutor";"Saída de leito carroçável";"Com Vítimas Feridas";"Pleno dia";"Decrescente";"Céu Claro";"Simples";"Curva";"Não";1;0;1;0;0;0;1;1;-10,954175;-61,92007;"SPRF-RO";"DEL02-RO";"UOP01-DEL02-RO"
744606;2026-01-09;"sexta-feira";"16:25:00";"AL";316;267;"SATUBA";"Ausência de reação do condutor";"Colisão traseira";"Com Vítimas Feridas";"Pleno dia";"Decrescente";"Céu Claro";"Simples";"Reta";"Não";2;0;1;0;1;0;1;2;-9,58326;-35,84016;"SPRF-AL";"DEL02-AL";"UOP01-DEL02-AL"
744607;2026-01-09;"sexta-feira";"16:30:00";"GO";60;370;"RIO VERDE";"Demais falhas mecânicas ou elétricas";"Incêndio";"Com Vítimas Feridas";"Pleno dia";"Decrescente";"Céu Claro";"Dupla";"Reta";"Não";3;0;1;0;2;0;1;1;-17,70294;-50,8463889;"SPRF-GO";"DEL04-GO";"UOP02-DEL04-GO"
744609;2026-01-09;"sexta-feira";"17:15:00";"MS";60;427;"SIDROLANDIA";"Acessar a via sem observar a presença dos outros veículos";"Colisão transversal";"Com Vítimas Fatais";"Pleno dia";"Crescente";"Nublado";"Dupla";"Reta;Interseção de Vias";"Sim";4;1;0;0;3;0;0;2;-20,94413815;-54,96677579;"SPRF-MS";"DEL01-MS";"UOP04-DEL01-MS"
744610;2026-01-09;"sexta-feira";"17:10:00";"GO";153;334;"JARAGUA";"Condutor deixou de manter distância do veículo da frente";"Colisão traseira";"Sem Vítimas";"Pleno dia";"Crescente";"Céu Claro";"Simples";"Aclive;Reta";"Não";4;0;0;0;4;0;0;4;-15,559134;-49,424183;"SPRF-GO";"DEL02-GO";"UOP02-DEL02-GO"
744611;2026-01-09;"sexta-feira";"17:00:00";"MT";174;484;"COMODORO";"Acessar a via sem observar a presença dos outros veículos";"Colisão transversal";"Com Vítimas Feridas";"Pleno dia";"Crescente";"Céu Claro";"Simples";"Interseção de Vias;Reta";"Sim";2;0;1;0;1;0;1;2;-13,6721748;-59,7905833;"SPRF-MT";"DEL04-MT";"UOP02-DEL04-MT"
744613;2026-01-09;"sexta-feira";"17:50:00";"PE";104;48,4;"CARUARU";"Ingestão de álcool pelo condutor";"Capotamento";"Com Vítimas Feridas";"Plena Noite";"Decrescente";"Céu Claro";"Dupla";"Reta";"Não";2;0;1;0;1;0;1;1;-8,1385873;-35,9889297;"SPRF-PE";"DEL02-PE";"UOP01-DEL02-PE"
744614;2026-01-09;"sexta-feira";"17:10:00";"PR";376;349;"ORTIGUEIRA";"Condutor deixou de manter distância do veículo da frente";"Colisão traseira";"Com Vítimas Feridas";"Pleno dia";"Decrescente";"Céu Claro";"Dupla";"Declive;Reta";"Não";10;0;2;0;8;0;2;3;-24,22311288;-50,93006372;"SPRF-PR";"DEL07-PR";"UOP02-DEL07-PR"
744616;2026-01-09;"sexta-feira";"16:30:00";"RJ";116;251;"PIRAI";"Ausência de sinalização";"Queda de ocupante de veículo";"Com Vítimas Feridas";"Pleno dia";"Crescente";"Céu Claro";"Dupla";"Reta;Em Obras;Aclive";"Não";2;0;2;0;0;0;2;1;-22,6669025;-43,8411137;"SPRF-RJ";"DEL07-RJ";"UOP01-DEL07-RJ"
744617;2026-01-09;"sexta-feira";"17:00:00";"RS";290;69,5;"GRAVATAI";"Reação tardia ou ineficiente do condutor";"Colisão traseira";"Com Vítimas Feridas";"Pleno dia";"Decrescente";"Céu Claro";"Dupla";"Reta";"Sim";4;0;2;0;2;0;2;2;-29,946801;-50,951964;"SPRF-RS";"DEL03-RS";"UOP01-DEL03-RS"
744619;2026-01-09;"sexta-feira";"14:50:00";"RJ";393;107;"SAPUCAIA";"Acesso irregular";"Colisão traseira";"Com Vítimas Feridas";"Pleno dia";"Crescente";"Céu Claro";"Simples";"Reta";"Sim";3;0;0;1;1;1;1;3;-21,89273942;-42,70831458;"SPRF-RJ";"DEL05-RJ";"UOP01-DEL05-RJ"
744621;2026-01-09;"sexta-feira";"18:02:00";"MS";463;1;"DOURADOS";"Acesso irregular";"Colisão lateral mesmo sentido";"Com Vítimas Feridas";"Anoitecer";"Decrescente";"Céu Claro";"Simples";"Reta";"Sim";2;0;1;0;0;1;1;2;-22,25913293;-54,81004;"SPRF-MS";"DEL04-MS";"UOP01-DEL04-MS"
744623;2026-01-09;"sexta-feira";"17:07:00";"PI";316;23,8;"TERESINA";"Condutor deixou de manter distância do veículo da frente";"Colisão traseira";"Com Vítimas Feridas";"Pleno dia";"Crescente";"Céu Claro";"Dupla";"Reta";"Não";3;0;0;2;1;0;2;2;-5,293965;-42,713548;"SPRF-PI";"DEL01-PI";"UOP02-DEL01-PI"
744625;2026-01-09;"sexta-feira";"18:00:00";"BA";242;812;"BARREIRAS";"Acessar a via sem observar a presença dos outros veículos";"Colisão transversal";"Com Vítimas Feridas";"Anoitecer";"Crescente";"Céu Claro";"Simples";"Interseção de Vias;Reta";"Não";4;0;1;0;3;0;1;2;-12,12947047;-44,94944572;"SPRF-BA";"DEL10-BA";"UOP01-DEL10-BA"
744626;2026-01-09;"sexta-feira";"18:15:00";"RJ";101;311;"SAO GONCALO";"Trafegar com motocicleta (ou similar) entre as faixas";"Queda de ocupante de veículo";"Com Vítimas Feridas";"Pleno dia";"Decrescente";"Céu Claro";"Dupla";"Reta";"Sim";2;0;1;0;1;0;1;2;-22,8046682;-43,05850983;"SPRF-RJ";"DEL02-RJ";"UOP02-DEL02-RJ"
744627;2026-01-09;"sexta-feira";"17:00:00";"MT";364;400;"CUIABA";"Ausência de reação do condutor";"Saída de leito carroçável";"Com Vítimas Feridas";"Pleno dia";"Crescente";"Nublado";"Dupla";"Reta";"Sim";3;0;1;0;1;1;1;1;-15,664303;-55,964495;"SPRF-MT";"DEL01-MT";"UOP02-DEL01-MT"
744628;2026-01-09;"sexta-feira";"18:44:00";"PE";232;8;"RECIFE";"Objeto estático sobre o leito carroçável";"Colisão com objeto";"Com Vítimas Feridas";"Plena Noite";"Crescente";"Garoa/Chuvisco";"Múltipla";"Reta";"Sim";1;0;0;1;0;0;1;1;-8,07569;-34,97005;"SPRF-PE";"DEL01-PE";"UOP01-DEL01-PE"
744629;2026-01-09;"sexta-feira";"16:20:00";"SC";101;153;"PORTO BELO";"Trafegar com motocicleta (ou similar) entre as faixas";"Colisão lateral mesmo sentido";"Com Vítimas Feridas";"Pleno dia";"Decrescente";"Céu Claro";"Dupla";"Reta";"Sim";3;0;1;1;1;0;2;2;-27,14303525;-48,61002705;"SPRF-SC";"DEL04-SC";"UOP03-DEL04-SC"
744630;2026-01-09;"sexta-feira";"19:02:00";"PE";101;51,8;"PAULISTA";"Ausência de reação do condutor";"Tombamento";"Com Vítimas Feridas";"Plena Noite";"Crescente";"Céu Claro";"Dupla";"Reta";"Sim";1;0;0;1;0;0;1;1;-7,919298;-34,8956171;"SPRF-PE";"DEL01-PE";"UOP02-DEL01-PE"
744632;2026-01-09;"sexta-feira";"17:40:00";"RS";116;253;"SAPUCAIA DO SUL";"Ingestão de álcool pelo condutor";"Colisão traseira";"Sem Vítimas";"Pleno dia";"Crescente";"Céu Claro";"Múltipla";"Reta";"Sim";2;0;0;0;2;0;0;2;-29,81588755;-51,16960502;"SPRF-RS";"DEL01-RS";"UOP02-DEL01-RS"
744633;2026-01-09;"sexta-feira";"19:20:00";"ES";101;267;"SERRA";"Acessar a via sem observar a presença dos outros veículos";"Colisão transversal";"Com Vítimas Feridas";"Plena Noite";"Decrescente";"Céu Claro";"Dupla";"Reta";"Sim";2;0;1;0;1;0;1;2;-20,20586;-40,2691;"SPRF-ES";"DEL02-ES";"UOP01-DEL02-ES"
744634;2026-01-09;"sexta-feira";"16:30:00";"RJ";116;323;"ITATIAIA";"Conversão proibida";"Colisão transversal";"Com Vítimas Feridas";"Pleno dia";"Crescente";"Céu Claro";"Simples";"Reta";"Sim";3;0;1;0;2;0;1;2;-22,48983308;-44,5582494;"SPRF-RJ";"DEL07-RJ";"UOP02-DEL07-RJ"
744636;2026-01-09;"sexta-feira";"19:30:00";"PR";277;80;"CURITIBA";"Trafegar com motocicleta (ou similar) entre as faixas";"Colisão lateral mesmo sentido";"Com Vítimas Feridas";"Plena Noite";"Decrescente";"Garoa/Chuvisco";"Dupla";"Reta";"Não";4;0;1;0;3;0;1;3;-25,46797915;-49,21400607;"SPRF-PR";"DEL01-PR";"UOP03-DEL01-PR"
744637;2026-01-09;"sexta-feira";"19:00:00";"RJ";101;46;"CAMPOS DOS GOYTACAZES";"Acessar a via sem observar a presença dos outros veículos";"Colisão transversal";"Com Vítimas Feridas";"Plena Noite";"Crescente";"Ignorado";"Simples";"Rotatória;Reta;Interseção de Vias";"Sim";4;0;1;0;3;0;1;2;-21,60650497;-41,31677985;"SPRF-RJ";"DEL08-RJ";"UOP01-DEL08-RJ"
744638;2026-01-09;"sexta-feira";"17:40:00";"PI";316;6,8;"TERESINA";"Entrada inopinada do pedestre";"Atropelamento de Pedestre";"Com Vítimas Feridas";"Pleno dia";"Crescente";"Céu Claro";"Múltipla";"Reta";"Sim";6;0;0;4;1;1;4;4;-5,14211627;-42,78485299;"SPRF-PI";"DEL01-PI";"UOP02-DEL01-PI"
744639;2026-01-09;"sexta-feira";"19:30:00";"PE";232;54;"POMBOS";"Entrada inopinada do pedestre";"Atropelamento de Pedestre";"Com Vítimas Feridas";"Plena Noite";"Crescente";"Céu Claro";"Dupla";"Retorno Regulamentado;Reta";"Não";2;0;0;1;1;0;1;2;-8,13010403;-35,35938827;"SPRF-PE";"DEL02-PE";"UOP02-DEL02PE"
744642;2026-01-09;"sexta-feira";"20:20:00";"SC";101;122;"ITAJAI";"Trafegar com motocicleta (ou similar) entre as faixas";"Colisão lateral mesmo sentido";"Com Vítimas Feridas";"Plena Noite";"Crescente";"Nublado";"Dupla";"Reta";"Sim";2;0;1;0;0;1;1;2;-26,933112;-48,70229;"SPRF-SC";"DEL04-SC";"UOP04-DEL04-SC"
744643;2026-01-09;"sexta-feira";"20:30:00";"SP";116;187,5;"SANTA ISABEL";"Objeto estático sobre o leito carroçável";"Colisão com objeto";"Com Vítimas Feridas";"Plena Noite";"Crescente";"Céu Claro";"Dupla";"Reta";"Não";1;0;1;0;0;0;1;1;-23,358017;-46,212382;"SPRF-SP";"DEL01-SP";"UOP01-DEL01-SP"
744645;2026-01-09;"sexta-feira";"19:25:00";"GO";153;175;"CAMPINORTE";"Acessar a via sem observar a presença dos outros veículos";"Colisão transversal";"Com Vítimas Feridas";"Plena Noite";"Crescente";"Céu Claro";"Simples";"Interseção de Vias";"Sim";5;0;2;1;2;0;3;2;-14,31485011;-49,15013587;"SPRF-GO";"DEL07-GO";"UOP02-DEL07-GO"
744647;2026-01-09;"sexta-feira";"20:05:00";"PR";369;122;"JATAIZINHO";"Condutor usando celular";"Atropelamento de Pedestre";"Com Vítimas Fatais";"Plena Noite";"Decrescente";"Céu Claro";"Dupla";"Reta";"Não";2;1;0;0;0;1;0;2;-23,28578839;-50,91388162;"SPRF-PR";"DEL07-PR";"UOP05-DEL07-PR"
744648;2026-01-09;"sexta-feira";"20:20:00";"SP";116;280;"EMBU DAS ARTES";"Reação tardia ou ineficiente do condutor";"Colisão traseira";"Com Vítimas Feridas";"Plena Noite";"Crescente";"Céu Claro";"Dupla";"Aclive;Reta";"Sim";3;0;0;1;2;0;1;3;-23,64507457;-46,84084296;"SPRF-SP";"DEL04-SP";"UOP01-DEL04-SP"
744649;2026-01-09;"sexta-feira";"16:10:00";"RJ";101;326;"RIO DE JANEIRO";"Ausência de reação do condutor";"Queda de ocupante de veículo";"Com Vítimas Feridas";"Pleno dia";"Decrescente";"Céu Claro";"Dupla";"Reta";"Sim";2;0;2;0;0;0;2;1;-22,8704665;-43,16402695;"SPRF-RJ";"DEL02-RJ";"UOP01-DEL02-RJ"
744650;2026-01-09;"sexta-feira";"20:25:00";"PE";423;94,3;"GARANHUNS";"Acessar a via sem observar a presença dos outros veículos";"Colisão transversal";"Com Vítimas Feridas";"Plena Noite";"Decrescente";"Céu Claro";"Simples";"Reta";"Sim";3;0;2;1;0;0;3;2;-8,87858899;-36,47719413;"SPRF-PE";"DEL03-PE";"UOP01-DEL03-PE"
744653;2026-01-09;"sexta-feira";"20:50:00";"CE";116;53;"PACAJUS";"Acostamento em desnível";"Tombamento";"Com Vítimas Feridas";"Plena Noite";"Crescente";"Céu Claro";"Simples";"Reta";"Não";2;0;0;1;0;1;1;1;-4,20162652;-38,47012544;"SPRF-CE";"DEL01-CE";"UOP04-DEL01-CE"
744654;2026-01-09;"sexta-feira";"17:30:00";"MG";153;112;"PRATA";"Conversão proibida";"Colisão transversal";"Com Vítimas Feridas";"Pleno dia";"Crescente";"Sol";"Simples";"Reta";"Não";3;0;1;0;2;0;1;2;-19,32944039;-48,90553699;"SPRF-MG";"DEL15-MG";"UOP03-DEL15-MG"
744656;2026-01-09;"sexta-feira";"21:00:00";"PI";343;3,3;"TERESINA";"Ausência de reação do condutor";"Colisão traseira";"Com Vítimas Feridas";"Plena Noite";"Crescente";"Céu Claro";"Múltipla";"Reta";"Sim";2;0;1;0;1;0;1;2;-5,080633;-42,779733;"SPRF-PI";"DEL01-PI";"UOP01-DEL01-PI"
744657;2026-01-09;"sexta-feira";"21:00:00";"PR";277;115,8;"CAMPO LARGO";"Reação tardia ou ineficiente do condutor";"Colisão com objeto";"Com Vítimas Feridas";"Plena Noite";"Decrescente";"Nublado";"Dupla";"Interseção de Vias;Curva";"Sim";1;0;0;1;0;0;1;1;-25,43711542;-49,44439592;"SPRF-PR";"DEL03-PR";"UOP03-DEL03-PR"
744658;2026-01-09;"sexta-feira";"21:35:00";"SC";101;194,9;"BIGUACU";"Reação tardia ou ineficiente do condutor";"Queda de ocupante de veículo";"Com Vítimas Feridas";"Plena Noite";"Crescente";"Céu Claro";"Múltipla";"Reta";"Sim";1;0;1;0;0;0;1;1;-27,5042314;-48,65092484;"SPRF-SC";"DEL01-SC";"UOP01-DEL01-SC"
744659;2026-01-09;"sexta-feira";"21:00:00";"PE";101;86;"JABOATAO DOS GUARARAPES";"Reação tardia ou ineficiente do condutor";"Colisão com objeto";"Com Vítimas Feridas";"Plena Noite";"Decrescente";"Nublado";"Dupla";"Ponte";"Sim";1;0;0;1;0;0;1;1;-8,18628;-34,97133;"SPRF-PE";"DEL01-PE";"UOP01-DEL01-PE"
744660;2026-01-09;"sexta-feira";"21:00:00";"RJ";101;299;"ITABORAI";"Trafegar com motocicleta (ou similar) entre as faixas";"Atropelamento de Pedestre";"Com Vítimas Feridas";"Plena Noite";"Decrescente";"Céu Claro";"Dupla";"Reta";"Sim";2;0;2;0;0;0;2;2;-22,77315444;-42,93469906;"SPRF-RJ";"DEL02-RJ";"UOP02-DEL02-RJ"
744661;2026-01-09;"sexta-feira";"21:00:00";"MG";40;622,5;"CONSELHEIRO LAFAIETE";"Reação tardia ou ineficiente do condutor";"Colisão traseira";"Com Vítimas Feridas";"Plena Noite";"Decrescente";"Céu Claro";"Simples";"Reta";"Não";3;0;1;0;2;0;1;2;-20,601767;-43,806669;"SPRF-MG";"DEL05-MG";"UOP02-DEL05-MG"
744662;2026-01-09;"sexta-feira";"14:50:00";"PR";163;147,8;"SANTA LUCIA";"Velocidade Incompatível";"Saída de leito carroçável";"Com Vítimas Feridas";"Pleno dia";"Crescente";"Céu Claro";"Simples";"Curva";"Não";1;0;0;1;0;0;1;1;-25,413979;-53,574073;"SPRF-PR";"DEL05-PR";"UOP05-DEL05-PR"
744663;2026-01-09;"sexta-feira";"20:45:00";"MS";163;622,3;"SAO GABRIEL DO OESTE";"Reação tardia ou ineficiente do condutor";"Colisão com objeto";"Com Vítimas Feridas";"Plena Noite";"Crescente";"Nublado";"Dupla";"Reta";"Não";2;0;1;0;1;0;1;1;-19,29435302;-54,63434592;"SPRF-MS";"DEL06-MS";"UOP02-DEL06-MS"
744664;2026-01-09;"sexta-feira";"21:23:00";"ES";101;331,8;"GUARAPARI";"Manobra de mudança de faixa";"Colisão lateral mesmo sentido";"Com Vítimas Feridas";"Plena Noite";"Decrescente";"Céu Claro";"Dupla";"Reta";"Não";3;0;0;1;2;0;1;3;-20,607;-40,508;"SPRF-ES";"DEL03-ES";"UOP01-DEL03-ES"
744665;2026-01-09;"sexta-feira";"19:20:00";"MG";381;839,9;"SAO SEBASTIAO DA BELA VISTA";"Reação tardia ou ineficiente do condutor";"Saída de leito carroçável";"Com Vítimas Feridas";"Plena Noite";"Decrescente";"Nublado";"Dupla";"Reta";"Não";1;0;1;0;0;0;1;1;-22,16422994;-45,83202079;"SPRF-MG";"DEL16-MG";"UOP01-DEL16-MG"
744666;2026-01-09;"sexta-feira";"22:00:00";"RJ";116;189;"NOVA IGUACU";"Velocidade Incompatível";"Colisão lateral mesmo sentido";"Com Vítimas Feridas";"Plena Noite";"Decrescente";"Céu Claro";"Dupla";"Reta";"Sim";2;0;1;0;1;0;1;2;-22,73884755;-43,49444238;"SPRF-RJ";"DEL06-RJ";"UOP01-DEL06-RJ"
744667;2026-01-09;"sexta-feira";"22:08:00";"RJ";116;103;"GUAPIMIRIM";"Ausência de reação do condutor";"Queda de ocupante de veículo";"Com Vítimas Feridas";"Plena Noite";"Decrescente";"Ignorado";"Dupla";"Reta";"Sim";1;0;1;0;0;0;1;1;-22,53797995;-42,98911652;"SPRF-RJ";"DEL04-RJ";"UOP01-DEL04-RJ"
744668;2026-01-09;"sexta-feira";"20:50:00";"SC";282;381;"HERVAL DOESTE";"Reação tardia ou ineficiente do condutor";"Queda de ocupante de veículo";"Com Vítimas Feridas";"Plena Noite";"Crescente";"Garoa/Chuvisco";"Simples";"Reta";"Não";1;0;1;0;0;0;1;1;-27,20557;-51,50151;"SPRF-SC";"DEL07-SC";"UOP05-DEL07-SC"
744669;2026-01-09;"sexta-feira";"22:08:00";"CE";116;163;"RUSSAS";"Ultrapassagem Indevida";"Colisão lateral mesmo sentido";"Com Vítimas Feridas";"Plena Noite";"Decrescente";"Céu Claro";"Simples";"Reta";"Não";4;0;1;1;2;0;2;4;-4,94935383;-37,99342632;"SPRF-CE";"DEL03-CE";"UOP01-DEL03-CE"
744670;2026-01-09;"sexta-feira";"22:50:00";"MG";262;815;"UBERABA";"Demais falhas na via";"Tombamento";"Com Vítimas Feridas";"Plena Noite";"Decrescente";"Céu Claro";"Dupla";"Reta";"Não";2;0;0;1;1;0;1;1;-19,709952;-47,9821824;"SPRF-MG";"DEL13-MG";"UOP01-DEL13-MG"
744671;2026-01-09;"sexta-feira";"18:45:00";"RJ";101;271;"RIO BONITO";"Avarias e/ou desgaste excessivo no pneu";"Queda de ocupante de veículo";"Com Vítimas Feridas";"Plena Noite";"Decrescente";"Céu Claro";"Dupla";"Reta";"Sim";2;0;2;0;0;0;2;1;-22,725759;-42,694204;"SPRF-RJ";"DEL02-RJ";"UOP03-DEL02-RJ"
744672;2026-01-09;"sexta-feira";"17:00:00";"SP";116;549;"BARRA DO TURVO";"Reação tardia ou ineficiente do condutor";"Colisão com objeto";"Com Vítimas Feridas";"Pleno dia";"Decrescente";"Nublado";"Simples";"Reta";"Não";3;0;3;0;0;0;3;1;-24,9660073;-48,462573;"SPRF-SP";"DEL05-SP";"UOP02-DEL05-SP"
744674;2026-01-09;"sexta-feira";"17:15:00";"RJ";116;187;"NOVA IGUACU";"Condutor deixou de manter distância do veículo da frente";"Colisão traseira";"Com Vítimas Feridas";"Pleno dia";"Decrescente";"Céu Claro";"Dupla";"Reta";"Sim";3;0;1;0;2;0;1;3;-22,73845175;-43,47975461;"SPRF-RJ";"DEL06-RJ";"UOP01-DEL06-RJ"
744675;2026-01-09;"sexta-feira";"23:50:00";"PR";376;248;"APUCARANA";"Ausência de reação do condutor";"Saída de leito carroçável";"Com Vítimas Feridas";"Plena Noite";"Decrescente";"Céu Claro";"Dupla";"Declive;Curva";"Não";1;0;1;0;0;0;1;1;-23,610649;-51,398674;"SPRF-PR";"DEL07-PR";"UOP03-DEL07-PR"
744676;2026-01-09;"sexta-feira";"21:25:00";"PB";361;110;"ITAPORANGA";"Ausência de reação do condutor";"Tombamento";"Com Vítimas Fatais";"Plena Noite";"Crescente";"Céu Claro";"Simples";"Reta";"Não";1;1;0;0;0;0;0;1;-7,300996;-38,1333;"SPRF-PB";"DEL03-PB";"UOP01-DEL03-PB"
744678;2026-01-10;"sábado";"00:00:00";"PB";230;478;"MARIZOPOLIS";"Acessar a via sem observar a presença dos outros veículos";"Colisão frontal";"Com Vítimas Fatais";"Plena Noite";"Crescente";"Céu Claro";"Simples";"Reta";"Não";2;1;0;0;0;1;0;2;-6,851441;-38,363274;"SPRF-PB";"DEL03-PB";"UOP03-DEL03-PB"
744679;2026-01-10;"sábado";"01:00:00";"MG";381;931,8;"EXTREMA";"Curva acentuada";"Queda de ocupante de veículo";"Com Vítimas Feridas";"Plena Noite";"Decrescente";"Nublado";"Dupla";"Curva";"Não";1;0;1;0;0;0;1;1;-22,78833772;-46,24337128;"SPRF-MG";"DEL16-MG";"UOP03-DEL16-MG"
744680;2026-01-10;"sábado";"00:55:00";"RS";116;37,2;"VACARIA";"Ingestão de álcool pelo condutor";"Colisão com objeto";"Com Vítimas Feridas";"Plena Noite";"Decrescente";"Chuva";"Simples";"Interseção de Vias";"Sim";1;0;1;0;0;0;1;1;-28,50056;-50,91917;"SPRF-RS";"DEL05-RS";"UOP03-DEL05-RS"
744681;2026-01-10;"sábado";"01:00:00";"RS";287;288;"SAO PEDRO DO SUL";"Ausência de reação do condutor";"Saída de leito carroçável";"Com Vítimas Feridas";"Plena Noite";"Crescente";"Nublado";"Simples";"Reta";"Não";4;0;3;0;1;0;3;1;-29,634344;-54,257165;"SPRF-RS";"DEL09-RS";"UOP01-DEL09-RS"
744682;2026-01-10;"sábado";"00:40:00";"PR";153;32,5;"JACAREZINHO";"Ingestão de álcool pelo condutor";"Saída de leito carroçável";"Com Vítimas Feridas";"Plena Noite";"Decrescente";"Céu Claro";"Simples";"Curva";"Não";5;0;3;2;0;0;5;1;-23,21843145;-49,99874942;"SPRF-PR";"DEL07-PR";"UOP04-DEL07-PR"
744683;2026-01-09;"sexta-feira";"14:00:00";"BA";324;560;"SAO SEBASTIAO DO PASSE";"Frear bruscamente";"Colisão traseira";"Com Vítimas Feridas";"Pleno dia";"Crescente";"Céu Claro";"Dupla";"Reta";"Não";2;0;1;0;0;1;1;2;-12,50211289;-38,64149094;"SPRF-BA";"DEL01-BA";"UOP01-DEL01-BA"
744685;2026-01-10;"sábado";"02:15:00";"RS";116;150,2;"CAXIAS DO SUL";"Condutor desrespeitou a iluminação vermelha do semáforo";"Colisão transversal";"Sem Vítimas";"Plena Noite";"Crescente";"Chuva";"Dupla";"Reta;Interseção de Vias";"Sim";2;0;0;0;2;0;0;2;-29,170877;-51,159342;"SPRF-RS";"DEL05-RS";"UOP01-DEL05-RS"
744686;2026-01-10;"sábado";"02:30:00";"RS";472;180,8;"SANTO CRISTO";"Ingestão de álcool pelo condutor";"Saída de leito carroçável";"Com Vítimas Feridas";"Plena Noite";"Crescente";"Nublado";"Simples";"Curva;Aclive";"Não";1;0;1;0;0;0;1;1;-27,838618;-54,568144;"SPRF-RS";"DEL10-RS";"UOP01-DEL10-RS"
744691;2026-01-10;"sábado";"00:10:00";"MT";163;597,1;"NOVA MUTUM";"Acessar a via sem observar a presença dos outros veículos";"Colisão frontal";"Com Vítimas Fatais";"Plena Noite";"Decrescente";"Nublado";"Simples";"Reta";"Sim";2;1;0;0;1;0;0;2;-13,83630949;-56,08301318;"SPRF-MT";"DEL01-MT";"UOP01-DEL01-MT"
744692;2026-01-10;"sábado";"03:05:00";"PR";277;676;"MEDIANEIRA";"Acumulo de água sobre o pavimento";"Saída de leito carroçável";"Sem Vítimas";"Plena Noite";"Crescente";"Chuva";"Dupla";"Reta";"Não";1;0;0;0;0;1;0;1;-25,29039;-54,105892;"SPRF-PR";"DEL05-PR";"UOP01-DEL05-PR"
744693;2026-01-10;"sábado";"04:30:00";"RS";116;518;"PELOTAS";"Animais na Pista";"Atropelamento de Animal";"Com Vítimas Feridas";"Plena Noite";"Crescente";"Garoa/Chuvisco";"Dupla";"Reta";"Sim";1;0;1;0;0;0;1;1;-31,69120174;-52,35249281;"SPRF-RS";"DEL07-RS";"UOP01-DEL07-RS"
744695;2026-01-10;"sábado";"02:30:00";"RS";472;180,9;"SANTO CRISTO";"Reação tardia ou ineficiente do condutor";"Saída de leito carroçável";"Sem Vítimas";"Plena Noite";"Crescente";"Céu Claro";"Simples";"Aclive;Curva";"Não";1;0;0;0;0;1;0;1;-27,838618;-54,568144;"SPRF-RS";"DEL10-RS";"UOP01-DEL10-RS"
744697;2026-01-09;"sexta-feira";"23:00:00";"RJ";116;211;"SEROPEDICA";"Ausência de reação do condutor";"Colisão com objeto";"Sem Vítimas";"Plena Noite";"Crescente";"Céu Claro";"Dupla";"Reta";"Não";1;0;0;0;0;1;0;1;-22,71792354;-43,70593071;"SPRF-RJ";"DEL06-RJ";"UOP02-DEL06-RJ"
744698;2026-01-10;"sábado";"04:40:00";"RJ";101;322;"NITEROI";"Reação tardia ou ineficiente do condutor";"Tombamento";"Com Vítimas Feridas";"Amanhecer";"Decrescente";"Céu Claro";"Dupla";"Declive";"Sim";1;0;1;0;0;0;1;1;-22,88078415;-43,11189461;"SPRF-RJ";"DEL02-RJ";"UOP01-DEL02-RJ"
744700;2026-01-09;"sexta-feira";"20:00:00";"SC";101;48,5;"JOINVILLE";"Ausência de reação do condutor";"Tombamento";"Com Vítimas Feridas";"Plena Noite";"Decrescente";"Céu Claro";"Dupla";"Curva";"Não";1;0;1;0;0;0;1;1;-26,37987499;-48,85139465;"SPRF-SC";"DEL03-SC";"UOP01-DEL03-SC"
744701;2026-01-10;"sábado";"05:12:00";"PR";277;76,8;"SAO JOSE DOS PINHAIS";"Reação tardia ou ineficiente do condutor";"Colisão traseira";"Sem Vítimas";"Amanhecer";"Decrescente";"Nublado";"Dupla";"Reta";"Sim";2;0;0;0;2;0;0;2;-25,4867334;-49,183807;"SPRF-PR";"DEL01-PR";"UOP07-DEL01-PR"
744703;2026-01-10;"sábado";"05:28:00";"PB";230;27;"JOAO PESSOA";"Ingestão de álcool pelo condutor";"Colisão com objeto";"Com Vítimas Feridas";"Pleno dia";"Crescente";"Céu Claro";"Dupla";"Declive;Reta";"Sim";2;0;2;0;0;0;2;1;-7,1686516;-34,8831839;"SPRF-PB";"DEL01-PB";"UOP01-DEL01-PB"
744705;2026-01-10;"sábado";"03:30:00";"MG";262;356;"JUATUBA";"Animais na Pista";"Atropelamento de Animal";"Com Vítimas Feridas";"Plena Noite";"Decrescente";"Céu Claro";"Múltipla";"Reta";"Sim";1;0;1;0;0;0;1;1;-19,97114;-44,28447;"SPRF-MG";"DEL01-MG";"UOP03-DEL01-MG"
744706;2026-01-10;"sábado";"04:30:00";"MG";365;786;"ITUIUTABA";"Animais na Pista";"Atropelamento de Animal";"Sem Vítimas";"Plena Noite";"Decrescente";"Nublado";"Simples";"Reta";"Não";1;0;0;0;1;0;0;1;-18,938968;-49,78138;"SPRF-MG";"DEL15-MG";"UOP03-DEL15-MG"