"id";"data_inversa";"dia_semana";"horario";"uf";"br";"km";"municipio";"causa_acidente";"tipo_acidente";"classificacao_acidente";"fase_dia";"sentido_via";"condicao_metereologica";"tipo_pista";"tracado_via";"uso_solo";"pessoas";"mortos";"feridos_leves";"feridos_graves";"ilesos";"ignorados";"feridos";"veiculos";"latitude";"longitude";"regional";"delegacia";"uop"
745970;2026-01-16;"sexta-feira";"09:30:00";"RJ";101;504;"ANGRA DOS REIS";"Ausência de reação do condutor";"Colisão lateral sentido oposto";"Com Vítimas Feridas";"Pleno dia";"Decrescente";"Céu Claro";"Simples";"Reta";"Não";2;0;1;0;1;0;1;2;-22,989899;-44,241966;"SPRF-RJ";"DEL03-RJ";"UOP03-DEL03-RJ"
745975;2026-01-16;"sexta-feira";"11:00:00";"BA";135;165;"BARREIRAS";"Ausência de reação do condutor";"Saída de leito carroçável";"Com Vítimas Feridas";"Pleno dia";"Crescente";"Céu Claro";"Simples";"Curva";"Não";5;0;4;1;0;0;5;1;-12,0616;-44,96826;"SPRF-BA";"DEL10-BA";"UOP01-DEL10-BA"
745977;2026-01-16;"sexta-feira";"10:18:00";"SC";101;333,9;"TUBARAO";"Ausência de reação do condutor";"Colisão transversal";"Com Vítimas Feridas";"Pleno dia";"Decrescente";"Céu Claro";"Simples";"Reta";"Sim";3;0;0;1;0;2;1;2;-28,470796;-49,018768;"SPRF-SC";"DEL02-SC";"UOP01-DEL02-SC"
745979;2026-01-16;"sexta-feira";"13:15:00";"SC";282;189;"BOCAINA DO SUL";"Acessar a via sem observar a presença dos outros veículos";"Colisão lateral mesmo sentido";"Com Vítimas Feridas";"Pleno dia";"Crescente";"Sol";"Simples";"Interseção de Vias;Reta;Aclive";"Não";3;0;3;0;0;0;3;2;-27,73448969;-49,98108611;"SPRF-SC";"DEL05-SC";"UOP01-DEL05-SC"
745982;2026-01-16;"sexta-feira";"12:40:00";"RJ";465;5;"SEROPEDICA";"Reação tardia ou ineficiente do condutor";"Colisão traseira";"Com Vítimas Feridas";"Pleno dia";"Decrescente";"Sol";"Simples";"Reta";"Sim";2;0;1;0;1;0;1;1;-22,74802975;-43,69891975;"SPRF-RJ";"DEL06-RJ";"UOP02-DEL06-RJ"
745986;2026-01-16;"sexta-feira";"13:30:00";"PR";116;126;"FAZENDA RIO GRANDE";"Manobra de mudança de faixa";"Tombamento";"Com Vítimas Feridas";"Pleno dia";"Decrescente";"Céu Claro";"Dupla";"Reta";"Sim";1;0;1;0;0;0;1;1;-25,63958662;-49,31289051;"SPRF-PR";"DEL01-PR";"UOP03-DEL01-PR"
745987;2026-01-16;"sexta-feira";"13:29:00";"SP";116;230;"SAO PAULO";"Acessar a via sem observar a presença dos outros veículos";"Atropelamento de Pedestre";"Com Vítimas Feridas";"Pleno dia";"Crescente";"Nublado";"Múltipla";"Reta";"Sim";2;0;1;0;0;1;1;2;-23,52219888;-46,58532416;"SPRF-SP";"DEL01-SP";"UOP01-DEL01-SP"
745989;2026-01-16;"sexta-feira";"09:30:00";"SC";101;363,8;"SANGAO";"Animais na Pista";"Atropelamento de Animal";"Com Vítimas Feridas";"Pleno dia";"Crescente";"Sol";"Dupla";"Reta";"Não";1;0;1;0;0;0;1;1;-28,67777297;-49,1294378;"SPRF-SC";"DEL02-SC";"UOP01-DEL02-SC"
745990;2026-01-16;"sexta-feira";"13:00:00";"SP";0;0;"SAO PAULO";"Demais falhas mecânicas ou elétricas";"Incêndio";"Sem Vítimas";"Pleno dia";"Não Informado";"Céu Claro";"Múltipla";"Reta";"Sim";3;0;0;0;3;0;0;1;-23,51873125;-46,6240209;"N/A";"N/A";"N/A"
745991;2026-01-16;"sexta-feira";"14:15:00";"RS";392;715,9;"PORTO XAVIER";"Condutor deixou de manter distância do veículo da frente";"Colisão lateral mesmo sentido";"Com Vítimas Feridas";"Pleno dia";"Crescente";"Céu Claro";"Simples";"Curva;Interseção de Vias";"Não";2;0;0;1;1;0;1;2;-27,93273978;-55,13689935;"SPRF-RS";"DEL10-RS";"UOP01-DEL10-RS"
745993;2026-01-16;"sexta-feira";"15:00:00";"PB";230;19;"JOAO PESSOA";"Ausência de reação do condutor";"Colisão traseira";"Com Vítimas Feridas";"Pleno dia";"Decrescente";"Céu Claro";"Dupla";"Reta";"Sim";4;0;2;0;1;1;2;3;-7,12954579;-34,85024415;"SPRF-PB";"DEL01-PB";"UOP01-DEL01-PB"
745994;2026-01-16;"sexta-feira";"14:45:00";"SP";381;60,5;"MAIRIPORA";"Velocidade Incompatível";"Colisão lateral mesmo sentido";"Com Vítimas Feridas";"Pleno dia";"Decrescente";"Nublado";"Dupla";"Curva;Declive";"Não";2;0;0;1;1;0;1;2;-23,29160975;-46,58510908;"SPRF-SP";"DEL03-SP";"UOP01-DEL03-SP"
745995;2026-01-16;"sexta-feira";"14:05:00";"RS";116;327;"BARRA DO RIBEIRO";"Ausência de reação do condutor";"Saída de leito carroçável";"Com Vítimas Feridas";"Pleno dia";"Decrescente";"Nublado";"Dupla";"Reta";"Não";2;0;2;0;0;0;2;1;-30,350427;-51,428733;"SPRF-RS";"DEL02-RS";"UOP01-DEL02-RS"
745997;2026-01-16;"sexta-feira";"14:30:00";"DF";70;11,5;"BRASILIA";"Reação tardia ou ineficiente do condutor";"Engavetamento";"Com Vítimas Feridas";"Pleno dia";"Crescente";"Céu Claro";"Dupla";"Reta";"Sim";7;0;2;0;5;0;2;4;-15,792283;-48,15849;"SPRF-DF";"DEL03-DF";"UOP02-DEL03-DF"
745998;2026-01-16;"sexta-feira";"14:20:00";"MG";116;415,2;"GOVERNADOR VALADARES";"Acessar a via sem observar a presença dos outros veículos";"Colisão transversal";"Com Vítimas Feridas";"Pleno dia";"Crescente";"Céu Claro";"Simples";"Retorno Regulamentado;Reta";"Sim";2;0;0;1;1;0;1;2;-18,893824;-41,947323;"SPRF-MG";"DEL06-MG";"UOP01-DEL06-MG"
745999;2026-01-16;"sexta-feira";"14:40:00";"RJ";101;205,9;"CASIMIRO DE ABREU";"Conversão proibida";"Colisão transversal";"Com Vítimas Feridas";"Pleno dia";"Crescente";"Céu Claro";"Simples";"Reta";"Sim";2;0;1;0;1;0;1;2;-22,47597448;-42,19625212;"SPRF-RJ";"DEL08-RJ";"UOP04-DEL08-RJ"
746000;2026-01-16;"sexta-feira";"14:00:00";"SC";280;256,7;"CANOINHAS";"Reação tardia ou ineficiente do condutor";"Capotamento";"Com Vítimas Feridas";"Pleno dia";"Crescente";"Céu Claro";"Simples";"Aclive;Reta";"Não";2;0;2;0;0;0;2;1;-26,26388688;-50,60693118;"SPRF-SC";"DEL06-SC";"UOP04-DEL06-SC"
746002;2026-01-16;"sexta-feira";"13:10:00";"PR";476;278;"SAO MATEUS DO SUL";"Acessar a via sem observar a presença dos outros veículos";"Colisão transversal";"Com Vítimas Feridas";"Pleno dia";"Decrescente";"Céu Claro";"Simples";"Reta";"Sim";2;0;0;1;1;0;1;2;-25,869;-50,398;"SPRF-PR";"DEL02-PR";"UOP03-DEL02-PR"
746005;2026-01-16;"sexta-feira";"15:00:00";"MG";40;702;"BARBACENA";"Acessar a via sem observar a presença dos outros veículos";"Colisão transversal";"Com Vítimas Feridas";"Pleno dia";"Crescente";"Céu Claro";"Dupla";"Curva";"Não";2;0;0;1;1;0;1;2;-21,21966451;-43,73697907;"SPRF-MG";"DEL05-MG";"UOP02-DEL05-MG"
746006;2026-01-16;"sexta-feira";"15:30:00";"PB";230;22,7;"JOAO PESSOA";"Condutor deixou de manter distância do veículo da frente";"Colisão traseira";"Com Vítimas Feridas";"Pleno dia";"Decrescente";"Céu Claro";"Dupla";"Reta";"Sim";4;0;1;1;2;0;2;3;-7,15059737;-34,85260069;"SPRF-PB";"DEL01-PB";"UOP01-DEL01-PB"
746007;2026-01-16;"sexta-feira";"14:40:00";"RS";386;379,5;"PAVERAMA";"Acessar a via sem observar a presença dos outros veículos";"Colisão transversal";"Com Vítimas Feridas";"Pleno dia";"Decrescente";"Chuva";"Dupla";"Reta";"Não";3;0;0;1;2;0;1;2;-29,65033488;-51,76041126;"SPRF-RS";"DEL04-RS";"UOP01-DEL04-RS"
746011;2026-01-16;"sexta-feira";"15:45:00";"SC";470;2;"NAVEGANTES";"Acumulo de areia ou detritos sobre o pavimento";"Tombamento";"Com Vítimas Feridas";"Pleno dia";"Crescente";"Céu Claro";"Dupla";"Reta";"Não";1;0;1;0;0;0;1;1;-26,8596322;-48,68805282;"SPRF-SC";"DEL04-SC";"UOP04-DEL04-SC"
746012;2026-01-16;"sexta-feira";"16:20:00";"GO";414;440;"ANAPOLIS";"Condutor deixou de manter distância do veículo da frente";"Colisão traseira";"Com Vítimas Feridas";"Pleno dia";"Decrescente";"Céu Claro";"Dupla";"Rotatória;Viaduto";"Sim";3;0;1;0;0;2;1;2;-16,286383;-48,94351;"SPRF-GO";"DEL02-GO";"UOP01-DEL02-GO"
746014;2026-01-16;"sexta-feira";"14:54:00";"SC";470;81;"ASCURRA";"Transitar na contramão";"Colisão frontal";"Com Vítimas Feridas";"Pleno dia";"Decrescente";"Céu Claro";"Simples";"Curva";"Não";4;0;0;3;0;1;3;3;-26,95479073;-49,36353564;"SPRF-SC";"DEL04-SC";"UOP01-DEL04-SC"
746019;2026-01-16;"sexta-feira";"16:00:00";"SC";101;27;"JOINVILLE";"Ausência de reação do condutor";"Colisão traseira";"Com Vítimas Feridas";"Pleno dia";"Crescente";"Nublado";"Dupla";"Aclive;Reta;Viaduto";"Sim";2;0;1;0;1;0;1;2;-26,20262086;-48,91352383;"SPRF-SC";"DEL03-SC";"UOP01-DEL03-SC"
746020;2026-01-16;"sexta-feira";"16:25:00";"MG";262;364;"JUATUBA";"Ausência de reação do condutor";"Colisão traseira";"Sem Vítimas";"Pleno dia";"Crescente";"Céu Claro";"Dupla";"Reta";"Sim";2;0;0;0;2;0;0;2;-19,97203603;-44,29811351;"SPRF-MG";"DEL01-MG";"UOP03-DEL01-MG"
746022;2026-01-16;"sexta-feira";"10:00:00";"RJ";116;188;"NOVA IGUACU";"Ausência de reação do condutor";"Queda de ocupante de veículo";"Com Vítimas Feridas";"Pleno dia";"Crescente";"Céu Claro";"Dupla";"Reta";"Não";1;0;1;0;0;0;1;1;-22,73945655;-43,52851868;"SPRF-RJ";"DEL06-RJ";"UOP01-DEL06-RJ"
746023;2026-01-16;"sexta-feira";"17:00:00";"DF";60;9,5;"BRASILIA";"Ausência de reação do condutor";"Saída de leito carroçável";"Com Vítimas Feridas";"Pleno dia";"Crescente";"Céu Claro";"Dupla";"Reta";"Não";1;0;0;1;0;0;1;1;-15,90816;-48,146088;"SPRF-DF";"DEL03-DF";"UOP01-DEL03-DF"
746024;2026-01-16;"sexta-feira";"17:40:00";"MG";40;476;"SETE LAGOAS";"Acessar a via sem observar a presença dos outros veículos";"Colisão traseira";"Com Vítimas Feridas";"Anoitecer";"Crescente";"Céu Claro";"Dupla";"Reta;Aclive";"Sim";2;0;1;0;1;0;1;2;-19,519928;-44,266298;"SPRF-MG";"DEL02-MG";"UOP01-DEL02-MG"
746025;2026-01-16;"sexta-feira";"18:00:00";"SC";280;2,7;"SAO FRANCISCO DO SUL";"Conversão proibida";"Colisão lateral mesmo sentido";"Com Vítimas Feridas";"Anoitecer";"Decrescente";"Garoa/Chuvisco";"Simples";"Interseção de Vias;Reta";"Não";2;0;0;1;1;0;1;2;-26,243222;-48,61652;"SPRF-SC";"DEL03-SC";"UOP03-DEL03-SC"
746026;2026-01-16;"sexta-feira";"17:55:00";"BA";116;673;"JEQUIE";"Entrada inopinada do pedestre";"Atropelamento de Pedestre";"Com Vítimas Feridas";"Pleno dia";"Crescente";"Céu Claro";"Simples";"Reta";"Não";3;0;0;1;2;0;1;2;-13,86809527;-40,11268484;"SPRF-BA";"DEL03-BA";"UOP01-DEL03-BA"
746027;2026-01-16;"sexta-feira";"18:20:00";"SP";116;202;"ARUJA";"Condutor deixou de manter distância do veículo da frente";"Colisão traseira";"Com Vítimas Feridas";"Anoitecer";"Decrescente";"Nublado";"Múltipla";"Reta";"Não";2;0;1;0;1;0;1;2;-23,410907;-46,349711;"SPRF-SP";"DEL01-SP";"UOP01-DEL01-SP"
746030;2026-01-16;"sexta-feira";"17:40:00";"SC";470;99;"APIUNA";"Trafegar com motocicleta (ou similar) entre as faixas";"Colisão transversal";"Com Vítimas Feridas";"Pleno dia";"Decrescente";"Céu Claro";"Simples";"Reta";"Sim";2;0;1;0;1;0;1;2;-27,04650163;-49,39289188;"SPRF-SC";"DEL04-SC";"UOP02-DEL04-SC"
746033;2026-01-16;"sexta-feira";"18:30:00";"RS";290;107;"ELDORADO DO SUL";"Acessar a via sem observar a presença dos outros veículos";"Colisão transversal";"Sem Vítimas";"Anoitecer";"Crescente";"Chuva";"Dupla";"Reta";"Sim";2;0;0;0;2;0;0;2;-30,002348;-51,308392;"SPRF-RS";"DEL02-RS";"UOP01-DEL02-RS"
746034;2026-01-16;"sexta-feira";"18:58:00";"SP";116;214;"GUARULHOS";"Reação tardia ou ineficiente do condutor";"Queda de ocupante de veículo";"Com Vítimas Feridas";"Plena Noite";"Decrescente";"Chuva";"Múltipla";"Reta";"Sim";1;0;1;0;0;0;1;1;-23,44649;-46,452927;"SPRF-SP";"DEL01-SP";"UOP01-DEL01-SP"
746036;2026-01-16;"sexta-feira";"17:30:00";"RJ";493;61;"NOVA IGUACU";"Avarias e/ou desgaste excessivo no pneu";"Queda de ocupante de veículo";"Com Vítimas Feridas";"Pleno dia";"Crescente";"Céu Claro";"Dupla";"Reta";"Não";2;0;2;0;0;0;2;1;-22,680104;-43,406462;"SPRF-RJ";"DEL01-RJ";"UOP03-DEL01-RJ"
746037;2026-01-16;"sexta-feira";"16:30:00";"PR";369;452,9;"CORBELIA";"Manobra de mudança de faixa";"Saída de leito carroçável";"Com Vítimas Feridas";"Pleno dia";"Crescente";"Céu Claro";"Simples";"Aclive;Curva";"Não";1;0;1;0;0;0;1;1;-24,581989;-53,165913;"SPRF-PR";"DEL04-PR";"UOP03-DEL04-PR"
746039;2026-01-16;"sexta-feira";"19:00:00";"SC";101;149;"ITAPEMA";"Ultrapassagem Indevida";"Colisão transversal";"Com Vítimas Feridas";"Anoitecer";"Decrescente";"Céu Claro";"Múltipla";"Reta";"Sim";2;0;1;0;1;0;1;2;-27,10966166;-48,61195771;"SPRF-SC";"DEL04-SC";"UOP03-DEL04-SC"
746041;2026-01-16;"sexta-feira";"16:05:00";"AM";174;1010;"PRESIDENTE FIGUEIREDO";"Pista esburacada";"Colisão traseira";"Com Vítimas Feridas";"Pleno dia";"Decrescente";"Sol";"Simples";"Declive";"Não";6;0;3;0;3;0;3;2;-1,891672;-60,068655;"SPRF-AM";"DEL01-AM";"UOP02-DEL01-AM"
746043;2026-01-16;"sexta-feira";"18:40:00";"SC";470;116;"IBIRAMA";"Animais na Pista";"Atropelamento de Animal";"Com Vítimas Feridas";"Anoitecer";"Crescente";"Céu Claro";"Simples";"Reta";"Não";1;0;0;1;0;0;1;1;-27,0781061;-49,49134606;"SPRF-SC";"DEL04-SC";"UOP02-DEL04-SC"
746044;2026-01-16;"sexta-feira";"18:40:00";"SC";470;45,5;"GASPAR";"Trafegar com motocicleta (ou similar) entre as faixas";"Colisão lateral mesmo sentido";"Com Vítimas Feridas";"Pleno dia";"Crescente";"Céu Claro";"Dupla";"Reta";"Sim";3;0;1;0;2;0;1;2;-26,86161261;-49,03542638;"SPRF-SC";"DEL04-SC";"UOP01-DEL04-SC"
746045;2026-01-16;"sexta-feira";"19:20:00";"RN";101;83,7;"NATAL";"Condutor deixou de manter distância do veículo da frente";"Colisão traseira";"Com Vítimas Feridas";"Plena Noite";"Crescente";"Céu Claro";"Múltipla";"Reta";"Sim";4;0;3;0;1;0;3;2;-5,77238765;-35,26260495;"SPRF-RN";"DEL02-RN";"UOP01-DEL02-RN"
746046;2026-01-16;"sexta-feira";"19:10:00";"PR";153;42,8;"SANTO ANTONIO DA PLATINA";"Desrespeitar a preferência no cruzamento";"Colisão transversal";"Com Vítimas Feridas";"Plena Noite";"Decrescente";"Céu Claro";"Simples";"Reta;Interseção de Vias";"Sim";2;0;1;0;0;1;1;2;-23,30686192;-50,07010309;"SPRF-PR";"DEL07-PR";"UOP04-DEL07-PR"
746048;2026-01-16;"sexta-feira";"14:00:00";"SC";282;293,6;"VARGEM";"Reação tardia ou ineficiente do condutor";"Saída de leito carroçável";"Com Vítimas Feridas";"Pleno dia";"Decrescente";"Sol";"Simples";"Declive;Curva";"Não";1;0;0;1;0;0;1;1;-27,53445599;-50,87227821;"SPRF-SC";"DEL07-SC";"UOP06-DEL07-SC"
746052;2026-01-16;"sexta-feira";"19:30:00";"SC";101;117;"ITAJAI";"Acessar a via sem observar a presença dos outros veículos";"Colisão lateral mesmo sentido";"Com Vítimas Feridas";"Plena Noite";"Decrescente";"Céu Claro";"Múltipla";"Reta";"Sim";2;0;2;0;0;0;2;2;-26,89165436;-48,72118648;"SPRF-SC";"DEL04-SC";"UOP04-DEL04-SC"
746053;2026-01-16;"sexta-feira";"08:25:00";"SC";282;342;"CAMPOS NOVOS";"Acessar a via sem observar a presença dos outros veículos";"Colisão transversal";"Com Vítimas Feridas";"Pleno dia";"Crescente";"Céu Claro";"Simples";"Rotatória";"Sim";3;0;1;0;2;0;1;2;-27,390017;-51,215322;"SPRF-SC";"DEL07-SC";"UOP06-DEL07-SC"
746055;2026-01-16;"sexta-feira";"20:00:00";"SC";101;192,2;"BIGUACU";"Acessar a via sem observar a presença dos outros veículos";"Colisão lateral sentido oposto";"Com Vítimas Feridas";"Plena Noite";"Crescente";"Nublado";"Múltipla";"Reta";"Sim";2;0;1;0;0;1;1;2;-27,48783893;-48,65285754;"SPRF-SC";"DEL01-SC";"UOP01-DEL01-SC"
746056;2026-01-16;"sexta-feira";"20:00:00";"RS";285;454,1;"IJUI";"Ingestão de álcool pelo condutor";"Colisão com objeto";"Com Vítimas Feridas";"Plena Noite";"Crescente";"Chuva";"Simples";"Ponte;Declive;Reta";"Sim";3;0;1;0;1;1;1;2;-28,379358;-53,875527;"SPRF-RS";"DEL10-RS";"UOP01-DEL10-RS"
746057;2026-01-16;"sexta-feira";"19:06:00";"BA";116;11;"VITORIA DA CONQUISTA";"Acessar a via sem observar a presença dos outros veículos";"Colisão transversal";"Com Vítimas Feridas";"Plena Noite";"Crescente";"Céu Claro";"Simples";"Reta";"Sim";2;0;2;0;0;0;2;1;-14,87310742;-40,87129712;"SPRF-BA";"DEL08-BA";"UOP01-DEL08-BA"
746058;2026-01-16;"sexta-feira";"20:10:00";"ES";101;298,2;"VIANA";"Reação tardia ou ineficiente do condutor";"Colisão traseira";"Com Vítimas Feridas";"Plena Noite";"Crescente";"Céu Claro";"Dupla";"Reta";"Sim";3;0;2;0;1;0;2;2;-20,354187;-40,416448;"SPRF-ES";"DEL01-ES";"UOP01-DEL01-ES"
746060;2026-01-16;"sexta-feira";"20:45:00";"SC";101;209,6;"SAO JOSE";"Manobra de mudança de faixa";"Colisão lateral mesmo sentido";"Com Vítimas Feridas";"Plena Noite";"Crescente";"Céu Claro";"Dupla";"Reta";"Sim";3;0;2;0;1;0;2;2;-27,61313;-48,64243;"SPRF-SC";"DEL01-SC";"UOP01-DEL01-SC"
746062;2026-01-16;"sexta-feira";"19:15:00";"SP";101;50;"UBATUBA";"Acessar a via sem observar a presença dos outros veículos";"Atropelamento de Pedestre";"Com Vítimas Feridas";"Plena Noite";"Crescente";"Chuva";"Simples";"Reta";"Sim";2;0;1;0;1;0;1;2;-23,45702083;-45,07047269;"SPRF-SP";"DEL06-SP";"UOP01-DEL06-SP"
746063;2026-01-16;"sexta-feira";"19:53:00";"PE";232;8;"RECIFE";"Manobra de mudança de faixa";"Tombamento";"Com Vítimas Feridas";"Plena Noite";"Crescente";"Céu Claro";"Múltipla";"Reta";"Sim";3;0;0;1;0;2;1;2;-8,07583284;-34,97015834;"SPRF-PE";"DEL01-PE";"UOP01-DEL01-PE"
746064;2026-01-16;"sexta-feira";"20:30:00";"PB";101;86;"JOAO PESSOA";"Ingestão de álcool pelo condutor";"Tombamento";"Com Vítimas Feridas";"Plena Noite";"Crescente";"Céu Claro";"Dupla";"Interseção de Vias;Curva";"Sim";1;0;1;0;0;0;1;1;-7,15815332;-34,90652704;"SPRF-PB";"DEL01-PB";"UOP01-DEL01-PB"
746066;2026-01-16;"sexta-feira";"16:50:00";"RJ";393;124;"SAPUCAIA";"Ultrapassagem Indevida";"Colisão frontal";"Com Vítimas Feridas";"Pleno dia";"Crescente";"Céu Claro";"Simples";"Reta";"Não";6;0;1;0;5;0;1;2;-21,95685104;-42,84932;"SPRF-RJ";"DEL05-RJ";"UOP01-DEL05-RJ"
746067;2026-01-16;"sexta-feira";"20:20:00";"PB";104;130;"QUEIMADAS";"Reação tardia ou ineficiente do condutor";"Saída de leito carroçável";"Sem Vítimas";"Plena Noite";"Decrescente";"Céu Claro";"Simples";"Reta";"Sim";2;0;0;0;0;2;0;2;-7,287153;-35,889632;"SPRF-PB";"DEL02-PB";"UOP01-DEL02-PB"
746069;2026-01-16;"sexta-feira";"20:30:00";"PI";343;345,3;"TERESINA";"Desrespeitar a preferência no cruzamento";"Colisão transversal";"Com Vítimas Feridas";"Plena Noite";"Decrescente";"Céu Claro";"Simples";"Interseção de Vias;Em Obras;Reta";"Sim";3;0;0;1;1;1;1;3;-5,106962;-42,76836;"SPRF-PI";"DEL01-PI";"UOP01-DEL01-PI"
746070;2026-01-16;"sexta-feira";"14:15:00";"SC";282;115;"ALFREDO WAGNER";"Ausência de reação do condutor";"Colisão frontal";"Com Vítimas Feridas";"Pleno dia";"Crescente";"Céu Claro";"Simples";"Reta";"Não";7;0;4;2;1;0;6;4;-27,751355;-49,39092;"SPRF-SC";"DEL01-SC";"UOP03-DEL01-SC"
746071;2026-01-16;"sexta-feira";"20:17:00";"MT";163;746;"SORRISO";"Acesso irregular";"Colisão transversal";"Com Vítimas Feridas";"Plena Noite";"Decrescente";"Céu Claro";"Dupla";"Rotatória";"Não";3;0;0;1;2;0;1;2;-12,59826639;-55,74757655;"SPRF-MT";"DEL06-MT";"UOP01-DEL06-MT"
746072;2026-01-16;"sexta-feira";"21:38:00";"PE";428;189,8;"PETROLINA";"Condutor desrespeitou a iluminação vermelha do semáforo";"Colisão transversal";"Com Vítimas Feridas";"Plena Noite";"Crescente";"Céu Claro";"Dupla";"Reta";"Não";4;0;2;0;2;0;2;2;-9,37780106;-40,50440236;"SPRF-PE";"DEL06-PE";"UOP01-DEL06-PE"
746073;2026-01-16;"sexta-feira";"18:16:00";"RO";425;127;"GUAJARA-MIRIM";"Acessar a via sem observar a presença dos outros veículos";"Colisão transversal";"Com Vítimas Feridas";"Anoitecer";"Crescente";"Céu Claro";"Dupla";"Interseção de Vias";"Sim";2;0;0;1;0;1;1;2;-10,77684006;-65,32955647;"SPRF-RO";"DEL01-RO";"UOP03-DEL01-RO"
746074;2026-01-16;"sexta-feira";"20:50:00";"MG";116;507,2;"UBAPORANGA";"Transitar na contramão";"Colisão frontal";"Com Vítimas Feridas";"Plena Noite";"Decrescente";"Céu Claro";"Simples";"Reta;Interseção de Vias";"Sim";3;0;1;1;1;0;2;2;-19,6241757;-42,1062748;"SPRF-MG";"DEL06-MG";"UOP02-DEL06-MG"
746075;2026-01-16;"sexta-feira";"11:55:00";"MG";146;428;"MUZAMBINHO";"Pedestre andava na pista";"Atropelamento de Pedestre";"Com Vítimas Feridas";"Pleno dia";"Crescente";"Céu Claro";"Simples";"Declive;Reta";"Não";2;0;0;1;1;0;1;2;-21,38876;-46,447642;"SPRF-MG";"DEL09-MG";"UOP01-DEL09-MG"
746076;2026-01-16;"sexta-feira";"21:10:00";"PR";376;4,1;"MANDAGUARI";"Reação tardia ou ineficiente do condutor";"Colisão lateral mesmo sentido";"Com Vítimas Feridas";"Plena Noite";"Decrescente";"Céu Claro";"Simples";"Reta";"Sim";3;0;1;0;1;1;1;3;-23,51762498;-51,68157427;"SPRF-PR";"DEL09-PR";"UOP01-DEL09-PR"
746077;2026-01-16;"sexta-feira";"18:00:00";"GO";60;169;"GOIANIA";"Acesso irregular";"Colisão transversal";"Com Vítimas Feridas";"Pleno dia";"Decrescente";"Céu Claro";"Dupla";"Retorno Regulamentado;Reta";"Sim";4;0;2;0;2;0;2;2;-16,730571;-49,389585;"SPRF-GO";"DEL01-GO";"UOP02-DEL01-GO"
746078;2026-01-16;"sexta-feira";"21:40:00";"PB";230;21;"JOAO PESSOA";"Reação tardia ou ineficiente do condutor";"Tombamento";"Com Vítimas Feridas";"Plena Noite";"Crescente";"Céu Claro";"Dupla";"Reta";"Sim";1;0;0;1;0;0;1;1;-7,1432016;-34,8515407;"SPRF-PB";"DEL01-PB";"UOP01-DEL01-PB"
746081;2026-01-16;"sexta-feira";"20:00:00";"RJ";101;572;"PARATY";"Conversão proibida";"Colisão transversal";"Com Vítimas Feridas";"Plena Noite";"Decrescente";"Ignorado";"Simples";"Reta";"Não";3;0;0;1;2;0;1;2;-23,19167125;-44,72740173;"SPRF-RJ";"DEL03-RJ";"UOP04-DEL03-RJ"
746083;2026-01-16;"sexta-feira";"21:00:00";"SC";470;55,7;"BLUMENAU";"Reação tardia ou ineficiente do condutor";"Colisão com objeto";"Com Vítimas Feridas";"Plena Noite";"Decrescente";"Nublado";"Dupla";"Em Obras;Curva";"Sim";1;0;1;0;0;0;1;1;-26,87655491;-49,12633181;"SPRF-SC";"DEL04-SC";"UOP01-DEL04-SC"
746084;2026-01-16;"sexta-feira";"20:00:00";"MS";262;323;"CAMPO GRANDE";"Demais falhas mecânicas ou elétricas";"Colisão traseira";"Com Vítimas Feridas";"Plena Noite";"Crescente";"Céu Claro";"Simples";"Reta";"Não";2;0;1;0;1;0;1;2;-20,46852;-54,51854;"SPRF-MS";"DEL01-MS";"UOP01-DEL01-MS"
746086;2026-01-16;"sexta-feira";"20:10:00";"SC";280;78;"CORUPA";"Conversão proibida";"Colisão lateral mesmo sentido";"Com Vítimas Feridas";"Plena Noite";"Decrescente";"Nublado";"Simples";"Curva;Interseção de Vias";"Não";3;0;1;0;2;0;1;2;-26,4452816;-49,2087182;"SPRF-SC";"DEL06-SC";"UOP03-DEL06-SC"
746087;2026-01-16;"sexta-feira";"21:45:00";"GO";70;49;"COCALZINHO DE GOIAS";"Acessar a via sem observar a presença dos outros veículos";"Colisão transversal";"Com Vítimas Feridas";"Plena Noite";"Crescente";"Céu Claro";"Simples";"Reta";"Não";5;0;4;0;1;0;4;2;-15,750317;-48,605686;"SPRF-DF";"DEL03-DF";"UOP02-DEL03-DF"
746088;2026-01-16;"sexta-feira";"23:10:00";"MG";40;390;"FELIXLANDIA";"Reação tardia ou ineficiente do condutor";"Saída de leito carroçável";"Com Vítimas Feridas";"Plena Noite";"Decrescente";"Céu Claro";"Simples";"Reta";"Não";1;0;1;0;0;0;1;1;-18,7216847;-44,9433888;"SPRF-MG";"DEL02-MG";"UOP01-DEL02-MG"
746090;2026-01-16;"sexta-feira";"20:20:00";"PB";104;108,2;"SAO SEBASTIAO DE LAGOA DE  ROCA";"Acessar a via sem observar a presença dos outros veículos";"Colisão frontal";"Com Vítimas Feridas";"Plena Noite";"Crescente";"Nublado";"Simples";"Reta";"Não";2;0;1;0;1;0;1;2;-7,106718;-35,867453;"SPRF-PB";"DEL02-PB";"UOP04-DEL02-PB"
746092;2026-01-16;"sexta-feira";"20:45:00";"RJ";101;535;"PARATY";"Animais na Pista";"Atropelamento de Animal";"Sem Vítimas";"Plena Noite";"Decrescente";"Nublado";"Simples";"Reta";"Não";1;0;0;0;1;0;0;1;-23,034536;-44,554222;"SPRF-RJ";"DEL03-RJ";"UOP04-DEL03-RJ"