"id";"data_inversa";"dia_semana";"horario";"uf";"br";"km";"municipio";"causa_acidente";"tipo_acidente";"classificacao_acidente";"fase_dia";"sentido_via";"condicao_metereologica";"tipo_pista";"tracado_via";"uso_solo";"pessoas";"mortos";"feridos_leves";"feridos_graves";"ilesos";"ignorados";"feridos";"veiculos";"latitude";"longitude";"regional";"delegacia";"uop"
746210;2026-01-17;"sábado";"15:30:00";"SP";116;200;"ARUJA";"Demais falhas mecânicas ou elétricas";"Incêndio";"Sem Vítimas";"Pleno dia";"Decrescente";"Céu Claro";"Dupla";"Reta";"Sim";1;0;0;0;0;1;0;1;-23,40301126;-46,32365776;"SPRF-SP";"DEL01-SP";"UOP01-DEL01-SP"
746211;2026-01-17;"sábado";"15:40:00";"MG";267;125;"JUIZ DE FORA";"Velocidade Incompatível";"Colisão traseira";"Com Vítimas Feridas";"Pleno dia";"Crescente";"Céu Claro";"Simples";"Reta";"Não";2;0;1;0;1;0;1;2;-21,70509836;-43,51373283;"SPRF-MG";"DEL05-MG";"UOP01-DEL05-MG"
746212;2026-01-17;"sábado";"13:50:00";"RS";285;312,6;"PASSO FUNDO";"Avarias e/ou desgaste excessivo no pneu";"Saída de leito carroçável";"Com Vítimas Feridas";"Pleno dia";"Decrescente";"Céu Claro";"Simples";"Curva";"Não";3;0;3;0;0;0;3;1;-28,242;-52,5554;"SPRF-RS";"DEL08-RS";"UOP03-DEL08-RS"
746213;2026-01-17;"sábado";"15:00:00";"MS";163;107;"ITAQUIRAI";"Ausência de reação do condutor";"Tombamento";"Com Vítimas Feridas";"Pleno dia";"Crescente";"Céu Claro";"Dupla";"Reta";"Não";2;0;2;0;0;0;2;1;-23,218819;-54,215346;"SPRF-MS";"DEL09-MS";"UOP01-DEL09-MS"
746215;2026-01-17;"sábado";"15:00:00";"AL";316;255,2;"PILAR";"Ingestão de álcool pelo condutor";"Colisão transversal";"Com Vítimas Feridas";"Pleno dia";"Decrescente";"Sol";"Simples";"Reta";"Sim";2;0;0;1;1;0;1;2;-9,59054;-35,94788;"SPRF-AL";"DEL02-AL";"UOP01-DEL02-AL"
746216;2026-01-17;"sábado";"16:05:00";"SP";116;72,1;"APARECIDA";"Avarias e/ou desgaste excessivo no pneu";"Tombamento";"Com Vítimas Feridas";"Pleno dia";"Decrescente";"Nublado";"Dupla";"Declive;Reta";"Não";2;0;2;0;0;0;2;1;-22,863725;-45,237668;"SPRF-SP";"DEL08-SP";"UOP01-DEL08-SP"
746217;2026-01-17;"sábado";"16:20:00";"PR";369;144,9;"LONDRINA";"Manobra de mudança de faixa";"Colisão lateral mesmo sentido";"Sem Vítimas";"Pleno dia";"Decrescente";"Céu Claro";"Dupla";"Reta";"Sim";2;0;0;0;2;0;0;2;-23,29334243;-51,10489933;"SPRF-PR";"DEL07-PR";"UOP01-DEL07-PR"
746218;2026-01-17;"sábado";"16:35:00";"TO";153;140;"ARAGUAINA";"Suicídio (presumido)";"Saída de leito carroçável";"Com Vítimas Feridas";"Pleno dia";"Crescente";"Nublado";"Dupla";"Reta";"Sim";2;0;1;0;0;1;1;2;-7,17512;-48,218843;"SPRF-TO";"DEL02-TO";"UOP01-DEL02-TO"
746219;2026-01-17;"sábado";"15:00:00";"RJ";40;113;"DUQUE DE CAXIAS";"Avarias e/ou desgaste excessivo no pneu";"Tombamento";"Com Vítimas Feridas";"Pleno dia";"Crescente";"Céu Claro";"Múltipla";"Reta;Aclive";"Não";2;0;2;0;0;0;2;1;-22,71126398;-43,29014904;"SPRF-RJ";"DEL01-RJ";"UOP02-DEL01-RJ"
746220;2026-01-17;"sábado";"16:10:00";"PI";316;13,1;"TERESINA";"Ingestão de álcool pelo condutor";"Colisão traseira";"Sem Vítimas";"Pleno dia";"Decrescente";"Céu Claro";"Dupla";"Reta";"Não";2;0;0;0;2;0;0;2;-5,21870643;-42,75258065;"SPRF-PI";"DEL01-PI";"UOP02-DEL01-PI"
746222;2026-01-17;"sábado";"11:00:00";"RJ";101;296;"ITABORAI";"Ausência de reação do condutor";"Colisão traseira";"Com Vítimas Feridas";"Pleno dia";"Decrescente";"Céu Claro";"Dupla";"Reta";"Sim";3;0;2;0;1;0;2;2;-22,7671217;-42,9120027;"SPRF-RJ";"DEL02-RJ";"UOP02-DEL02-RJ"
746224;2026-01-17;"sábado";"13:30:00";"MG";381;161,8;"GOVERNADOR VALADARES";"Acessar a via sem observar a presença dos outros veículos";"Colisão transversal";"Com Vítimas Feridas";"Pleno dia";"Decrescente";"Céu Claro";"Simples";"Reta";"Não";3;0;1;2;0;0;3;2;-18,938531;-42,055194;"SPRF-MG";"DEL06-MG";"UOP01-DEL06-MG"
746225;2026-01-17;"sábado";"16:00:00";"SC";470;32;"GASPAR";"Reação tardia ou ineficiente do condutor";"Colisão lateral mesmo sentido";"Com Vítimas Feridas";"Pleno dia";"Crescente";"Céu Claro";"Dupla";"Reta";"Não";3;0;3;0;0;0;3;2;-26,903718;-48,935581;"SPRF-SC";"DEL04-SC";"UOP01-DEL04-SC"
746226;2026-01-17;"sábado";"16:20:00";"PE";101;63,9;"RECIFE";"Reação tardia ou ineficiente do condutor";"Colisão traseira";"Com Vítimas Feridas";"Pleno dia";"Crescente";"Céu Claro";"Dupla";"Interseção de Vias;Reta";"Sim";2;0;1;0;1;0;1;2;-8,01524;-34,94005;"SPRF-PE";"DEL01-PE";"UOP01-DEL01-PE"
746228;2026-01-17;"sábado";"16:05:00";"PB";230;73;"SOBRADO";"Ausência de reação do condutor";"Colisão com objeto";"Com Vítimas Feridas";"Pleno dia";"Crescente";"Céu Claro";"Dupla";"Reta";"Não";1;0;0;1;0;0;1;1;-7,189918;-35,253248;"SPRF-PB";"DEL01-PB";"UOP02-DEL01-PB"
746229;2026-01-17;"sábado";"15:00:00";"MT";163;529,9;"DIAMANTINO";"Ausência de reação do condutor";"Saída de leito carroçável";"Com Vítimas Feridas";"Pleno dia";"Decrescente";"Céu Claro";"Dupla";"Reta";"Não";1;0;0;1;0;0;1;1;-14,37788841;-56,12796932;"SPRF-MT";"DEL01-MT";"UOP01-DEL01-MT"
746230;2026-01-17;"sábado";"16:00:00";"BA";116;24,9;"VITORIA DA CONQUISTA";"Ingestão de álcool pelo condutor";"Colisão traseira";"Sem Vítimas";"Pleno dia";"Crescente";"Sol";"Dupla";"Rotatória";"Sim";2;0;0;0;2;0;0;2;-14,858822;-40,798707;"SPRF-BA";"DEL08-BA";"UOP01-DEL08-BA"
746233;2026-01-17;"sábado";"13:59:00";"MS";60;64;"PARAISO DAS AGUAS";"Ausência de reação do condutor";"Saída de leito carroçável";"Sem Vítimas";"Pleno dia";"Crescente";"Céu Claro";"Simples";"Reta";"Não";1;0;0;0;0;1;0;1;-19,05666679;-53,01824072;"SPRF-MS";"DEL06-MS";"UOP02-DEL06-MS"
746235;2026-01-17;"sábado";"16:00:00";"PR";277;718,8;"SANTA TEREZINHA DE ITAIPU";"Chuva";"Saída de leito carroçável";"Com Vítimas Feridas";"Pleno dia";"Decrescente";"Chuva";"Dupla";"Reta";"Não";2;0;1;0;1;0;1;1;-25,47783;-54,47968;"SPRF-PR";"DEL05-PR";"UOP03-DEL05-PR"
746236;2026-01-17;"sábado";"16:45:00";"RJ";101;436,9;"MANGARATIBA";"Condutor Dormindo";"Saída de leito carroçável";"Com Vítimas Feridas";"Pleno dia";"Decrescente";"Nublado";"Simples";"Aclive;Curva";"Não";1;0;1;0;0;0;1;1;-22,94871156;-44,0645957;"SPRF-RJ";"DEL03-RJ";"UOP02-DEL03-RJ"
746237;2026-01-17;"sábado";"09:00:00";"BA";101;446;"AURELINO LEAL";"Chuva";"Colisão traseira";"Com Vítimas Feridas";"Pleno dia";"Crescente";"Chuva";"Simples";"Reta";"Sim";2;0;0;1;1;0;1;2;-14,31792;-39,314535;"SPRF-BA";"DEL05-BA";"UOP01-DEL05-BA"
746238;2026-01-17;"sábado";"15:30:00";"PR";277;590,5;"CASCAVEL";"Demais falhas mecânicas ou elétricas";"Colisão traseira";"Sem Vítimas";"Pleno dia";"Decrescente";"Nublado";"Simples";"Declive;Reta";"Não";2;0;0;0;2;0;0;2;-24,97342462;-53,4373815;"SPRF-PR";"DEL04-PR";"UOP01-DEL04-PR"
746239;2026-01-17;"sábado";"16:00:00";"SC";101;255;"PAULO LOPES";"Ingestão de álcool pelo condutor";"Colisão com objeto";"Sem Vítimas";"Pleno dia";"Decrescente";"Céu Claro";"Múltipla";"Reta";"Sim";1;0;0;0;1;0;0;1;-27,981888;-48,679128;"SPRF-SC";"DEL02-SC";"UOP03-DEL02-SC"
746240;2026-01-17;"sábado";"11:30:00";"MT";70;597;"POCONE";"Velocidade Incompatível";"Saída de leito carroçável";"Com Vítimas Feridas";"Pleno dia";"Crescente";"Sol";"Simples";"Reta";"Não";1;0;1;0;0;0;1;1;-15,839729;-56,779115;"SPRF-MT";"DEL03-MT";"UOP02-DEL03-MT"
746241;2026-01-17;"sábado";"17:25:00";"RS";290;20,7;"SANTO ANTONIO DA PATRULHA";"Reação tardia ou ineficiente do condutor";"Colisão traseira";"Sem Vítimas";"Pleno dia";"Decrescente";"Nublado";"Dupla";"Reta";"Não";2;0;0;0;2;0;0;2;-29,889725;-50,461643;"SPRF-RS";"DEL03-RS";"UOP01-DEL03-RS"
746243;2026-01-17;"sábado";"17:40:00";"SC";101;203,9;"SAO JOSE";"Acessar a via sem observar a presença dos outros veículos";"Colisão lateral mesmo sentido";"Com Vítimas Feridas";"Pleno dia";"Crescente";"Céu Claro";"Múltipla";"Interseção de Vias";"Sim";2;0;1;0;1;0;1;2;-27,57292231;-48,61383677;"SPRF-SC";"DEL01-SC";"UOP01-DEL01-SC"
746245;2026-01-17;"sábado";"14:15:00";"MA";10;187;"RIBAMAR FIQUENE";"Acessar a via sem observar a presença dos outros veículos";"Colisão transversal";"Com Vítimas Fatais";"Pleno dia";"Crescente";"Céu Claro";"Simples";"Reta";"Sim";2;1;0;0;1;0;0;2;-6,07541;-47,38206;"SPRF-MA";"DEL04-MA";"UOP02-DEL04-MA"
746247;2026-01-17;"sábado";"18:20:00";"PE";101;74;"JABOATAO DOS GUARARAPES";"Reação tardia ou ineficiente do condutor";"Tombamento";"Com Vítimas Feridas";"Plena Noite";"Decrescente";"Céu Claro";"Dupla";"Reta";"Sim";2;0;2;0;0;0;2;1;-8,17668;-34,94421;"SPRF-PE";"DEL01-PE";"UOP01-DEL01-PE"
746248;2026-01-17;"sábado";"17:10:00";"MG";116;812;"ALEM PARAIBA";"Velocidade Incompatível";"Colisão lateral sentido oposto";"Com Vítimas Feridas";"Pleno dia";"Decrescente";"Chuva";"Simples";"Curva";"Não";5;0;4;0;1;0;4;2;-21,80332139;-42,70644307;"SPRF-MG";"DEL07-MG";"UOP01-DEL07-MG"
746249;2026-01-17;"sábado";"15:30:00";"SC";280;102,8;"SAO BENTO DO SUL";"Ausência de reação do condutor";"Saída de leito carroçável";"Com Vítimas Feridas";"Pleno dia";"Crescente";"Céu Claro";"Simples";"Curva";"Não";4;0;3;1;0;0;4;1;-26,36111;-49,34954;"SPRF-SC";"DEL06-SC";"UOP03-DEL06-SC"
746252;2026-01-17;"sábado";"17:45:00";"PR";277;436,8;"VIRMOND";"Acumulo de água sobre o pavimento";"Saída de leito carroçável";"Com Vítimas Feridas";"Pleno dia";"Decrescente";"Chuva";"Simples";"Declive;Curva";"Não";3;0;2;0;1;0;2;1;-25,37907523;-52,20934283;"SPRF-PR";"DEL04-PR";"UOP02-DEL04-PR"
746253;2026-01-17;"sábado";"18:00:00";"DF";20;18;"BRASILIA";"Manobra de mudança de faixa";"Colisão lateral mesmo sentido";"Com Vítimas Feridas";"Pleno dia";"Crescente";"Céu Claro";"Dupla";"Reta";"Não";4;0;4;0;0;0;4;1;-15,61672;-47,70944;"SPRF-DF";"DEL02-DF";"UOP01-DEL02-DF"
746254;2026-01-17;"sábado";"17:10:00";"SC";101;41,1;"JOINVILLE";"Velocidade Incompatível";"Colisão com objeto";"Sem Vítimas";"Pleno dia";"Crescente";"Chuva";"Múltipla";"Curva;Declive";"Sim";1;0;0;0;0;1;0;1;-26,31667965;-48,87338575;"SPRF-SC";"DEL03-SC";"UOP01-DEL03-SC"
746256;2026-01-17;"sábado";"14:06:00";"MT";174;41;"VILA BELA DA SANTISSIMA TRINDADE";"Mal súbito do condutor";"Saída de leito carroçável";"Com Vítimas Feridas";"Pleno dia";"Decrescente";"Sol";"Simples";"Reta";"Não";2;0;0;1;0;1;1;2;-15,1368091;-59,6182678;"SPRF-MT";"DEL04-MT";"UOP01-DEL04-MT"
746258;2026-01-17;"sábado";"18:50:00";"PI";343;18,4;"PARNAIBA";"Ingestão de álcool pelo condutor";"Colisão transversal";"Com Vítimas Feridas";"Plena Noite";"Crescente";"Céu Claro";"Simples";"Reta";"Sim";3;0;3;0;0;0;3;2;-2,96706766;-41,76006228;"SPRF-PI";"DEL05-PI";"UOP01-DEL05-PI"
746259;2026-01-17;"sábado";"17:00:00";"PR";116;45,9;"CAMPINA GRANDE DO SUL";"Reação tardia ou ineficiente do condutor";"Colisão com objeto";"Com Vítimas Feridas";"Pleno dia";"Crescente";"Chuva";"Dupla";"Curva;Ponte";"Não";9;0;1;0;8;0;1;2;-25,20301377;-48,89603231;"SPRF-PR";"DEL01-PR";"UOP02-DEL01-PR"
746261;2026-01-17;"sábado";"17:00:00";"PE";101;45;"IGARASSU";"Reação tardia ou ineficiente do condutor";"Colisão traseira";"Com Vítimas Feridas";"Anoitecer";"Decrescente";"Nublado";"Múltipla";"Reta";"Sim";2;0;0;1;0;1;1;2;-7,8639628;-34,90733362;"SPRF-PE";"DEL01-PE";"UOP02-DEL01-PE"
746263;2026-01-17;"sábado";"17:10:00";"RJ";116;80;"TERESOPOLIS";"Ausência de reação do condutor";"Atropelamento de Pedestre";"Com Vítimas Feridas";"Pleno dia";"Crescente";"Chuva";"Simples";"Reta";"Sim";3;0;0;1;1;1;1;2;-22,39285119;-42,95308191;"SPRF-RJ";"DEL04-RJ";"UOP01-DEL04-RJ"
746264;2026-01-17;"sábado";"18:50:00";"RS";386;395,5;"TRIUNFO";"Demais falhas mecânicas ou elétricas";"Tombamento";"Com Vítimas Feridas";"Anoitecer";"Decrescente";"Nublado";"Simples";"Reta";"Não";2;0;1;0;1;0;1;1;-29,7241328;-51,6353014;"SPRF-RS";"DEL04-RS";"UOP02-DEL04-RS"
746265;2026-01-17;"sábado";"19:00:00";"PI";343;340,2;"TERESINA";"Animais na Pista";"Atropelamento de Animal";"Com Vítimas Feridas";"Plena Noite";"Crescente";"Nublado";"Dupla";"Reta";"Sim";1;0;0;1;0;0;1;1;-5,07534;-42,73833;"SPRF-PI";"DEL01-PI";"UOP01-DEL01-PI"
746266;2026-01-17;"sábado";"17:45:00";"SP";116;45,6;"CANAS";"Chuva";"Tombamento";"Com Vítimas Feridas";"Anoitecer";"Crescente";"Chuva";"Dupla";"Curva";"Sim";1;0;1;0;0;0;1;1;-22,71178;-45,051117;"SPRF-SP";"DEL08-SP";"UOP02-DEL08-SP"
746267;2026-01-17;"sábado";"18:35:00";"PR";277;78;"CURITIBA";"Ausência de reação do condutor";"Colisão traseira";"Com Vítimas Feridas";"Plena Noite";"Decrescente";"Chuva";"Dupla";"Reta";"Sim";5;0;1;0;4;0;1;2;-25,48309554;-49,19213243;"SPRF-PR";"DEL01-PR";"UOP07-DEL01-PR"
746268;2026-01-17;"sábado";"18:50:00";"PR";277;75;"SAO JOSE DOS PINHAIS";"Ausência de reação do condutor";"Colisão com objeto";"Com Vítimas Feridas";"Plena Noite";"Decrescente";"Chuva";"Dupla";"Reta";"Sim";1;0;1;0;0;0;1;1;-25,48903526;-49,17883694;"SPRF-PR";"DEL01-PR";"UOP07-DEL01-PR"
746269;2026-01-17;"sábado";"19:10:00";"PE";101;45,3;"IGARASSU";"Ausência de reação do condutor";"Colisão com objeto";"Sem Vítimas";"Plena Noite";"Crescente";"Céu Claro";"Múltipla";"Reta";"Sim";1;0;0;0;0;1;0;1;-7,867;-34,907;"SPRF-PE";"DEL01-PE";"UOP02-DEL01-PE"
746270;2026-01-17;"sábado";"17:30:00";"MT";158;655;"NOVA XAVANTINA";"Ausência de reação do condutor";"Colisão com objeto";"Com Vítimas Feridas";"Pleno dia";"Decrescente";"Sol";"Dupla";"Interseção de Vias;Reta";"Sim";1;0;1;0;0;0;1;1;-14,680055;-52,356292;"SPRF-MT";"DEL07-MT";"UOP01-DEL07-MT"
746271;2026-01-17;"sábado";"18:00:00";"SC";116;169,9;"PONTE ALTA DO NORTE";"Reação tardia ou ineficiente do condutor";"Eventos atípicos";"Sem Vítimas";"Anoitecer";"Decrescente";"Chuva";"Simples";"Curva;Aclive";"Não";1;0;0;0;0;1;0;1;-27,19124;-50,46379;"SPRF-SC";"DEL05-SC";"UOP03-DEL05-SC"
746272;2026-01-17;"sábado";"16:40:00";"MG";40;494;"MATOZINHOS";"Reação tardia ou ineficiente do condutor";"Saída de leito carroçável";"Sem Vítimas";"Pleno dia";"Decrescente";"Garoa/Chuvisco";"Dupla";"Curva";"Não";1;0;0;0;1;0;0;1;-19,6567574;-44,1978544;"SPRF-MG";"DEL02-MG";"UOP01-DEL02-MG"
746273;2026-01-17;"sábado";"19:00:00";"SC";101;21;"BIGUACU";"Demais falhas mecânicas ou elétricas";"Saída de leito carroçável";"Sem Vítimas";"Plena Noite";"Decrescente";"Garoa/Chuvisco";"Dupla";"Reta";"Não";2;0;0;0;1;1;0;1;-27,49870665;-48,71427711;"SPRF-SC";"DEL03-SC";"UOP01-DEL03-SC"
746274;2026-01-17;"sábado";"19:30:00";"MG";262;361;"JUATUBA";"Transitar na contramão";"Colisão frontal";"Com Vítimas Feridas";"Plena Noite";"Decrescente";"Nublado";"Dupla";"Reta";"Sim";2;0;1;0;1;0;1;2;-19,9741325;-44,3184736;"SPRF-MG";"DEL01-MG";"UOP03-DEL01-MG"
746275;2026-01-17;"sábado";"19:30:00";"SP";116;115;"TAUBATE";"Reação tardia ou ineficiente do condutor";"Colisão lateral mesmo sentido";"Com Vítimas Feridas";"Plena Noite";"Decrescente";"Garoa/Chuvisco";"Dupla";"Reta";"Sim";3;0;3;0;0;0;3;1;-23,05050177;-45,60323015;"SPRF-SP";"DEL02-SP";"UOP02-DEL02-SP"
746277;2026-01-17;"sábado";"19:30:00";"PB";101;97,5;"CONDE";"Ausência de reação do condutor";"Colisão traseira";"Com Vítimas Feridas";"Plena Noite";"Decrescente";"Céu Claro";"Dupla";"Reta";"Sim";3;0;2;0;1;0;2;2;-7,242545;-34,929017;"SPRF-PB";"DEL01-PB";"UOP01-DEL01-PB"
746278;2026-01-17;"sábado";"18:30:00";"PB";230;146,8;"CAMPINA GRANDE";"Ingestão de álcool pelo condutor";"Queda de ocupante de veículo";"Com Vítimas Feridas";"Plena Noite";"Decrescente";"Céu Claro";"Dupla";"Declive;Reta";"Sim";1;0;0;1;0;0;1;1;-7,24447072;-35,85345268;"SPRF-PB";"DEL02-PB";"UOP01-DEL02-PB"
746279;2026-01-17;"sábado";"19:20:00";"SE";235;5,5;"NOSSA SENHORA DO SOCORRO";"Ingestão de álcool pelo condutor";"Queda de ocupante de veículo";"Com Vítimas Feridas";"Plena Noite";"Crescente";"Céu Claro";"Dupla";"Reta";"Não";1;0;1;0;0;0;1;1;-10,90532677;-37,12287633;"SPRF-SE";"DEL01-SE";"UOP01-DEL01-SE"
746280;2026-01-17;"sábado";"17:50:00";"PR";277;505,9;"DIAMANTE DO SUL";"Ausência de reação do condutor";"Saída de leito carroçável";"Com Vítimas Fatais";"Plena Noite";"Crescente";"Céu Claro";"Simples";"Curva";"Não";1;1;0;0;0;0;0;1;-25,137022;-52,712991;"SPRF-PR";"DEL04-PR";"UOP04-DEL04-PR"
746281;2026-01-17;"sábado";"20:00:00";"SC";280;28;"ARAQUARI";"Pedestre cruzava a pista fora da faixa";"Atropelamento de Pedestre";"Com Vítimas Feridas";"Plena Noite";"Crescente";"Nublado";"Simples";"Reta";"Sim";3;0;0;1;1;1;1;2;-26,40854725;-48,75014512;"SPRF-SC";"DEL03-SC";"UOP03-DEL03-SC"
746282;2026-01-17;"sábado";"19:38:00";"SC";470;30,1;"GASPAR";"Demais falhas mecânicas ou elétricas";"Incêndio";"Sem Vítimas";"Plena Noite";"Crescente";"Céu Claro";"Simples";"Reta";"Não";1;0;0;0;1;0;0;1;-26,89346;-48,91533;"SPRF-SC";"DEL04-SC";"UOP01-DEL04-SC"
746287;2026-01-17;"sábado";"20:00:00";"PB";230;159,3;"CAMPINA GRANDE";"Desrespeitar a preferência no cruzamento";"Colisão transversal";"Com Vítimas Feridas";"Plena Noite";"Crescente";"Céu Claro";"Dupla";"Viaduto;Interseção de Vias;Desvio Temporário;Em Obras";"Sim";6;0;2;0;4;0;2;2;-7,25228275;-35,93269587;"SPRF-PB";"DEL02-PB";"UOP01-DEL02-PB"
746289;2026-01-17;"sábado";"19:30:00";"GO";20;75;"FORMOSA";"Reação tardia ou ineficiente do condutor";"Queda de ocupante de veículo";"Com Vítimas Feridas";"Plena Noite";"Decrescente";"Céu Claro";"Simples";"Reta;Ponte";"Não";1;0;0;1;0;0;1;1;-15,1223935;-47,12565064;"SPRF-DF";"DEL02-DF";"UOP02-DEL02-DF"
746290;2026-01-17;"sábado";"20:15:00";"GO";40;10;"LUZIANIA";"Acessar a via sem observar a presença dos outros veículos";"Colisão transversal";"Com Vítimas Feridas";"Plena Noite";"Crescente";"Céu Claro";"Dupla";"Retorno Regulamentado;Reta";"Não";2;0;0;2;0;0;2;2;-16,13141741;-47,957789;"SPRF-DF";"DEL01-DF";"UOP01-DEL01-DF"
746291;2026-01-17;"sábado";"18:20:00";"RJ";101;388;"RIO DE JANEIRO";"Manobra de mudança de faixa";"Colisão traseira";"Com Vítimas Feridas";"Plena Noite";"Decrescente";"Nublado";"Dupla";"Reta";"Sim";2;0;1;0;1;0;1;2;-22,886039;-43,650201;"SPRF-RJ";"DEL03-RJ";"UOP01-DEL03-RJ"
746292;2026-01-17;"sábado";"20:30:00";"PR";376;181;"MARINGA";"Condutor deixou de manter distância do veículo da frente";"Colisão traseira";"Sem Vítimas";"Plena Noite";"Decrescente";"Céu Claro";"Dupla";"Reta";"Sim";3;0;0;0;3;0;0;3;-23,432091;-51,886571;"SPRF-PR";"DEL09-PR";"UOP01-DEL09-PR"
746293;2026-01-17;"sábado";"18:35:00";"SC";282;503;"XANXERE";"Velocidade Incompatível";"Colisão com objeto";"Com Vítimas Feridas";"Anoitecer";"Decrescente";"Céu Claro";"Dupla";"Curva";"Não";1;0;1;0;0;0;1;1;-26,882353;-52,404127;"SPRF-SC";"DEL07-SC";"UOP01-DEL07-SC"
746296;2026-01-17;"sábado";"18:40:00";"RJ";101;390;"RIO DE JANEIRO";"Ausência de reação do condutor";"Colisão lateral mesmo sentido";"Com Vítimas Feridas";"Plena Noite";"Decrescente";"Nublado";"Dupla";"Reta";"Não";4;0;1;0;3;0;1;4;-22,88986896;-43,6616233;"SPRF-RJ";"DEL03-RJ";"UOP01-DEL03-RJ"
746297;2026-01-17;"sábado";"19:35:00";"DF";70;2,3;"BRASILIA";"Chuva";"Tombamento";"Com Vítimas Feridas";"Plena Noite";"Decrescente";"Chuva";"Dupla";"Reta";"Sim";1;0;1;0;0;0;1;1;-15,79946185;-48,07538976;"SPRF-DF";"DEL03-DF";"UOP02-DEL03-DF"
746298;2026-01-17;"sábado";"20:15:00";"SC";470;71;"INDAIAL";"Acessar a via sem observar a presença dos outros veículos";"Colisão transversal";"Sem Vítimas";"Plena Noite";"Crescente";"Céu Claro";"Simples";"Reta";"Sim";3;0;0;0;3;0;0;2;-26,91800336;-49,28142484;"SPRF-SC";"DEL04-SC";"UOP01-DEL04-SC"
746299;2026-01-17;"sábado";"21:10:00";"MG";381;834,6;"SAO SEBASTIAO DA BELA VISTA";"Velocidade Incompatível";"Colisão lateral mesmo sentido";"Com Vítimas Feridas";"Plena Noite";"Crescente";"Chuva";"Dupla";"Reta";"Não";7;0;1;1;5;0;2;3;-22,12754467;-45,80121714;"SPRF-MG";"DEL16-MG";"UOP01-DEL16-MG"
746300;2026-01-17;"sábado";"19:50:00";"PB";230;63,7;"SAO MIGUEL DE TAIPU";"Demais falhas mecânicas ou elétricas";"Queda de ocupante de veículo";"Com Vítimas Feridas";"Pleno dia";"Decrescente";"Céu Claro";"Dupla";"Reta";"Não";2;0;2;0;0;0;2;1;-7,193668;-35,177717;"SPRF-PB";"DEL01-PB";"UOP02-DEL01-PB"
746301;2026-01-17;"sábado";"21:10:00";"MG";381;926,4;"ITAPEVA";"Condutor Dormindo";"Saída de leito carroçável";"Com Vítimas Feridas";"Plena Noite";"Crescente";"Chuva";"Dupla";"Curva";"Não";2;0;1;0;1;0;1;1;-22,76763;-46,21409;"SPRF-MG";"DEL16-MG";"UOP03-DEL16-MG"
746303;2026-01-17;"sábado";"20:16:00";"PE";423;61,7;"LAJEDO";"Ingestão de álcool pelo condutor";"Colisão transversal";"Com Vítimas Feridas";"Plena Noite";"Crescente";"Céu Claro";"Simples";"Reta";"Não";2;0;1;0;1;0;1;2;-8,658418;-36,330298;"SPRF-PE";"DEL03-PE";"UOP01-DEL03-PE"
746304;2026-01-17;"sábado";"19:40:00";"MG";262;719,9;"ARAXA";"Chuva";"Tombamento";"Com Vítimas Feridas";"Plena Noite";"Crescente";"Chuva";"Simples";"Reta";"Não";1;0;1;0;0;0;1;1;-19,553003;-46,8785754;"SPRF-MG";"DEL08-MG";"UOP01-DEL08-MG"
746305;2026-01-17;"sábado";"21:17:00";"ES";101;146,1;"LINHARES";"Reação tardia ou ineficiente do condutor";"Tombamento";"Com Vítimas Feridas";"Plena Noite";"Crescente";"Céu Claro";"Dupla";"Declive;Reta";"Sim";1;0;0;1;0;0;1;1;-19,3712198;-40,06552784;"SPRF-ES";"DEL04-ES";"UOP01-DEL04-ES"
746306;2026-01-17;"sábado";"20:20:00";"PE";232;79;"GRAVATA";"Velocidade Incompatível";"Colisão lateral sentido oposto";"Com Vítimas Feridas";"Plena Noite";"Crescente";"Céu Claro";"Simples";"Reta";"Sim";3;0;0;1;1;1;1;3;-8,19615;-35,56848;"SPRF-PE";"DEL02-PE";"UOP02-DEL02PE"
746307;2026-01-17;"sábado";"21:39:00";"BA";324;623;"SALVADOR";"Ausência de reação do condutor";"Queda de ocupante de veículo";"Com Vítimas Feridas";"Plena Noite";"Crescente";"Nublado";"Dupla";"Reta";"Sim";1;0;1;0;0;0;1;1;-12,932888;-38,471673;"SPRF-BA";"DEL01-BA";"UOP01-DEL01-BA"
746308;2026-01-17;"sábado";"18:00:00";"SC";282;569,9;"NOVA ERECHIM";"Acessar a via sem observar a presença dos outros veículos";"Colisão transversal";"Com Vítimas Feridas";"Anoitecer";"Crescente";"Nublado";"Simples";"Interseção de Vias;Reta";"Sim";2;0;1;0;1;0;1;2;-26,8964049;-52,9183741;"SPRF-SC";"DEL07-SC";"UOP02-DEL07-SC"
746309;2026-01-17;"sábado";"21:35:00";"SC";470;68;"INDAIAL";"Manobra de mudança de faixa";"Colisão lateral mesmo sentido";"Com Vítimas Feridas";"Plena Noite";"Decrescente";"Céu Claro";"Dupla";"Aclive;Reta";"Sim";3;0;1;0;2;0;1;2;-26,87751;-49,23914;"SPRF-SC";"DEL04-SC";"UOP01-DEL04-SC"
746310;2026-01-17;"sábado";"19:00:00";"PR";373;243,8;"GUAMIRANGA";"Velocidade Incompatível";"Colisão com objeto";"Com Vítimas Feridas";"Plena Noite";"Crescente";"Nublado";"Simples";"Declive;Curva";"Não";2;0;1;0;0;1;1;1;-25,191944;-50,793056;"SPRF-PR";"DEL03-PR";"UOP01-DEL03-PR"
746311;2026-01-17;"sábado";"21:35:00";"PE";232;16,6;"JABOATAO DOS GUARARAPES";"Velocidade Incompatível";"Saída de leito carroçável";"Com Vítimas Feridas";"Plena Noite";"Crescente";"Céu Claro";"Dupla";"Curva";"Não";1;0;1;0;0;0;1;1;-8,096944;-35,0543941;"SPRF-PE";"DEL01-PE";"UOP01-DEL01-PE"