"id";"data_inversa";"dia_semana";"horario";"uf";"br";"km";"municipio";"causa_acidente";"tipo_acidente";"classificacao_acidente";"fase_dia";"sentido_via";"condicao_metereologica";"tipo_pista";"tracado_via";"uso_solo";"pessoas";"mortos";"feridos_leves";"feridos_graves";"ilesos";"ignorados";"feridos";"veiculos";"latitude";"longitude";"regional";"delegacia";"uop"
746730;2026-01-19;"segunda-feira";"14:40:00";"RO";364;706;"PORTO VELHO";"Acessar a via sem observar a presença dos outros veículos";"Colisão lateral mesmo sentido";"Com Vítimas Feridas";"Pleno dia";"Decrescente";"Céu Claro";"Dupla";"Reta";"Sim";2;0;1;0;0;1;1;2;-8,80045;-63,82162;"SPRF-RO";"DEL01-RO";"UOP01-DEL01-RO"
746731;2026-01-12;"segunda-feira";"07:15:00";"MG";356;267,2;"MURIAE";"Mal súbito do condutor";"Colisão frontal";"Com Vítimas Feridas";"Pleno dia";"Crescente";"Sol";"Simples";"Reta;Aclive";"Sim";2;0;1;1;0;0;2;2;-21,126589;-42,356756;"SPRF-MG";"DEL07-MG";"UOP02-DEL07-MG"
746732;2026-01-19;"segunda-feira";"15:50:00";"BA";242;413;"SEABRA";"Reação tardia ou ineficiente do condutor";"Engavetamento";"Sem Vítimas";"Pleno dia";"Crescente";"Céu Claro";"Simples";"Reta";"Sim";3;0;0;0;3;0;0;3;-12,42703436;-41,76222718;"SPRF-BA";"DEL06-BA";"UOP01-DEL06-BA"
746733;2026-01-19;"segunda-feira";"16:30:00";"MG";381;513;"IGARAPE";"Desrespeitar a preferência no cruzamento";"Colisão transversal";"Com Vítimas Feridas";"Pleno dia";"Decrescente";"Céu Claro";"Simples";"Reta";"Não";2;0;1;0;1;0;1;2;-20,06980738;-44,2980335;"SPRF-MG";"DEL01-MG";"UOP03-DEL01-MG"
746735;2026-01-19;"segunda-feira";"17:00:00";"SC";101;215,1;"PALHOCA";"Objeto estático sobre o leito carroçável";"Colisão traseira";"Com Vítimas Feridas";"Pleno dia";"Decrescente";"Céu Claro";"Múltipla";"Reta";"Sim";3;0;1;1;1;0;2;2;-27,66268636;-48,67590845;"SPRF-SC";"DEL01-SC";"UOP02-DEL01-SC"
746736;2026-01-19;"segunda-feira";"15:55:00";"SC";101;397;"MARACAJA";"Ausência de reação do condutor";"Colisão com objeto";"Com Vítimas Feridas";"Pleno dia";"Crescente";"Nublado";"Múltipla";"Curva";"Não";4;0;2;0;2;0;2;1;-28,8444148;-49,43188939;"SPRF-SC";"DEL02-SC";"UOP02-DEL02-SC"
746738;2026-01-19;"segunda-feira";"16:50:00";"SC";101;206,2;"SAO JOSE";"Reação tardia ou ineficiente do condutor";"Engavetamento";"Com Vítimas Feridas";"Pleno dia";"Decrescente";"Nublado";"Múltipla";"Reta";"Sim";3;0;2;0;1;0;2;3;-27,59432;-48,618843;"SPRF-SC";"DEL01-SC";"UOP01-DEL01-SC"
746739;2026-01-19;"segunda-feira";"16:25:00";"MG";116;276;"TEOFILO OTONI";"Transitar na contramão";"Colisão frontal";"Com Vítimas Feridas";"Pleno dia";"Decrescente";"Céu Claro";"Simples";"Rotatória";"Sim";3;0;1;2;0;0;3;2;-17,851402;-41,514377;"SPRF-MG";"DEL11-MG";"UOP01-DEL11-MG"
746741;2026-01-19;"segunda-feira";"16:50:00";"SP";116;168,8;"JACAREI";"Chuva";"Colisão com objeto";"Com Vítimas Feridas";"Anoitecer";"Decrescente";"Chuva";"Dupla";"Reta";"Não";1;0;1;0;0;0;1;1;-23,30699;-46,04058;"SPRF-SP";"DEL02-SP";"UOP01-DEL02-SP"
746742;2026-01-19;"segunda-feira";"17:25:00";"SC";101;202,3;"SAO JOSE";"Ausência de sinalização";"Colisão traseira";"Com Vítimas Feridas";"Pleno dia";"Decrescente";"Nublado";"Múltipla";"Reta";"Sim";3;0;1;0;2;0;1;3;-27,560022;-48,617397;"SPRF-SC";"DEL01-SC";"UOP01-DEL01-SC"
746743;2026-01-19;"segunda-feira";"16:20:00";"SC";282;492,8;"FAXINAL DOS GUEDES";"Ultrapassagem Indevida";"Colisão lateral mesmo sentido";"Com Vítimas Feridas";"Pleno dia";"Decrescente";"Céu Claro";"Simples";"Rotatória";"Não";2;0;1;0;1;0;1;2;-26,872111;-52,297774;"SPRF-SC";"DEL07-SC";"UOP01-DEL07-SC"
746744;2026-01-19;"segunda-feira";"16:35:00";"PI";343;579;"FLORIANO";"Deficiência do Sistema de Iluminação/Sinalização";"Incêndio";"Sem Vítimas";"Pleno dia";"Crescente";"Garoa/Chuvisco";"Simples";"Reta";"Não";1;0;0;0;1;0;0;1;-6,808512;-42,935778;"SPRF-PI";"DEL03-PI";"UOP01-DEL03-PI"
746745;2026-01-19;"segunda-feira";"17:10:00";"ES";101;159,9;"LINHARES";"Acessar a via sem observar a presença dos outros veículos";"Colisão transversal";"Com Vítimas Feridas";"Pleno dia";"Crescente";"Céu Claro";"Simples";"Interseção de Vias;Reta";"Sim";2;0;1;0;1;0;1;2;-19,4766526;-40,11399913;"SPRF-ES";"DEL04-ES";"UOP01-DEL04-ES"
746746;2026-01-19;"segunda-feira";"15:00:00";"RJ";40;52,2;"PETROPOLIS";"Ausência de reação do condutor";"Saída de leito carroçável";"Com Vítimas Fatais";"Pleno dia";"Decrescente";"Nublado";"Dupla";"Curva;Declive";"Não";1;1;0;0;0;0;0;1;-22,339088;-43,132874;"SPRF-RJ";"DEL05-RJ";"UOP02-DEL05-RJ"
746747;2026-01-19;"segunda-feira";"17:15:00";"MG";381;509;"SAO JOAQUIM DE BICAS";"Animais na Pista";"Atropelamento de Animal";"Com Vítimas Feridas";"Pleno dia";"Decrescente";"Céu Claro";"Dupla";"Reta";"Não";1;0;1;0;0;0;1;1;-20,0515623;-44,28092122;"SPRF-MG";"DEL01-MG";"UOP03-DEL01-MG"
746748;2026-01-19;"segunda-feira";"17:35:00";"RS";116;146,2;"CAXIAS DO SUL";"Manobra de mudança de faixa";"Colisão lateral mesmo sentido";"Com Vítimas Feridas";"Pleno dia";"Crescente";"Céu Claro";"Dupla";"Reta";"Não";2;0;1;0;1;0;1;2;-29,14190845;-51,1355149;"SPRF-RS";"DEL05-RS";"UOP01-DEL05-RS"
746749;2026-01-19;"segunda-feira";"15:00:00";"RJ";116;181;"NOVA IGUACU";"Ausência de reação do condutor";"Colisão traseira";"Sem Vítimas";"Pleno dia";"Crescente";"Chuva";"Dupla";"Reta";"Sim";2;0;0;0;2;0;0;2;-22,75666178;-43,43114074;"SPRF-RJ";"DEL06-RJ";"UOP01-DEL06-RJ"
746750;2026-01-19;"segunda-feira";"17:10:00";"PR";116;208,2;"RIO NEGRO";"Ultrapassagem Indevida";"Colisão lateral mesmo sentido";"Com Vítimas Feridas";"Pleno dia";"Crescente";"Céu Claro";"Simples";"Interseção de Vias;Reta";"Sim";2;0;0;1;1;0;1;2;-26,08106901;-49,77192879;"SPRF-SC";"DEL06-SC";"UOP01-DEL06-SC"
746753;2026-01-19;"segunda-feira";"18:15:00";"PE";232;5;"RECIFE";"Ausência de sinalização";"Colisão traseira";"Com Vítimas Feridas";"Plena Noite";"Decrescente";"Céu Claro";"Múltipla";"Reta";"Sim";2;0;1;0;1;0;1;2;-8,06843955;-34,94600773;"SPRF-PE";"DEL01-PE";"UOP01-DEL01-PE"
746754;2026-01-19;"segunda-feira";"18:10:00";"RJ";101;454;"MANGARATIBA";"Chuva";"Saída de leito carroçável";"Com Vítimas Feridas";"Anoitecer";"Crescente";"Chuva";"Simples";"Declive;Reta";"Não";1;0;0;1;0;0;1;1;-23,03087028;-44,15969476;"SPRF-RJ";"DEL03-RJ";"UOP02-DEL03-RJ"
746755;2026-01-19;"segunda-feira";"15:25:00";"AC";364;689;"CRUZEIRO DO SUL";"Mal súbito do condutor";"Saída de leito carroçável";"Com Vítimas Feridas";"Pleno dia";"Decrescente";"Garoa/Chuvisco";"Simples";"Reta";"Não";2;0;1;0;1;0;1;1;-7,788105;-72,075583;"SPRF-AC";"DEL01-AC";"UOP03-DEL01-AC"
746756;2026-01-19;"segunda-feira";"17:55:00";"RN";101;104;"PARNAMIRIM";"Velocidade Incompatível";"Colisão traseira";"Com Vítimas Feridas";"Plena Noite";"Crescente";"Céu Claro";"Múltipla";"Reta";"Sim";3;0;2;0;1;0;2;3;-5,898248;-35,258658;"SPRF-RN";"DEL01-RN";"UOP01-DEL01-RN"
746757;2026-01-19;"segunda-feira";"16:00:00";"SP";101;52;"UBATUBA";"Entrada inopinada do pedestre";"Atropelamento de Pedestre";"Com Vítimas Feridas";"Pleno dia";"Decrescente";"Chuva";"Simples";"Reta";"Sim";3;0;2;0;1;0;2;2;-23,46304946;-45,06378233;"SPRF-SP";"DEL06-SP";"UOP01-DEL06-SP"
746759;2026-01-19;"segunda-feira";"18:05:00";"PR";277;3;"FOZ DO IGUACU";"Avarias e/ou desgaste excessivo no pneu";"Queda de ocupante de veículo";"Com Vítimas Feridas";"Pleno dia";"Crescente";"Céu Claro";"Simples";"Reta";"Não";2;0;2;0;0;0;2;1;-25,51875;-54,52682;"SPRF-PR";"DEL05-PR";"UOP04-DEL05-PR"
746760;2026-01-19;"segunda-feira";"11:30:00";"BA";101;790;"ITAMARAJU";"Ultrapassagem Indevida";"Colisão frontal";"Com Vítimas Fatais";"Pleno dia";"Crescente";"Sol";"Simples";"Declive";"Não";6;2;3;1;0;0;4;2;-16,88;-39,513;"SPRF-BA";"DEL09-BA";"UOP01-DEL09-BA"
746761;2026-01-19;"segunda-feira";"17:50:00";"SP";153;61;"SAO JOSE DO RIO PRETO";"Manobra de mudança de faixa";"Colisão lateral mesmo sentido";"Com Vítimas Feridas";"Pleno dia";"Crescente";"Chuva";"Dupla";"Interseção de Vias;Reta";"Sim";4;0;1;0;0;3;1;3;-20,8039659;-49,35588447;"SPRF-SP";"DEL09-SP";"UOP01-DEL09-SP"
746764;2026-01-19;"segunda-feira";"18:45:00";"RN";101;82;"NATAL";"Pedestre - Ingestão de álcool/ substâncias psicoativas";"Atropelamento de Pedestre";"Com Vítimas Feridas";"Plena Noite";"Crescente";"Céu Claro";"Dupla";"Reta";"Sim";2;0;0;2;0;0;2;2;-5,769263;-35,271012;"SPRF-RN";"DEL02-RN";"UOP01-DEL02-RN"
746766;2026-01-19;"segunda-feira";"17:20:00";"BA";101;327;"PRESIDENTE TANCREDO NEVES";"Ausência de reação do condutor";"Colisão transversal";"Com Vítimas Feridas";"Anoitecer";"Crescente";"Nublado";"Simples";"Aclive";"Não";4;0;1;0;3;0;1;2;-13,452692;-39,42083;"SPRF-BA";"DEL05-BA";"UOP03-DEL05-BA"
746767;2026-01-19;"segunda-feira";"17:50:00";"PR";376;2;"SAO JOSE DOS PINHAIS";"Condutor usando celular";"Colisão traseira";"Com Vítimas Feridas";"Anoitecer";"Crescente";"Céu Claro";"Múltipla";"Reta";"Sim";2;0;1;0;1;0;1;2;-25,54945416;-49,18830005;"SPRF-PR";"DEL01-PR";"UOP04-DEL01-PR"
746768;2026-01-10;"sábado";"03:30:00";"SC";101;206;"SAO JOSE";"Reação tardia ou ineficiente do condutor";"Capotamento";"Sem Vítimas";"Plena Noite";"Crescente";"Céu Claro";"Múltipla";"Reta";"Sim";1;0;0;0;1;0;0;1;-27,58667762;-48,61696808;"SPRF-SC";"DEL01-SC";"UOP01-DEL01-SC"
746769;2026-01-19;"segunda-feira";"17:10:00";"RJ";40;112;"DUQUE DE CAXIAS";"Acessar a via sem observar a presença dos outros veículos";"Colisão transversal";"Com Vítimas Feridas";"Pleno dia";"Decrescente";"Garoa/Chuvisco";"Múltipla";"Reta";"Sim";4;0;1;0;3;0;1;2;-22,70108;-43,28991;"SPRF-RJ";"DEL01-RJ";"UOP02-DEL01-RJ"
746771;2026-01-19;"segunda-feira";"19:09:00";"RJ";101;464;"ANGRA DOS REIS";"Chuva";"Colisão com objeto";"Com Vítimas Feridas";"Plena Noite";"Crescente";"Chuva";"Simples";"Curva";"Não";1;0;1;0;0;0;1;1;-23,024868;-44,219889;"SPRF-RJ";"DEL03-RJ";"UOP03-DEL03-RJ"
746772;2026-01-19;"segunda-feira";"19:05:00";"MG";381;486;"BETIM";"Reação tardia ou ineficiente do condutor";"Colisão com objeto";"Com Vítimas Feridas";"Plena Noite";"Decrescente";"Céu Claro";"Dupla";"Reta";"Não";1;0;1;0;0;0;1;1;-19,95656893;-44,10736084;"SPRF-MG";"DEL01-MG";"UOP03-DEL01-MG"
746773;2026-01-19;"segunda-feira";"18:45:00";"PR";116;92;"SAO JOSE DOS PINHAIS";"Reação tardia ou ineficiente do condutor";"Colisão traseira";"Sem Vítimas";"Pleno dia";"Decrescente";"Céu Claro";"Dupla";"Interseção de Vias";"Não";2;0;0;0;2;0;0;2;-25,51287868;-49,12884085;"SPRF-PR";"DEL01-PR";"UOP07-DEL01-PR"
746774;2026-01-19;"segunda-feira";"19:30:00";"MA";316;570,1;"CAXIAS";"Pedestre andava na pista";"Atropelamento de Pedestre";"Com Vítimas Fatais";"Plena Noite";"Crescente";"Céu Claro";"Simples";"Reta";"Não";3;1;0;0;1;1;0;2;-4,92097;-43,20063;"SPRF-MA";"DEL03-MA";"UOP02-DEL03-MA"
746775;2026-01-19;"segunda-feira";"18:44:00";"RN";304;284,8;"MACAIBA";"Deficiência do Sistema de Iluminação/Sinalização";"Saída de leito carroçável";"Com Vítimas Feridas";"Plena Noite";"Decrescente";"Céu Claro";"Dupla";"Reta";"Não";1;0;1;0;0;0;1;1;-5,88;-35,46;"SPRF-RN";"DEL01-RN";"UOP02-DEL01-RN"
746776;2026-01-19;"segunda-feira";"19:09:00";"TO";153;153;"ARAGUAINA";"Animais na Pista";"Atropelamento de Animal";"Com Vítimas Feridas";"Plena Noite";"Decrescente";"Garoa/Chuvisco";"Simples";"Reta";"Não";1;0;1;0;0;0;1;1;-7,267585;-48,263908;"SPRF-TO";"DEL02-TO";"UOP01-DEL02-TO"
746777;2026-01-19;"segunda-feira";"17:40:00";"RS";116;246,8;"SAO LEOPOLDO";"Ausência de reação do condutor";"Tombamento";"Com Vítimas Feridas";"Pleno dia";"Crescente";"Céu Claro";"Dupla";"Aclive;Curva;Viaduto";"Sim";2;0;1;1;0;0;2;1;-29,76123848;-51,15344775;"SPRF-RS";"DEL01-RS";"UOP02-DEL01-RS"
746778;2026-01-19;"segunda-feira";"19:00:00";"MG";40;665,2;"CARANDAI";"Pedestre cruzava a pista fora da faixa";"Atropelamento de Pedestre";"Com Vítimas Feridas";"Plena Noite";"Crescente";"Nublado";"Simples";"Declive;Reta";"Não";3;0;1;1;1;0;2;2;-20,94280345;-43,81060123;"SPRF-MG";"DEL05-MG";"UOP02-DEL05-MG"
746779;2026-01-19;"segunda-feira";"19:04:00";"PI";343;305;"ALTOS";"Ausência de reação do condutor";"Colisão transversal";"Sem Vítimas";"Plena Noite";"Crescente";"Céu Claro";"Simples";"Interseção de Vias";"Sim";2;0;0;0;2;0;0;2;-5,03108625;-42,43965983;"SPRF-PI";"DEL01-PI";"UOP01-DEL01-PI"
746782;2026-01-19;"segunda-feira";"13:49:00";"RJ";101;323;"NITEROI";"Ausência de reação do condutor";"Queda de ocupante de veículo";"Com Vítimas Feridas";"Pleno dia";"Decrescente";"Céu Claro";"Dupla";"Reta";"Não";1;0;1;0;0;0;1;1;-22,87949803;-43,11401642;"SPRF-RJ";"DEL02-RJ";"UOP01-DEL02-RJ"
746784;2026-01-19;"segunda-feira";"20:05:00";"MG";50;77,4;"UBERLANDIA";"Reação tardia ou ineficiente do condutor";"Engavetamento";"Sem Vítimas";"Plena Noite";"Decrescente";"Nublado";"Dupla";"Viaduto;Reta";"Sim";3;0;0;0;1;2;0;3;-18,93849763;-48,21928851;"SPRF-MG";"DEL15-MG";"UOP01-DEL15-MG"
746785;2026-01-19;"segunda-feira";"20:30:00";"ES";101;279,1;"SERRA";"Avarias e/ou desgaste excessivo no pneu";"Colisão com objeto";"Com Vítimas Feridas";"Plena Noite";"Crescente";"Chuva";"Dupla";"Reta";"Sim";1;0;1;0;0;0;1;1;-20,21813257;-40,34037709;"SPRF-ES";"DEL02-ES";"UOP01-DEL02-ES"
746788;2026-01-19;"segunda-feira";"18:20:00";"SC";101;108,5;"PENHA";"Trafegar com motocicleta (ou similar) entre as faixas";"Colisão lateral mesmo sentido";"Com Vítimas Feridas";"Anoitecer";"Crescente";"Nublado";"Dupla";"Reta";"Sim";2;0;1;0;1;0;1;2;-26,82983875;-48,69287459;"SPRF-SC";"DEL03-SC";"UOP02-DEL03-SC"
746789;2026-01-19;"segunda-feira";"18:40:00";"RN";101;82;"NATAL";"Pedestre cruzava a pista fora da faixa";"Atropelamento de Pedestre";"Com Vítimas Feridas";"Plena Noite";"Decrescente";"Céu Claro";"Dupla";"Reta";"Sim";2;0;1;1;0;0;2;2;-5,769;-35,271;"SPRF-RN";"DEL02-RN";"UOP01-DEL02-RN"
746791;2026-01-19;"segunda-feira";"20:00:00";"PR";277;3,3;"FOZ DO IGUACU";"Acesso irregular";"Colisão transversal";"Com Vítimas Feridas";"Plena Noite";"Crescente";"Céu Claro";"Simples";"Reta";"Não";2;0;0;1;1;0;1;2;-25,51857195;-54,52674357;"SPRF-PR";"DEL05-PR";"UOP04-DEL05-PR"
746792;2026-01-19;"segunda-feira";"16:00:00";"GO";60;48;"ABADIANIA";"Reação tardia ou ineficiente do condutor";"Saída de leito carroçável";"Com Vítimas Feridas";"Pleno dia";"Decrescente";"Ignorado";"Dupla";"Declive";"Não";2;0;1;0;1;0;1;1;-16,15301079;-48,61091626;"SPRF-GO";"DEL02-GO";"UOP01-DEL02-GO"
746793;2026-01-19;"segunda-feira";"19:50:00";"PR";373;400;"CANDOI";"Acessar a via sem observar a presença dos outros veículos";"Colisão lateral mesmo sentido";"Com Vítimas Feridas";"Plena Noite";"Crescente";"Céu Claro";"Simples";"Reta";"Não";3;0;3;0;0;0;3;2;-25,561358;-52,045315;"SPRF-PR";"DEL08-PR";"UOP01-DEL08-PR"
746794;2026-01-19;"segunda-feira";"18:50:00";"MT";163;592;"NOVA MUTUM";"Reação tardia ou ineficiente do condutor";"Colisão com objeto";"Com Vítimas Fatais";"Plena Noite";"Crescente";"Céu Claro";"Dupla";"Reta";"Sim";4;1;3;0;0;0;3;1;-13,866952;-56,086649;"SPRF-MT";"DEL01-MT";"UOP01-DEL01-MT"
746795;2026-01-19;"segunda-feira";"21:45:00";"PE";232;99,1;"BEZERROS";"Entrada inopinada do pedestre";"Atropelamento de Pedestre";"Com Vítimas Fatais";"Plena Noite";"Crescente";"Nublado";"Dupla";"Declive;Reta";"Sim";2;1;0;0;1;0;0;2;-8,23694;-35,73521;"SPRF-PE";"DEL02-PE";"UOP03-DEL02-PE"
746797;2026-01-19;"segunda-feira";"21:30:00";"GO";153;672,5;"PANAMA";"Objeto estático sobre o leito carroçável";"Colisão com objeto";"Sem Vítimas";"Plena Noite";"Decrescente";"Nublado";"Dupla";"Declive;Reta";"Não";4;0;0;0;4;0;0;1;-18,154824;-49,286836;"SPRF-GO";"DEL03-GO";"UOP02-DEL03-GO"
746798;2026-01-19;"segunda-feira";"20:00:00";"SC";101;252,4;"PAULO LOPES";"Ingestão de álcool pelo condutor";"Colisão lateral mesmo sentido";"Com Vítimas Feridas";"Plena Noite";"Decrescente";"Ignorado";"Múltipla";"Reta";"Sim";2;0;0;1;1;0;1;2;-27,961816;-48,6790406;"SPRF-SC";"DEL02-SC";"UOP03-DEL02-SC"
746799;2026-01-19;"segunda-feira";"21:45:00";"PR";116;103;"SAO JOSE DOS PINHAIS";"Reação tardia ou ineficiente do condutor";"Colisão traseira";"Sem Vítimas";"Plena Noite";"Decrescente";"Nublado";"Dupla";"Reta";"Sim";2;0;0;0;2;0;0;2;-25,57104627;-49,19325527;"SPRF-PR";"DEL01-PR";"UOP07-DEL01-PR"
746801;2026-01-19;"segunda-feira";"21:49:00";"SC";282;31;"SANTO AMARO DA IMPERATRIZ";"Ingestão de álcool pelo condutor";"Saída de leito carroçável";"Sem Vítimas";"Plena Noite";"Crescente";"Nublado";"Simples";"Reta";"Não";1;0;0;0;1;0;0;1;-27,699409;-48,797101;"SPRF-SC";"DEL01-SC";"UOP03-DEL01-SC"
746803;2026-01-19;"segunda-feira";"17:00:00";"MG";381;705;"LAVRAS";"Chuva";"Capotamento";"Com Vítimas Feridas";"Pleno dia";"Crescente";"Chuva";"Dupla";"Reta";"Não";2;0;2;0;0;0;2;1;-21,28937436;-45,14007568;"SPRF-MG";"DEL04-MG";"UOP02-DEL04-MG"
746810;2026-01-19;"segunda-feira";"22:00:00";"RO";364;240,7;"CACOAL";"Ausência de reação do condutor";"Colisão traseira";"Com Vítimas Feridas";"Plena Noite";"Crescente";"Chuva";"Dupla";"Reta";"Sim";1;0;1;0;0;0;1;1;-11,43905837;-61,47620916;"SPRF-RO";"DEL02-RO";"UOP02-DEL02-RO"
746811;2026-01-20;"terça-feira";"00:20:00";"MG";381;563;"OLIVEIRA";"Acesso irregular";"Colisão frontal";"Com Vítimas Feridas";"Plena Noite";"Crescente";"Nublado";"Dupla";"Curva";"Sim";2;0;0;2;0;0;2;2;-20,73160645;-44,77273862;"SPRF-MG";"DEL04-MG";"UOP03-DEL04-MG"
746812;2026-01-20;"terça-feira";"00:50:00";"SP";116;60;"GUARATINGUETA";"Objeto estático sobre o leito carroçável";"Colisão com objeto";"Com Vítimas Fatais";"Plena Noite";"Crescente";"Céu Claro";"Dupla";"Reta";"Não";3;1;1;0;1;0;1;3;-22,79087488;-45,16097593;"SPRF-SP";"DEL08-SP";"UOP01-DEL08-SP"
746814;2026-01-19;"segunda-feira";"23:30:00";"MT";70;512;"VARZEA GRANDE";"Reação tardia ou ineficiente do condutor";"Colisão traseira";"Sem Vítimas";"Plena Noite";"Decrescente";"Céu Claro";"Simples";"Reta;Em Obras";"Não";7;0;0;0;7;0;0;2;-15,70201;-56,11714;"SPRF-MT";"DEL01-MT";"UOP02-DEL01-MT"
746817;2026-01-19;"segunda-feira";"23:37:00";"SP";459;1;"PIQUETE";"Pista Escorregadia";"Capotamento";"Sem Vítimas";"Plena Noite";"Crescente";"Garoa/Chuvisco";"Simples";"Curva;Declive";"Não";1;0;0;0;0;1;0;1;-22,56965998;-45,21618739;"SPRF-SP";"DEL08-SP";"UOP02-DEL08-SP"
746819;2026-01-20;"terça-feira";"01:15:00";"MT";163;948;"NOVA SANTA HELENA";"Ausência de reação do condutor";"Saída de leito carroçável";"Com Vítimas Feridas";"Plena Noite";"Crescente";"Chuva";"Simples";"Reta";"Não";1;0;1;0;0;0;1;1;-10,90947;-55,19705;"SPRF-MT";"DEL06-MT";"UOP02-DEL06-MT"
746820;2026-01-20;"terça-feira";"04:55:00";"PR";376;593;"CURITIBA";"Demais falhas mecânicas ou elétricas";"Incêndio";"Sem Vítimas";"Amanhecer";"Crescente";"Nublado";"Dupla";"Reta";"Não";1;0;0;0;1;0;0;1;-25,45277312;-49,36227886;"SPRF-PR";"DEL01-PR";"UOP06-DEL01-PR"
746821;2026-01-18;"domingo";"17:23:00";"RJ";101;285;"ITABORAI";"Reação tardia ou ineficiente do condutor";"Colisão com objeto";"Com Vítimas Feridas";"Pleno dia";"Decrescente";"Nublado";"Simples";"Viaduto";"Não";2;0;2;0;0;0;2;1;-22,75220065;-42,81951354;"SPRF-RJ";"DEL02-RJ";"UOP02-DEL02-RJ"
746822;2026-01-20;"terça-feira";"05:10:00";"RS";101;80,7;"OSORIO";"Reação tardia ou ineficiente do condutor";"Tombamento";"Com Vítimas Fatais";"Amanhecer";"Crescente";"Céu Claro";"Dupla";"Reta";"Não";1;1;0;0;0;0;0;1;-29,8334133;-50,24651;"SPRF-RS";"DEL03-RS";"UOP01-DEL03-RS"
746823;2026-01-20;"terça-feira";"06:30:00";"MG";40;470,8;"SETE LAGOAS";"Acumulo de água sobre o pavimento";"Tombamento";"Com Vítimas Feridas";"Pleno dia";"Decrescente";"Chuva";"Dupla";"Declive;Reta";"Sim";1;0;1;0;0;0;1;1;-19,45628418;-44,3090415;"SPRF-MG";"DEL02-MG";"UOP01-DEL02-MG"
746824;2026-01-20;"terça-feira";"06:45:00";"ES";101;343,2;"GUARAPARI";"Velocidade Incompatível";"Colisão com objeto";"Com Vítimas Feridas";"Pleno dia";"Decrescente";"Chuva";"Dupla";"Curva";"Não";1;0;1;0;0;0;1;1;-20,66390337;-40,59335455;"SPRF-ES";"DEL03-ES";"UOP01-DEL03-ES"
746828;2026-01-20;"terça-feira";"05:20:00";"MG";262;430,7;"NOVA SERRANA";"Ausência de reação do condutor";"Colisão com objeto";"Sem Vítimas";"Amanhecer";"Crescente";"Garoa/Chuvisco";"Dupla";"Reta";"Não";1;0;0;0;0;1;0;1;-19,86388878;-44,9979794;"SPRF-MG";"DEL08-MG";"UOP03-DEL08-MG"
746829;2026-01-20;"terça-feira";"06:40:00";"PB";230;23;"JOAO PESSOA";"Ausência de reação do condutor";"Colisão lateral mesmo sentido";"Com Vítimas Feridas";"Pleno dia";"Decrescente";"Céu Claro";"Dupla";"Viaduto";"Sim";2;0;0;1;1;0;1;2;-7,1645929;-34,8621575;"SPRF-PB";"DEL01-PB";"UOP01-DEL01-PB"
746830;2026-01-20;"terça-feira";"07:20:00";"SC";101;66;"ARAQUARI";"Ausência de reação do condutor";"Colisão traseira";"Com Vítimas Feridas";"Pleno dia";"Crescente";"Sol";"Dupla";"Curva";"Não";2;0;1;0;1;0;1;2;-26,48224572;-48,73574702;"SPRF-SC";"DEL03-SC";"UOP02-DEL03-SC"
746831;2026-01-20;"terça-feira";"06:45:00";"DF";60;27,2;"BRASILIA";"Ausência de reação do condutor";"Saída de leito carroçável";"Com Vítimas Feridas";"Pleno dia";"Decrescente";"Chuva";"Dupla";"Aclive;Reta";"Não";1;0;1;0;0;0;1;1;-16,015466;-48,248212;"SPRF-DF";"DEL03-DF";"UOP01-DEL03-DF"
746832;2026-01-20;"terça-feira";"04:10:00";"MS";60;219;"CAMAPUA";"Animais na Pista";"Atropelamento de Animal";"Com Vítimas Feridas";"Amanhecer";"Crescente";"Céu Claro";"Simples";"Aclive;Reta";"Não";1;0;1;0;0;0;1;1;-19,64221067;-54,15144185;"SPRF-MS";"DEL06-MS";"UOP02-DEL06-MS"
746834;2026-01-19;"segunda-feira";"19:00:00";"RJ";493;16;"GUAPIMIRIM";"Reação tardia ou ineficiente do condutor";"Tombamento";"Com Vítimas Feridas";"Plena Noite";"Decrescente";"Chuva";"Simples";"Reta;Em Obras";"Não";1;0;1;0;0;0;1;1;-22,66777224;-43,00856941;"SPRF-RJ";"DEL04-RJ";"UOP02-DEL04-RJ"
746835;2026-01-20;"terça-feira";"06:10:00";"RJ";356;18,4;"ITAPERUNA";"Acumulo de água sobre o pavimento";"Saída de leito carroçável";"Com Vítimas Feridas";"Pleno dia";"Crescente";"Chuva";"Simples";"Curva";"Não";24;0;23;0;1;0;23;1;-21,177106;-42,024762;"SPRF-RJ";"DEL08-RJ";"UOP03-DEL08-RJ"
746837;2026-01-20;"terça-feira";"08:00:00";"SC";101;200;"SAO JOSE";"Manobra de mudança de faixa";"Colisão lateral mesmo sentido";"Com Vítimas Feridas";"Pleno dia";"Crescente";"Céu Claro";"Dupla";"Reta";"Não";2;0;1;0;1;0;1;2;-27,54287522;-48,6211431;"SPRF-SC";"DEL01-SC";"UOP01-DEL01-SC"
746838;2026-01-20;"terça-feira";"07:50:00";"TO";10;452;"PALMAS";"Manobra de mudança de faixa";"Colisão lateral mesmo sentido";"Com Vítimas Feridas";"Pleno dia";"Decrescente";"Chuva";"Múltipla";"Reta";"Não";3;0;1;0;2;0;1;2;-10,32770469;-48,29774505;"SPRF-TO";"DEL01-TO";"UOP03-DEL01-TO"
746839;2026-01-20;"terça-feira";"07:15:00";"BA";116;507;"SANTA TERESINHA";"Entrada inopinada do pedestre";"Atropelamento de Pedestre";"Com Vítimas Fatais";"Pleno dia";"Crescente";"Nublado";"Simples";"Curva";"Não";3;1;0;0;1;1;0;2;-12,64542;-39,604625;"SPRF-BA";"DEL02-BA";"UOP01-DEL02-BA"