"id";"data_inversa";"dia_semana";"horario";"uf";"br";"km";"municipio";"causa_acidente";"tipo_acidente";"classificacao_acidente";"fase_dia";"sentido_via";"condicao_metereologica";"tipo_pista";"tracado_via";"uso_solo";"pessoas";"mortos";"feridos_leves";"feridos_graves";"ilesos";"ignorados";"feridos";"veiculos";"latitude";"longitude";"regional";"delegacia";"uop"
746962;2026-01-20;"terça-feira";"18:46:00";"PI";343;1,7;"TERESINA";"Manobra de mudança de faixa";"Colisão traseira";"Com Vítimas Feridas";"Anoitecer";"Crescente";"Céu Claro";"Dupla";"Reta;Retorno Regulamentado";"Sim";2;0;1;0;1;0;1;2;-5,081135;-42,764693;"SPRF-PI";"DEL01-PI";"UOP01-DEL01-PI"
746963;2026-01-20;"terça-feira";"19:20:00";"MG";381;483;"BETIM";"Demais falhas mecânicas ou elétricas";"Incêndio";"Sem Vítimas";"Plena Noite";"Decrescente";"Garoa/Chuvisco";"Múltipla";"Aclive";"Sim";1;0;0;0;1;0;0;1;-19,95871945;-44,07490477;"SPRF-MG";"DEL01-MG";"UOP03-DEL01-MG"
746965;2026-01-20;"terça-feira";"08:00:00";"MG";116;604;"SAO JOAO DO MANHUACU";"Ausência de reação do condutor";"Saída de leito carroçável";"Com Vítimas Feridas";"Pleno dia";"Crescente";"Chuva";"Simples";"Curva";"Não";1;0;1;0;0;0;1;1;-20,37174713;-42,14774752;"SPRF-MG";"DEL06-MG";"UOP03-DEL06-MG"
746966;2026-01-20;"terça-feira";"19:15:00";"SC";101;148;"ITAPEMA";"Ausência de reação do condutor";"Colisão lateral mesmo sentido";"Com Vítimas Feridas";"Plena Noite";"Decrescente";"Céu Claro";"Dupla";"Reta";"Sim";3;0;1;1;1;0;2;2;-27,103061;-48,617052;"SPRF-SC";"DEL04-SC";"UOP03-DEL04-SC"
746967;2026-01-12;"segunda-feira";"18:50:00";"BA";324;622;"SALVADOR";"Condutor deixou de manter distância do veículo da frente";"Colisão traseira";"Com Vítimas Feridas";"Anoitecer";"Decrescente";"Céu Claro";"Múltipla";"Reta";"Sim";2;0;1;0;0;1;1;2;-12,929572;-38,469415;"SPRF-BA";"DEL01-BA";"UOP01-DEL01-BA"
746968;2026-01-20;"terça-feira";"18:20:00";"RJ";0;0;"SEROPEDICA";"Reação tardia ou ineficiente do condutor";"Colisão traseira";"Com Vítimas Feridas";"Anoitecer";"Não Informado";"Nublado";"Dupla";"Reta";"Não";1;0;1;0;0;0;1;1;-22,7575317;-43,6906457;"SPRF-RJ";"DEL06-RJ";"UOP02-DEL06-RJ"
746969;2026-01-11;"domingo";"15:00:00";"SC";282;546,8;"CHAPECO";"Reação tardia ou ineficiente do condutor";"Capotamento";"Com Vítimas Feridas";"Pleno dia";"Crescente";"Nublado";"Simples";"Curva";"Não";7;0;1;0;6;0;1;1;-26,978832;-52,736538;"SPRF-SC";"DEL07-SC";"UOP01-DEL07-SC"
746970;2026-01-20;"terça-feira";"20:30:00";"PB";230;20,8;"JOAO PESSOA";"Reação tardia ou ineficiente do condutor";"Tombamento";"Com Vítimas Feridas";"Plena Noite";"Crescente";"Céu Claro";"Dupla";"Reta";"Sim";1;0;0;1;0;0;1;1;-7,14692812;-34,85076345;"SPRF-PB";"DEL01-PB";"UOP01-DEL01-PB"
746971;2026-01-20;"terça-feira";"12:15:00";"MG";267;243,5;"SERITINGA";"Ultrapassagem Indevida";"Colisão frontal";"Com Vítimas Feridas";"Pleno dia";"Crescente";"Nublado";"Simples";"Curva";"Não";6;0;5;1;0;0;6;2;-21,92008888;-44,4147411;"SPRF-MG";"DEL17-MG";"UOP01-DEL17-MG"
746972;2026-01-20;"terça-feira";"18:20:00";"SE";235;49;"ITABAIANA";"Animais na Pista";"Atropelamento de Animal";"Com Vítimas Feridas";"Plena Noite";"Crescente";"Nublado";"Simples";"Reta";"Sim";1;0;1;0;0;0;1;1;-10,71347453;-37,42487848;"SPRF-SE";"DEL01-SE";"UOP02-DEL01-SE"
746974;2026-01-20;"terça-feira";"13:30:00";"AL";423;20,1;"CANAPI";"Ingestão de álcool pelo condutor";"Colisão lateral sentido oposto";"Com Vítimas Feridas";"Pleno dia";"Decrescente";"Céu Claro";"Simples";"Reta";"Não";2;0;0;1;0;1;1;2;-9,17154694;-37,44552255;"SPRF-AL";"DEL03-AL";"UOP02-DEL03-AL"
746975;2026-01-20;"terça-feira";"20:00:00";"MG";262;437;"NOVA SERRANA";"Entrada inopinada do pedestre";"Atropelamento de Pedestre";"Com Vítimas Feridas";"Plena Noite";"Decrescente";"Chuva";"Múltipla";"Reta";"Sim";2;0;1;0;1;0;1;2;-19,87214;-44,96777;"SPRF-MG";"DEL08-MG";"UOP03-DEL08-MG"
746976;2026-01-20;"terça-feira";"21:30:00";"PR";277;25;"MORRETES";"Animais na Pista";"Tombamento";"Com Vítimas Feridas";"Plena Noite";"Crescente";"Nublado";"Dupla";"Declive;Reta";"Não";2;0;2;0;0;0;2;1;-25,5338675;-48,7594117;"SPRF-PR";"DEL01-PR";"UOP05-DEL01-PR"
746977;2026-01-20;"terça-feira";"20:25:00";"PB";230;16,8;"JOAO PESSOA";"Reação tardia ou ineficiente do condutor";"Engavetamento";"Com Vítimas Feridas";"Plena Noite";"Decrescente";"Céu Claro";"Dupla";"Reta";"Sim";3;0;0;1;2;0;1;3;-7,114403;-34,841907;"SPRF-PB";"DEL01-PB";"UOP01-DEL01-PB"
746979;2026-01-20;"terça-feira";"15:30:00";"BA";101;206,2;"GOVERNADOR MANGABEIRA";"Ultrapassagem Indevida";"Saída de leito carroçável";"Com Vítimas Feridas";"Pleno dia";"Crescente";"Céu Claro";"Simples";"Reta;Declive";"Não";2;0;1;1;0;0;2;1;-12,597728;-39,030141;"SPRF-BA";"DEL01-BA";"UOP02-DEL01-BA"
746980;2026-01-20;"terça-feira";"18:50:00";"MG";262;462,9;"BOM DESPACHO";"Reação tardia ou ineficiente do condutor";"Saída de leito carroçável";"Com Vítimas Feridas";"Anoitecer";"Decrescente";"Chuva";"Simples";"Aclive";"Não";1;0;1;0;0;0;1;1;-19,790848;-45,190467;"SPRF-MG";"DEL08-MG";"UOP03-DEL08-MG"
746981;2026-01-20;"terça-feira";"20:55:00";"MG";251;426;"GRAO MOGOL";"Ausência de reação do condutor";"Saída de leito carroçável";"Com Vítimas Feridas";"Plena Noite";"Crescente";"Nublado";"Simples";"Reta";"Não";3;0;3;0;0;0;3;1;-16,3967983;-43,20675285;"SPRF-MG";"DEL12-MG";"UOP01-DEL12-MG"
746983;2026-01-20;"terça-feira";"20:03:00";"AC";364;124;"RIO BRANCO";"Acessar a via sem observar a presença dos outros veículos";"Colisão transversal";"Com Vítimas Feridas";"Plena Noite";"Decrescente";"Céu Claro";"Dupla";"Rotatória";"Sim";2;0;1;0;1;0;1;2;-10,01200277;-67,79844403;"SPRF-AC";"DEL01-AC";"UOP01-DEL01-AC"
746984;2026-01-20;"terça-feira";"19:45:00";"MG";153;245;"FRONTEIRA";"Afundamento ou ondulação no pavimento";"Tombamento";"Com Vítimas Feridas";"Plena Noite";"Crescente";"Céu Claro";"Simples";"Interseção de Vias;Reta;Rotatória";"Não";1;0;1;0;0;0;1;1;-20,290669;-49,202104;"SPRF-MG";"DEL13-MG";"UOP02-DEL13-MG"
746985;2026-01-20;"terça-feira";"20:50:00";"RS";116;245,4;"SAO LEOPOLDO";"Demais falhas mecânicas ou elétricas";"Colisão com objeto";"Com Vítimas Feridas";"Plena Noite";"Crescente";"Céu Claro";"Múltipla";"Reta";"Sim";1;0;1;0;0;0;1;1;-29,75039695;-51,15172148;"SPRF-RS";"DEL01-RS";"UOP02-DEL01-RS"
746986;2026-01-20;"terça-feira";"21:47:00";"SP";116;293;"ITAPECERICA DA SERRA";"Objeto estático sobre o leito carroçável";"Colisão com objeto";"Sem Vítimas";"Plena Noite";"Decrescente";"Nublado";"Dupla";"Reta";"Sim";1;0;0;0;1;0;0;1;-23,74534;-46,900042;"SPRF-SP";"DEL04-SP";"UOP01-DEL04-SP"
746987;2026-01-20;"terça-feira";"22:00:00";"MG";116;414,5;"GOVERNADOR VALADARES";"Acessar a via sem observar a presença dos outros veículos";"Colisão transversal";"Com Vítimas Feridas";"Plena Noite";"Decrescente";"Chuva";"Simples";"Retorno Regulamentado";"Sim";3;0;1;0;1;1;1;3;-18,90173923;-41,94477081;"SPRF-MG";"DEL06-MG";"UOP01-DEL06-MG"
746994;2026-01-20;"terça-feira";"23:15:00";"RS";101;15;"DOM PEDRO DE ALCANTARA";"Ausência de reação do condutor";"Saída de leito carroçável";"Com Vítimas Feridas";"Plena Noite";"Crescente";"Chuva";"Dupla";"Curva";"Não";2;0;2;0;0;0;2;1;-29,402396;-49,858649;"SPRF-RS";"DEL03-RS";"UOP02-DEL03-RS"
746996;2026-01-21;"quarta-feira";"00:20:00";"PR";476;149,3;"ARAUCARIA";"Reação tardia ou ineficiente do condutor";"Saída de leito carroçável";"Com Vítimas Feridas";"Plena Noite";"Decrescente";"Nublado";"Dupla";"Reta";"Não";1;0;1;0;0;0;1;1;-25,5579343;-49,362656;"SPRF-PR";"DEL01-PR";"UOP06-DEL01-PR"
746997;2026-01-21;"quarta-feira";"00:40:00";"PR";116;126;"FAZENDA RIO GRANDE";"Ausência de reação do condutor";"Colisão traseira";"Com Vítimas Feridas";"Plena Noite";"Crescente";"Céu Claro";"Dupla";"Reta";"Sim";2;0;1;1;0;0;2;2;-25,65458033;-49,31222884;"SPRF-PR";"DEL01-PR";"UOP03-DEL01-PR"
747000;2026-01-21;"quarta-feira";"01:30:00";"PE";232;402;"SERRA TALHADA";"Animais na Pista";"Atropelamento de Animal";"Sem Vítimas";"Plena Noite";"Decrescente";"Ignorado";"Simples";"Reta";"Não";2;0;0;0;2;0;0;1;-8,006278;-38,24432;"SPRF-PE";"DEL04-PE";"UOP01-DEL04-PE"
747001;2026-01-21;"quarta-feira";"01:30:00";"MG";381;888,4;"CAMBUI";"Pedestre andava na pista";"Atropelamento de Pedestre";"Com Vítimas Feridas";"Plena Noite";"Decrescente";"Céu Claro";"Dupla";"Reta";"Não";3;0;1;0;2;0;1;2;-22,52896013;-46,02668434;"SPRF-MG";"DEL16-MG";"UOP01-DEL16-MG"
747002;2026-01-21;"quarta-feira";"02:11:00";"SC";101;136;"BALNEARIO CAMBORIU";"Velocidade Incompatível";"Colisão lateral mesmo sentido";"Com Vítimas Feridas";"Plena Noite";"Crescente";"Nublado";"Dupla";"Reta";"Sim";2;0;1;0;1;0;1;2;-27,01002258;-48,61522548;"SPRF-SC";"DEL04-SC";"UOP03-DEL04-SC"
747003;2026-01-21;"quarta-feira";"01:20:00";"PI";316;54,2;"MONSENHOR GIL";"Animais na Pista";"Atropelamento de Animal";"Sem Vítimas";"Plena Noite";"Crescente";"Nublado";"Simples";"Reta";"Não";1;0;0;0;1;0;0;1;-5,52705819;-42,63652325;"SPRF-PI";"DEL01-PI";"UOP02-DEL01-PI"
747004;2026-01-21;"quarta-feira";"01:45:00";"PA";230;1,6;"ALTAMIRA";"Reação tardia ou ineficiente do condutor";"Tombamento";"Com Vítimas Feridas";"Plena Noite";"Crescente";"Céu Claro";"Simples";"Rotatória";"Sim";1;0;0;1;0;0;1;1;-3,18118191;-52,18480698;"SPRF-PA";"DEL03-PA";"UOP01-DEL03-PA"
747006;2026-01-21;"quarta-feira";"01:40:00";"MS";158;280;"TRES LAGOAS";"Animais na Pista";"Atropelamento de Animal";"Com Vítimas Feridas";"Plena Noite";"Crescente";"Céu Claro";"Dupla";"Reta";"Não";1;0;0;1;0;0;1;1;-20,8476;-51,7379;"SPRF-MS";"DEL07-MS";"UOP01-DEL07-MS"
747007;2026-01-21;"quarta-feira";"02:00:00";"MS";267;143;"NOVA ANDRADINA";"Animais na Pista";"Atropelamento de Animal";"Com Vítimas Fatais";"Plena Noite";"Decrescente";"Céu Claro";"Simples";"Reta";"Não";1;1;0;0;0;0;0;1;-21,70847301;-53,3605957;"SPRF-MS";"DEL02-MS";"UOP03-DEL02-MS"
747009;2026-01-21;"quarta-feira";"03:50:00";"GO";153;511;"APARECIDA DE GOIANIA";"Pedestre andava na pista";"Atropelamento de Pedestre";"Com Vítimas Feridas";"Plena Noite";"Crescente";"Céu Claro";"Dupla";"Reta";"Sim";2;0;1;0;1;0;1;2;-16,798596;-49,238732;"SPRF-GO";"DEL01-GO";"UOP03-DEL01-GO"
747010;2026-01-21;"quarta-feira";"05:00:00";"MG";381;940;"EXTREMA";"Velocidade Incompatível";"Tombamento";"Com Vítimas Feridas";"Amanhecer";"Crescente";"Nublado";"Dupla";"Curva";"Não";1;0;1;0;0;0;1;1;-22,82418756;-46,30879496;"SPRF-MG";"DEL16-MG";"UOP03-DEL16-MG"
747012;2026-01-21;"quarta-feira";"06:00:00";"SC";101;127;"BALNEARIO CAMBORIU";"Condutor deixou de manter distância do veículo da frente";"Engavetamento";"Com Vítimas Feridas";"Pleno dia";"Decrescente";"Céu Claro";"Dupla";"Curva";"Não";5;0;2;0;3;0;2;4;-26,97221969;-48,68255362;"SPRF-SC";"DEL04-SC";"UOP04-DEL04-SC"
747015;2026-01-21;"quarta-feira";"00:10:00";"MG";153;33;"CANAPOLIS";"Ausência de reação do condutor";"Saída de leito carroçável";"Sem Vítimas";"Plena Noite";"Crescente";"Nublado";"Dupla";"Rotatória";"Não";1;0;0;0;0;1;0;1;-18,70905745;-49,13978577;"SPRF-MG";"DEL15-MG";"UOP03-DEL15-MG"
747016;2026-01-21;"quarta-feira";"06:00:00";"SC";101;127;"ITAJAI";"Avarias e/ou desgaste excessivo no pneu";"Tombamento";"Com Vítimas Feridas";"Pleno dia";"Decrescente";"Céu Claro";"Dupla";"Reta";"Não";2;0;2;0;0;0;2;1;-26,96215064;-48,6828661;"SPRF-SC";"DEL04-SC";"UOP04-DEL04-SC"
747021;2026-01-21;"quarta-feira";"05:40:00";"PR";469;12;"FOZ DO IGUACU";"Ausência de sinalização";"Colisão com objeto";"Com Vítimas Feridas";"Amanhecer";"Decrescente";"Céu Claro";"Dupla";"Reta;Em Obras";"Sim";1;0;1;0;0;0;1;1;-25,58162078;-54,52894449;"SPRF-PR";"DEL05-PR";"UOP04-DEL05-PR"
747023;2026-01-21;"quarta-feira";"01:00:00";"MA";135;300;"DOM PEDRO";"Manobra de mudança de faixa";"Colisão frontal";"Com Vítimas Fatais";"Plena Noite";"Decrescente";"Chuva";"Simples";"Curva";"Não";2;1;0;0;1;0;0;2;-4,97329003;-44,41098388;"SPRF-MA";"DEL06-MA";"UOP01-DEL06-MA"
747025;2026-01-21;"quarta-feira";"05:50:00";"MS";163;313;"RIO BRILHANTE";"Demais falhas na via";"Tombamento";"Com Vítimas Feridas";"Amanhecer";"Crescente";"Céu Claro";"Dupla";"Reta";"Não";1;0;1;0;0;0;1;1;-21,8685;-54,527;"SPRF-MS";"DEL02-MS";"UOP02-DEL02-MS"
747027;2026-01-21;"quarta-feira";"07:37:00";"SP";116;214,4;"GUARULHOS";"Acessar a via sem observar a presença dos outros veículos";"Colisão lateral mesmo sentido";"Com Vítimas Feridas";"Pleno dia";"Crescente";"Nublado";"Múltipla";"Reta";"Sim";2;0;1;0;1;0;1;2;-23,44604461;-46,45292902;"SPRF-SP";"DEL01-SP";"UOP01-DEL01-SP"
747028;2026-01-21;"quarta-feira";"07:30:00";"SC";101;219,3;"PALHOCA";"Ausência de reação do condutor";"Colisão com objeto";"Com Vítimas Feridas";"Pleno dia";"Decrescente";"Garoa/Chuvisco";"Múltipla";"Viaduto;Reta";"Sim";1;0;1;0;0;0;1;1;-27,68643;-48,66594;"SPRF-SC";"DEL01-SC";"UOP02-DEL01-SC"
747032;2026-01-21;"quarta-feira";"07:30:00";"GO";40;2,5;"VALPARAISO DE GOIAS";"Trafegar com motocicleta (ou similar) entre as faixas";"Colisão lateral mesmo sentido";"Com Vítimas Feridas";"Pleno dia";"Decrescente";"Céu Claro";"Dupla";"Retorno Regulamentado;Reta";"Sim";1;0;0;1;0;0;1;1;-16,07497682;-47,98527431;"SPRF-DF";"DEL01-DF";"UOP01-DEL01-DF"
747034;2026-01-21;"quarta-feira";"07:41:00";"RS";158;333;"SANTA MARIA";"Ausência de reação do condutor";"Colisão traseira";"Com Vítimas Feridas";"Pleno dia";"Decrescente";"Céu Claro";"Dupla";"Reta";"Não";3;0;1;0;2;0;1;2;-29,70629556;-53,84962175;"SPRF-RS";"DEL09-RS";"UOP01-DEL09-RS"
747036;2026-01-21;"quarta-feira";"08:10:00";"SP";116;215;"GUARULHOS";"Reação tardia ou ineficiente do condutor";"Colisão lateral mesmo sentido";"Com Vítimas Feridas";"Pleno dia";"Crescente";"Céu Claro";"Múltipla";"Reta";"Sim";2;0;1;0;1;0;1;2;-23,44966112;-46,46153418;"SPRF-SP";"DEL01-SP";"UOP01-DEL01-SP"
747037;2026-01-21;"quarta-feira";"07:50:00";"SC";101;205,2;"SAO JOSE";"Pista Escorregadia";"Tombamento";"Com Vítimas Feridas";"Pleno dia";"Crescente";"Nublado";"Múltipla";"Curva";"Sim";1;0;1;0;0;0;1;1;-27,58457609;-48,61717192;"SPRF-SC";"DEL01-SC";"UOP01-DEL01-SC"
747038;2026-01-21;"quarta-feira";"08:00:00";"GO";40;3,5;"VALPARAISO DE GOIAS";"Manobra de mudança de faixa";"Colisão traseira";"Com Vítimas Feridas";"Pleno dia";"Decrescente";"Nublado";"Dupla";"Reta";"Não";3;0;1;0;2;0;1;2;-16,0807683;-47,9857788;"SPRF-DF";"DEL01-DF";"UOP01-DEL01-DF"
747039;2026-01-21;"quarta-feira";"07:30:00";"TO";10;458;"PALMAS";"Pedestre cruzava a pista fora da faixa";"Atropelamento de Pedestre";"Com Vítimas Feridas";"Pleno dia";"Crescente";"Céu Claro";"Múltipla";"Reta";"Sim";2;0;0;1;1;0;1;2;-10,273633;-48,304444;"SPRF-TO";"DEL01-TO";"UOP03-DEL01-TO"
747040;2026-01-21;"quarta-feira";"07:30:00";"PE";101;70;"RECIFE";"Condutor deixou de manter distância do veículo da frente";"Colisão traseira";"Com Vítimas Feridas";"Pleno dia";"Crescente";"Céu Claro";"Dupla";"Reta";"Sim";3;0;2;0;1;0;2;2;-8,07145;-34,94259;"SPRF-PE";"DEL01-PE";"UOP01-DEL01-PE"
747041;2026-01-21;"quarta-feira";"07:20:00";"SC";101;205,2;"SAO JOSE";"Pista Escorregadia";"Tombamento";"Com Vítimas Feridas";"Pleno dia";"Crescente";"Nublado";"Múltipla";"Curva";"Sim";1;0;1;0;0;0;1;1;-27,58457609;-48,61717192;"SPRF-SC";"DEL01-SC";"UOP01-DEL01-SC"
747044;2026-01-21;"quarta-feira";"07:58:00";"PA";163;625;"TRAIRAO";"Acessar a via sem observar a presença dos outros veículos";"Colisão transversal";"Com Vítimas Feridas";"Pleno dia";"Crescente";"Céu Claro";"Simples";"Reta";"Sim";3;0;1;0;2;0;1;2;-4,70226818;-55,99682093;"SPRF-PA";"DEL05-PA";"UOP03-DEL05-PA"
747046;2026-01-21;"quarta-feira";"08:00:00";"SC";282;521,6;"XAXIM";"Acessar a via sem observar a presença dos outros veículos";"Colisão transversal";"Com Vítimas Feridas";"Pleno dia";"Decrescente";"Céu Claro";"Simples";"Rotatória";"Não";2;0;1;0;1;0;1;2;-26,95297368;-52,53819823;"SPRF-SC";"DEL07-SC";"UOP01-DEL07-SC"
747047;2026-01-21;"quarta-feira";"08:30:00";"SP";116;144;"SAO JOSE DOS CAMPOS";"Reação tardia ou ineficiente do condutor";"Colisão traseira";"Com Vítimas Feridas";"Pleno dia";"Crescente";"Nublado";"Dupla";"Reta";"Sim";2;0;0;1;1;0;1;2;-23,18140581;-45,84219539;"SPRF-SP";"DEL02-SP";"UOP01-DEL02-SP"
747048;2026-01-20;"terça-feira";"21:21:00";"RJ";116;83;"TERESOPOLIS";"Transitar no Acostamento";"Atropelamento de Pedestre";"Com Vítimas Feridas";"Plena Noite";"Decrescente";"Chuva";"Simples";"Reta";"Sim";2;0;0;1;0;1;1;2;-22,41518;-42,9511;"SPRF-RJ";"DEL04-RJ";"UOP01-DEL04-RJ"
747050;2026-01-21;"quarta-feira";"07:30:00";"SC";101;128;"BALNEARIO CAMBORIU";"Manobra de mudança de faixa";"Colisão lateral mesmo sentido";"Com Vítimas Feridas";"Pleno dia";"Decrescente";"Nublado";"Dupla";"Reta";"Sim";2;0;1;0;1;0;1;2;-26,972953;-48,682732;"SPRF-SC";"DEL04-SC";"UOP04-DEL04-SC"
747051;2026-01-21;"quarta-feira";"08:03:00";"SC";116;218,8;"CORREIA PINTO";"Demais falhas mecânicas ou elétricas";"Saída de leito carroçável";"Com Vítimas Feridas";"Pleno dia";"Crescente";"Céu Claro";"Simples";"Reta";"Sim";2;0;1;0;1;0;1;1;-27,5721;-50,3709;"SPRF-SC";"DEL05-SC";"UOP03-DEL05-SC"
747055;2026-01-21;"quarta-feira";"08:26:00";"PE";101;58;"RECIFE";"Transitar no Acostamento";"Colisão lateral mesmo sentido";"Com Vítimas Feridas";"Pleno dia";"Decrescente";"Céu Claro";"Dupla";"Reta";"Sim";2;0;1;1;0;0;2;2;-7,973339;-34,921541;"SPRF-PE";"DEL01-PE";"UOP02-DEL01-PE"
747056;2026-01-21;"quarta-feira";"09:20:00";"SC";282;5;"SAO JOSE";"Demais falhas mecânicas ou elétricas";"Queda de ocupante de veículo";"Com Vítimas Feridas";"Pleno dia";"Decrescente";"Nublado";"Dupla";"Curva";"Sim";2;0;2;0;0;0;2;1;-27,5834431;-48,6145682;"SPRF-SC";"DEL01-SC";"UOP01-DEL01-SC"
747057;2026-01-21;"quarta-feira";"07:20:00";"PE";104;23,8;"TAQUARITINGA DO NORTE";"Velocidade Incompatível";"Capotamento";"Com Vítimas Feridas";"Pleno dia";"Decrescente";"Céu Claro";"Dupla";"Curva";"Não";1;0;1;0;0;0;1;1;-7,97535;-36,10524;"SPRF-PE";"DEL02-PE";"UOP01-DEL02-PE"
747059;2026-01-21;"quarta-feira";"09:20:00";"SC";282;2,6;"FLORIANOPOLIS";"Reação tardia ou ineficiente do condutor";"Colisão lateral mesmo sentido";"Com Vítimas Feridas";"Pleno dia";"Decrescente";"Nublado";"Múltipla";"Reta";"Sim";4;0;2;0;2;0;2;3;-27,60281856;-48,59398842;"SPRF-SC";"DEL01-SC";"UOP01-DEL01-SC"
747060;2026-01-21;"quarta-feira";"08:20:00";"GO";60;389;"RIO VERDE";"Ausência de reação do condutor";"Colisão traseira";"Com Vítimas Feridas";"Pleno dia";"Crescente";"Nublado";"Dupla";"Reta";"Sim";2;0;1;0;1;0;1;2;-17,82502054;-50,96422434;"SPRF-GO";"DEL04-GO";"UOP02-DEL04-GO"
747061;2026-01-21;"quarta-feira";"07:34:00";"MS";60;173,8;"CAMAPUA";"Reação tardia ou ineficiente do condutor";"Saída de leito carroçável";"Com Vítimas Feridas";"Pleno dia";"Crescente";"Céu Claro";"Simples";"Reta";"Não";2;0;2;0;0;0;2;1;-19,506293;-53,84922;"SPRF-MS";"DEL06-MS";"UOP02-DEL06-MS"
747062;2026-01-21;"quarta-feira";"09:05:00";"PR";116;117;"CURITIBA";"Avarias e/ou desgaste excessivo no pneu";"Tombamento";"Com Vítimas Feridas";"Pleno dia";"Crescente";"Nublado";"Múltipla";"Reta";"Sim";1;0;1;0;0;0;1;1;-25,56020344;-49,30740237;"SPRF-PR";"DEL01-PR";"UOP03-DEL01-PR"
747065;2026-01-21;"quarta-feira";"06:00:00";"PI";343;154,9;"PIRACURUCA";"Reação tardia ou ineficiente do condutor";"Colisão com objeto";"Com Vítimas Feridas";"Pleno dia";"Crescente";"Céu Claro";"Simples";"Reta";"Não";2;0;1;0;1;0;1;1;-4,029245;-41,771638;"SPRF-PI";"DEL02-PI";"UOP01-DEL02-PI"
747071;2026-01-21;"quarta-feira";"10:20:00";"SP";116;394;"MIRACATU";"Ultrapassagem Indevida";"Colisão lateral mesmo sentido";"Sem Vítimas";"Pleno dia";"Decrescente";"Céu Claro";"Dupla";"Reta";"Sim";3;0;0;0;3;0;0;2;-24,28737602;-47,45315054;"SPRF-SP";"DEL04-SP";"UOP02-DEL04-SP"
747073;2026-01-21;"quarta-feira";"10:20:00";"MG";40;455,1;"CAETANOPOLIS";"Acumulo de água sobre o pavimento";"Saída de leito carroçável";"Com Vítimas Feridas";"Pleno dia";"Crescente";"Chuva";"Dupla";"Curva";"Não";1;0;1;0;0;0;1;1;-19,3578143;-44,3471937;"SPRF-MG";"DEL02-MG";"UOP01-DEL02-MG"
747076;2026-01-21;"quarta-feira";"10:50:00";"BA";101;805;"ITAMARAJU";"Transitar na contramão";"Colisão frontal";"Com Vítimas Feridas";"Pleno dia";"Decrescente";"Nublado";"Simples";"Reta";"Sim";3;0;1;0;2;0;1;2;-17,003401;-39,550245;"SPRF-BA";"DEL09-BA";"UOP01-DEL09-BA"
747077;2026-01-21;"quarta-feira";"09:30:00";"MG";365;381,3;"PATOS DE MINAS";"Chuva";"Queda de ocupante de veículo";"Com Vítimas Feridas";"Pleno dia";"Crescente";"Chuva";"Simples";"Reta";"Não";2;0;2;0;0;0;2;1;-18,590064;-46,276006;"SPRF-MG";"DEL10-MG";"UOP01-DEL10-MG"
747079;2026-01-21;"quarta-feira";"10:45:00";"BA";367;52,4;"PORTO SEGURO";"Velocidade Incompatível";"Saída de leito carroçável";"Com Vítimas Feridas";"Pleno dia";"Crescente";"Chuva";"Simples";"Curva";"Não";3;0;2;1;0;0;3;1;-16,378363;-39,319422;"SPRF-BA";"DEL09-BA";"UOP03-DEL09-BA"
747080;2026-01-21;"quarta-feira";"10:45:00";"SC";470;54,4;"BLUMENAU";"Desrespeitar a preferência no cruzamento";"Colisão transversal";"Com Vítimas Feridas";"Pleno dia";"Crescente";"Nublado";"Simples";"Rotatória";"Sim";4;0;1;0;3;0;1;2;-26,87324;-49,11428;"SPRF-SC";"DEL04-SC";"UOP01-DEL04-SC"
747081;2026-01-21;"quarta-feira";"10:25:00";"SC";116;12,3;"MAFRA";"Acessar a via sem observar a presença dos outros veículos";"Colisão transversal";"Com Vítimas Feridas";"Pleno dia";"Decrescente";"Céu Claro";"Simples";"Interseção de Vias";"Não";4;0;2;0;2;0;2;2;-26,17984275;-49,87117974;"SPRF-SC";"DEL06-SC";"UOP01-DEL06-SC"
747083;2026-01-21;"quarta-feira";"11:00:00";"RS";470;224;"BENTO GONCALVES";"Acessar a via sem observar a presença dos outros veículos";"Colisão transversal";"Com Vítimas Feridas";"Pleno dia";"Crescente";"Céu Claro";"Dupla";"Aclive;Reta";"Sim";3;0;2;0;1;0;2;2;-29,1553475;-51,5189604;"SPRF-RS";"DEL06-RS";"UOP01-DEL06-RS"
747084;2026-01-21;"quarta-feira";"12:00:00";"TO";10;460;"PALMAS";"Ausência de reação do condutor";"Colisão lateral mesmo sentido";"Com Vítimas Feridas";"Pleno dia";"Decrescente";"Chuva";"Múltipla";"Retorno Regulamentado;Reta;Aclive";"Sim";2;0;0;1;1;0;1;2;-10,26527314;-48,30802202;"SPRF-TO";"DEL01-TO";"UOP03-DEL01-TO"
747085;2026-01-21;"quarta-feira";"12:00:00";"RN";101;81;"SAO GONCALO DO AMARANTE";"Manobra de mudança de faixa";"Colisão lateral mesmo sentido";"Com Vítimas Feridas";"Pleno dia";"Crescente";"Céu Claro";"Dupla";"Rotatória";"Sim";3;0;2;0;1;0;2;2;-5,76326577;-35,28708665;"SPRF-RN";"DEL02-RN";"UOP01-DEL02-RN"