"id";"data_inversa";"dia_semana";"horario";"uf";"br";"km";"municipio";"causa_acidente";"tipo_acidente";"classificacao_acidente";"fase_dia";"sentido_via";"condicao_metereologica";"tipo_pista";"tracado_via";"uso_solo";"pessoas";"mortos";"feridos_leves";"feridos_graves";"ilesos";"ignorados";"feridos";"veiculos";"latitude";"longitude";"regional";"delegacia";"uop"
747089;2026-01-21;"quarta-feira";"11:00:00";"MG";116;764;"LEOPOLDINA";"Reação tardia ou ineficiente do condutor";"Colisão transversal";"Com Vítimas Feridas";"Pleno dia";"Crescente";"Chuva";"Simples";"Interseção de Vias";"Não";2;0;0;1;1;0;1;2;-21,52093934;-42,65151143;"SPRF-MG";"DEL07-MG";"UOP01-DEL07-MG"
747090;2026-01-21;"quarta-feira";"12:10:00";"PR";277;596,7;"CASCAVEL";"Ausência de reação do condutor";"Colisão traseira";"Com Vítimas Feridas";"Pleno dia";"Crescente";"Céu Claro";"Simples";"Reta";"Sim";2;0;0;1;1;0;1;2;-24,97948833;-53,49468319;"SPRF-PR";"DEL04-PR";"UOP01-DEL04-PR"
747091;2026-01-21;"quarta-feira";"12:20:00";"PR";369;412,4;"JURANDA";"Ausência de reação do condutor";"Colisão frontal";"Com Vítimas Feridas";"Pleno dia";"Decrescente";"Céu Claro";"Simples";"Reta;Interseção de Vias";"Não";3;0;0;2;0;1;2;3;-24,45039903;-52,84690825;"SPRF-PR";"DEL04-PR";"UOP03-DEL04-PR"
747095;2026-01-21;"quarta-feira";"07:45:00";"RJ";40;31,2;"AREAL";"Ausência de reação do condutor";"Colisão com objeto";"Com Vítimas Feridas";"Pleno dia";"Crescente";"Chuva";"Dupla";"Curva";"Não";1;0;1;0;0;0;1;1;-22,19875558;-43,15864688;"SPRF-RJ";"DEL05-RJ";"UOP02-DEL05-RJ"
747096;2026-01-21;"quarta-feira";"12:30:00";"MG";116;751,2;"LEOPOLDINA";"Velocidade Incompatível";"Colisão com objeto";"Com Vítimas Feridas";"Pleno dia";"Crescente";"Chuva";"Simples";"Ponte;Curva;Declive";"Não";4;0;1;1;2;0;2;1;-21,469146;-42,557523;"SPRF-MG";"DEL07-MG";"UOP01-DEL07-MG"
747098;2026-01-21;"quarta-feira";"13:00:00";"SP";116;227;"GUARULHOS";"Trafegar com motocicleta (ou similar) entre as faixas";"Colisão traseira";"Com Vítimas Feridas";"Pleno dia";"Decrescente";"Nublado";"Múltipla";"Reta";"Sim";2;0;1;0;1;0;1;2;-23,497425;-46,557803;"SPRF-SP";"DEL01-SP";"UOP01-DEL01-SP"
747100;2026-01-21;"quarta-feira";"12:15:00";"SP";116;225;"GUARULHOS";"Trafegar com motocicleta (ou similar) entre as faixas";"Colisão traseira";"Com Vítimas Feridas";"Pleno dia";"Decrescente";"Garoa/Chuvisco";"Múltipla";"Declive;Reta";"Sim";2;0;2;0;0;0;2;2;-23,49239877;-46,55066935;"SPRF-SP";"DEL01-SP";"UOP01-DEL01-SP"
747103;2026-01-21;"quarta-feira";"12:20:00";"MG";381;424;"SABARA";"Ausência de reação do condutor";"Capotamento";"Com Vítimas Feridas";"Pleno dia";"Crescente";"Nublado";"Simples";"Reta";"Não";1;0;1;0;0;0;1;1;-19,78770323;-43,71082306;"SPRF-MG";"DEL01-MG";"UOP01-DEL01-MG"
747106;2026-01-21;"quarta-feira";"13:00:00";"RS";116;264;"CANOAS";"Condutor desrespeitou a iluminação vermelha do semáforo";"Colisão transversal";"Com Vítimas Feridas";"Pleno dia";"Crescente";"Céu Claro";"Dupla";"Em Obras;Rotatória";"Sim";2;0;1;0;0;1;1;2;-29,92603625;-51,17806304;"SPRF-RS";"DEL01-RS";"UOP01-DEL01-RS"
747109;2026-01-21;"quarta-feira";"12:50:00";"PE";407;127;"PETROLINA";"Acesso irregular";"Colisão transversal";"Com Vítimas Feridas";"Pleno dia";"Crescente";"Nublado";"Dupla";"Reta";"Sim";2;0;2;0;0;0;2;2;-9,38969402;-40,52335477;"SPRF-PE";"DEL06-PE";"UOP01-DEL06-PE"
747110;2026-01-21;"quarta-feira";"12:00:00";"RJ";493;102;"SEROPEDICA";"Ausência de reação do condutor";"Colisão traseira";"Com Vítimas Feridas";"Pleno dia";"Crescente";"Céu Claro";"Dupla";"Reta";"Não";3;0;3;0;0;0;3;2;-22,7619638;-43,7358444;"SPRF-RJ";"DEL01-RJ";"UOP03-DEL01-RJ"
747111;2026-01-21;"quarta-feira";"14:20:00";"SC";280;51;"GUARAMIRIM";"Acessar a via sem observar a presença dos outros veículos";"Colisão transversal";"Com Vítimas Feridas";"Pleno dia";"Crescente";"Nublado";"Dupla";"Retorno Regulamentado";"Sim";2;0;1;0;1;0;1;2;-26,46691817;-48,95985095;"SPRF-SC";"DEL03-SC";"UOP03-DEL03-SC"
747112;2026-01-21;"quarta-feira";"13:40:00";"MG";381;529;"BRUMADINHO";"Velocidade Incompatível";"Saída de leito carroçável";"Com Vítimas Feridas";"Pleno dia";"Crescente";"Chuva";"Dupla";"Curva;Declive";"Não";3;0;1;2;0;0;3;1;-20,16305289;-44,33999268;"SPRF-MG";"DEL04-MG";"UOP03-DEL04-MG"
747114;2026-01-21;"quarta-feira";"10:55:00";"MG";365;250,2;"BURITIZEIRO";"Avarias e/ou desgaste excessivo no pneu";"Saída de leito carroçável";"Com Vítimas Feridas";"Pleno dia";"Crescente";"Nublado";"Simples";"Reta";"Não";5;0;4;0;1;0;4;1;-17,84244;-45,45687;"SPRF-MG";"DEL10-MG";"UOP02-DEL010-MG"
747116;2026-01-21;"quarta-feira";"14:17:00";"TO";153;498;"PARAISO DO TOCANTINS";"Desrespeitar a preferência no cruzamento";"Colisão transversal";"Com Vítimas Feridas";"Pleno dia";"Decrescente";"Céu Claro";"Simples";"Reta;Interseção de Vias";"Sim";5;0;1;0;4;0;1;2;-10,181242;-48,880305;"SPRF-TO";"DEL01-TO";"UOP01-DEL01-TO"
747118;2026-01-21;"quarta-feira";"11:00:00";"MG";381;533;"ITATIAIUCU";"Chuva";"Saída de leito carroçável";"Com Vítimas Feridas";"Pleno dia";"Crescente";"Chuva";"Dupla";"Curva";"Não";4;0;1;0;3;0;1;1;-20,17395944;-44,37556967;"SPRF-MG";"DEL04-MG";"UOP03-DEL04-MG"
747119;2026-01-21;"quarta-feira";"12:00:00";"AC";364;120;"RIO BRANCO";"Ausência de reação do condutor";"Colisão traseira";"Com Vítimas Feridas";"Pleno dia";"Decrescente";"Céu Claro";"Simples";"Reta";"Não";3;0;1;0;2;0;1;2;-10,01225;-67,76049;"SPRF-AC";"DEL01-AC";"UOP01-DEL01-AC"
747120;2026-01-21;"quarta-feira";"12:30:00";"BA";418;92;"NOVA VICOSA";"Demais falhas mecânicas ou elétricas";"Incêndio";"Sem Vítimas";"Pleno dia";"Decrescente";"Nublado";"Simples";"Reta";"Sim";1;0;0;0;1;0;0;1;-17,88672303;-39,87838554;"SPRF-BA";"DEL09-BA";"UOP02-DEL09-BA"
747122;2026-01-21;"quarta-feira";"13:50:00";"PR";277;11;"FOZ DO IGUACU";"Transitar na contramão";"Colisão frontal";"Com Vítimas Feridas";"Pleno dia";"Decrescente";"Céu Claro";"Simples";"Viaduto";"Sim";3;0;0;1;2;0;1;2;-25,57451228;-54,55058305;"SPRF-PR";"DEL05-PR";"UOP04-DEL05-PR"
747124;2026-01-21;"quarta-feira";"14:20:00";"TO";153;182;"NOVA OLINDA";"Ausência de reação do condutor";"Saída de leito carroçável";"Sem Vítimas";"Pleno dia";"Decrescente";"Nublado";"Simples";"Reta";"Não";1;0;0;0;0;1;0;1;-7,50466;-48,386902;"SPRF-TO";"DEL02-TO";"UOP01-DEL02-TO"
747131;2026-01-21;"quarta-feira";"08:40:00";"MG";381;237;"SANTANA DO PARAISO";"Acumulo de água sobre o pavimento";"Tombamento";"Com Vítimas Feridas";"Pleno dia";"Decrescente";"Chuva";"Simples";"Curva";"Não";1;0;1;0;0;0;1;1;-19,42506519;-42,49761164;"SPRF-MG";"DEL06-MG";"UOP01-DEL06-MG"
747132;2026-01-21;"quarta-feira";"05:30:00";"PA";10;165;"PARAGOMINAS";"Ausência de reação do condutor";"Queda de ocupante de veículo";"Com Vítimas Feridas";"Amanhecer";"Decrescente";"Céu Claro";"Simples";"Reta";"Não";1;0;1;0;0;0;1;1;-2,99050863;-47,4562034;"SPRF-PA";"DEL02-PA";"UOP01-DEL02-PA"
747133;2026-01-21;"quarta-feira";"12:00:00";"RJ";101;434;"MANGARATIBA";"Reação tardia ou ineficiente do condutor";"Colisão frontal";"Com Vítimas Feridas";"Pleno dia";"Crescente";"Chuva";"Simples";"Curva;Declive";"Sim";6;0;2;3;0;1;5;2;-22,93742;-44,04704;"SPRF-RJ";"DEL03-RJ";"UOP02-DEL03-RJ"
747134;2026-01-21;"quarta-feira";"12:30:00";"MG";40;110,8;"LAGOA GRANDE";"Reação tardia ou ineficiente do condutor";"Saída de leito carroçável";"Com Vítimas Feridas";"Pleno dia";"Crescente";"Garoa/Chuvisco";"Simples";"Reta";"Não";1;0;1;0;0;0;1;1;-17,637257;-46,448256;"SPRF-MG";"DEL14-MG";"UOP01-DEL14-MG"
747136;2026-01-21;"quarta-feira";"15:40:00";"PE";101;71,3;"RECIFE";"Reação tardia ou ineficiente do condutor";"Colisão traseira";"Com Vítimas Feridas";"Pleno dia";"Crescente";"Nublado";"Dupla";"Reta";"Sim";3;0;2;0;1;0;2;2;-8,07979;-34,94327;"SPRF-PE";"DEL01-PE";"UOP01-DEL01-PE"
747137;2026-01-21;"quarta-feira";"14:55:00";"RS";470;215;"BENTO GONCALVES";"Ausência de reação do condutor";"Saída de leito carroçável";"Com Vítimas Feridas";"Pleno dia";"Decrescente";"Céu Claro";"Simples";"Curva;Declive";"Sim";4;0;3;0;1;0;3;1;-29,16284655;-51,52529804;"SPRF-RS";"DEL06-RS";"UOP01-DEL06-RS"
747139;2026-01-21;"quarta-feira";"15:20:00";"PB";104;114;"LAGOA SECA";"Manobra de mudança de faixa";"Colisão lateral mesmo sentido";"Com Vítimas Feridas";"Pleno dia";"Decrescente";"Nublado";"Simples";"Reta";"Sim";4;0;1;1;2;0;2;2;-7,15843364;-35,85505128;"SPRF-PB";"DEL02-PB";"UOP04-DEL02-PB"
747140;2026-01-21;"quarta-feira";"15:15:00";"MG";262;383;"FLORESTAL";"Velocidade Incompatível";"Saída de leito carroçável";"Sem Vítimas";"Pleno dia";"Crescente";"Chuva";"Dupla";"Curva";"Não";1;0;0;0;0;1;0;1;-19,91925155;-44,48818307;"SPRF-MG";"DEL01-MG";"UOP03-DEL01-MG"
747141;2026-01-09;"sexta-feira";"19:30:00";"MS";262;442;"ANASTACIO";"Acessar a via sem observar a presença dos outros veículos";"Colisão lateral mesmo sentido";"Com Vítimas Fatais";"Plena Noite";"Crescente";"Céu Claro";"Simples";"Reta";"Não";5;1;0;2;2;0;2;2;-20,6341992;-55,8780406;"SPRF-MS";"DEL03-MS";"UOP01-DEL03-MS"
747142;2026-01-21;"quarta-feira";"16:00:00";"RJ";101;424;"MANGARATIBA";"Chuva";"Colisão frontal";"Com Vítimas Feridas";"Pleno dia";"Crescente";"Chuva";"Simples";"Curva";"Não";6;0;5;0;1;0;5;2;-22,92392022;-43,95734724;"SPRF-RJ";"DEL03-RJ";"UOP02-DEL03-RJ"
747146;2026-01-21;"quarta-feira";"16:22:00";"PR";376;372,8;"IMBAU";"Demais falhas mecânicas ou elétricas";"Incêndio";"Sem Vítimas";"Pleno dia";"Crescente";"Sol";"Múltipla";"Reta";"Não";2;0;0;0;2;0;0;1;-24,382304;-50,790389;"SPRF-PR";"DEL07-PR";"UOP02-DEL07-PR"
747147;2026-01-21;"quarta-feira";"15:30:00";"RJ";116;14;"SAPUCAIA";"Pista Escorregadia";"Saída de leito carroçável";"Com Vítimas Feridas";"Pleno dia";"Decrescente";"Chuva";"Simples";"Aclive;Curva";"Não";2;0;1;0;1;0;1;1;-21,95974784;-42,73596028;"SPRF-RJ";"DEL05-RJ";"UOP01-DEL05-RJ"
747151;2026-01-21;"quarta-feira";"15:10:00";"GO";153;516;"APARECIDA DE GOIANIA";"Ausência de reação do condutor";"Colisão com objeto";"Com Vítimas Feridas";"Pleno dia";"Decrescente";"Nublado";"Dupla";"Reta";"Sim";1;0;1;0;0;0;1;1;-16,845139;-49,245778;"SPRF-GO";"DEL01-GO";"UOP03-DEL01-GO"
747155;2026-01-21;"quarta-feira";"16:30:00";"GO";40;20,5;"LUZIANIA";"Ingestão de álcool pelo condutor";"Colisão lateral mesmo sentido";"Sem Vítimas";"Pleno dia";"Crescente";"Sol";"Dupla";"Reta";"Sim";2;0;0;0;2;0;0;2;-16,2143;-47,91655;"SPRF-DF";"DEL01-DF";"UOP01-DEL01-DF"
747156;2026-01-21;"quarta-feira";"17:32:00";"SP";116;203;"ARUJA";"Manobra de mudança de faixa";"Colisão lateral mesmo sentido";"Com Vítimas Feridas";"Pleno dia";"Decrescente";"Céu Claro";"Múltipla";"Reta;Declive";"Sim";2;0;1;0;1;0;1;2;-23,41127178;-46,35028839;"SPRF-SP";"DEL01-SP";"UOP01-DEL01-SP"
747157;2026-01-21;"quarta-feira";"17:10:00";"PE";232;5,3;"RECIFE";"Condutor deixou de manter distância do veículo da frente";"Colisão traseira";"Com Vítimas Feridas";"Anoitecer";"Decrescente";"Nublado";"Múltipla";"Reta";"Sim";3;0;2;0;1;0;2;2;-8,0703384;-34,95119739;"SPRF-PE";"DEL01-PE";"UOP01-DEL01-PE"
747158;2026-01-21;"quarta-feira";"17:00:00";"PE";408;75;"PAUDALHO";"Reação tardia ou ineficiente do condutor";"Colisão traseira";"Com Vítimas Feridas";"Pleno dia";"Crescente";"Céu Claro";"Dupla";"Reta";"Sim";2;0;1;0;1;0;1;2;-7,94655;-35,11373;"SPRF-PE";"DEL01-PE";"UOP01-DEL01-PE"
747160;2026-01-21;"quarta-feira";"14:30:00";"RJ";40;37;"AREAL";"Chuva";"Saída de leito carroçável";"Com Vítimas Feridas";"Pleno dia";"Decrescente";"Chuva";"Simples";"Curva";"Não";1;0;1;0;0;0;1;1;-22,2197159;-43,1274929;"SPRF-RJ";"DEL05-RJ";"UOP02-DEL05-RJ"
747161;2026-01-21;"quarta-feira";"17:30:00";"MG";40;762,8;"JUIZ DE FORA";"Acumulo de água sobre o pavimento";"Saída de leito carroçável";"Com Vítimas Feridas";"Pleno dia";"Decrescente";"Chuva";"Simples";"Declive;Reta";"Não";2;0;2;0;0;0;2;1;-21,57355015;-43,47624175;"SPRF-MG";"DEL05-MG";"UOP01-DEL05-MG"
747162;2026-01-21;"quarta-feira";"17:50:00";"DF";20;6;"BRASILIA";"Manobra de mudança de faixa";"Colisão lateral mesmo sentido";"Com Vítimas Feridas";"Anoitecer";"Decrescente";"Céu Claro";"Dupla";"Reta";"Sim";2;0;1;0;1;0;1;2;-15,670546;-47,816044;"SPRF-DF";"DEL02-DF";"UOP01-DEL02-DF"
747164;2026-01-21;"quarta-feira";"17:50:00";"SC";280;50;"GUARAMIRIM";"Retorno proibido";"Colisão traseira";"Com Vítimas Feridas";"Pleno dia";"Decrescente";"Céu Claro";"Dupla";"Em Obras;Curva";"Sim";2;0;2;0;0;0;2;2;-26,462954;-48,948378;"SPRF-SC";"DEL03-SC";"UOP03-DEL03-SC"
747165;2026-01-21;"quarta-feira";"18:10:00";"PR";277;53,5;"SAO JOSE DOS PINHAIS";"Velocidade Incompatível";"Saída de leito carroçável";"Com Vítimas Feridas";"Pleno dia";"Crescente";"Nublado";"Dupla";"Curva";"Não";2;0;2;0;0;0;2;1;-25,575333;-48,975677;"SPRF-PR";"DEL01-PR";"UOP05-DEL01-PR"
747166;2026-01-21;"quarta-feira";"18:15:00";"RS";116;517;"PELOTAS";"Acessar a via sem observar a presença dos outros veículos";"Colisão transversal";"Com Vítimas Feridas";"Anoitecer";"Crescente";"Céu Claro";"Dupla";"Rotatória;Viaduto";"Sim";2;0;1;0;1;0;1;2;-31,67830085;-52,34255481;"SPRF-RS";"DEL07-RS";"UOP01-DEL07-RS"
747169;2026-01-21;"quarta-feira";"18:30:00";"PR";376;224;"CAMBIRA";"Reação tardia ou ineficiente do condutor";"Saída de leito carroçável";"Com Vítimas Feridas";"Anoitecer";"Crescente";"Céu Claro";"Dupla";"Declive";"Não";2;0;2;0;0;0;2;1;-23,594086;-51,578795;"SPRF-PR";"DEL07-PR";"UOP03-DEL07-PR"
747171;2026-01-21;"quarta-feira";"16:20:00";"MA";230;1;"BARAO DE GRAJAU";"Ausência de reação do condutor";"Tombamento";"Com Vítimas Feridas";"Pleno dia";"Crescente";"Céu Claro";"Simples";"Reta";"Sim";1;0;1;0;0;0;1;1;-6,755147;-43,017988;"SPRF-PI";"DEL03-PI";"UOP01-DEL03-PI"
747172;2026-01-21;"quarta-feira";"18:00:00";"SC";470;48,4;"BLUMENAU";"Conversão proibida";"Colisão lateral sentido oposto";"Com Vítimas Feridas";"Anoitecer";"Crescente";"Nublado";"Simples";"Reta";"Não";2;0;0;1;1;0;1;2;-26,85905;-49,0575;"SPRF-SC";"DEL04-SC";"UOP01-DEL04-SC"
747173;2026-01-21;"quarta-feira";"18:25:00";"RS";470;70,4;"LAGOA VERMELHA";"Ausência de reação do condutor";"Tombamento";"Com Vítimas Feridas";"Anoitecer";"Crescente";"Céu Claro";"Simples";"Aclive;Reta";"Não";1;0;1;0;0;0;1;1;-28,167981;-51,516342;"SPRF-RS";"DEL08-RS";"UOP05-DEL08-RS"
747175;2026-01-21;"quarta-feira";"16:40:00";"SC";282;643,3;"SAO MIGUEL DO OESTE";"Acessar a via sem observar a presença dos outros veículos";"Colisão transversal";"Sem Vítimas";"Pleno dia";"Decrescente";"Céu Claro";"Simples";"Declive;Curva";"Não";3;0;0;0;3;0;0;2;-26,77002882;-53,47408231;"SPRF-SC";"DEL07-SC";"UOP03-DEL07-SC"
747176;2026-01-21;"quarta-feira";"17:45:00";"SC";470;62,1;"INDAIAL";"Reação tardia ou ineficiente do condutor";"Colisão transversal";"Com Vítimas Feridas";"Pleno dia";"Crescente";"Nublado";"Simples";"Declive";"Sim";2;0;1;0;1;0;1;2;-26,87426;-49,18403;"SPRF-SC";"DEL04-SC";"UOP01-DEL04-SC"
747177;2026-01-21;"quarta-feira";"14:20:00";"GO";153;598;"MORRINHOS";"Acumulo de água sobre o pavimento";"Saída de leito carroçável";"Com Vítimas Feridas";"Pleno dia";"Crescente";"Chuva";"Dupla";"Reta";"Não";2;0;1;0;1;0;1;1;-17,532621;-49,214075;"SPRF-GO";"DEL03-GO";"UOP01-DEL03-GO"
747178;2026-01-21;"quarta-feira";"18:00:00";"PR";376;619;"SAO JOSE DOS PINHAIS";"Pedestre cruzava a pista fora da faixa";"Atropelamento de Pedestre";"Com Vítimas Feridas";"Anoitecer";"Crescente";"Nublado";"Simples";"Reta";"Sim";2;0;2;0;0;0;2;2;-25,610851;-49,1721172;"SPRF-PR";"DEL01-PR";"UOP04-DEL01-PR"
747179;2026-01-21;"quarta-feira";"19:00:00";"PR";163;171;"LINDOESTE";"Acessar a via sem observar a presença dos outros veículos";"Colisão transversal";"Com Vítimas Feridas";"Anoitecer";"Crescente";"Céu Claro";"Múltipla";"Curva;Retorno Regulamentado;Declive";"Não";2;0;1;0;1;0;1;2;-25,18309183;-53,60169333;"SPRF-PR";"DEL05-PR";"UOP05-DEL05-PR"
747180;2026-01-21;"quarta-feira";"17:20:00";"GO";153;574;"PROFESSOR JAMIL";"Acumulo de água sobre o pavimento";"Saída de leito carroçável";"Com Vítimas Feridas";"Anoitecer";"Decrescente";"Chuva";"Dupla";"Curva";"Não";3;0;1;0;2;0;1;1;-17,338503;-49,239497;"SPRF-GO";"DEL03-GO";"UOP01-DEL03-GO"
747181;2026-01-21;"quarta-feira";"18:00:00";"PR";476;92;"BOCAIUVA DO SUL";"Ingestão de álcool pelo condutor";"Colisão lateral sentido oposto";"Com Vítimas Feridas";"Anoitecer";"Crescente";"Céu Claro";"Simples";"Curva";"Não";2;0;1;0;1;0;1;2;-25,1974606;-49,11394715;"SPRF-PR";"DEL01-PR";"UOP01-DEL01-PR"
747183;2026-01-21;"quarta-feira";"17:40:00";"RS";116;260;"CANOAS";"Ausência de reação do condutor";"Colisão com objeto";"Com Vítimas Feridas";"Pleno dia";"Decrescente";"Céu Claro";"Dupla";"Reta";"Sim";1;0;1;0;0;0;1;1;-29,88087531;-51,18033903;"SPRF-RS";"DEL01-RS";"UOP01-DEL01-RS"
747185;2026-01-21;"quarta-feira";"17:15:00";"MG";262;38,5;"MANHUACU";"Acessar a via sem observar a presença dos outros veículos";"Colisão frontal";"Com Vítimas Feridas";"Pleno dia";"Crescente";"Chuva";"Simples";"Declive;Reta";"Não";2;0;0;1;1;0;1;2;-20,274266;-42,050471;"SPRF-MG";"DEL06-MG";"UOP03-DEL06-MG"
747186;2026-01-21;"quarta-feira";"16:50:00";"RJ";393;297;"BARRA MANSA";"Frear bruscamente";"Colisão traseira";"Sem Vítimas";"Pleno dia";"Decrescente";"Garoa/Chuvisco";"Simples";"Reta;Declive";"Sim";6;0;0;0;6;0;0;4;-22,54236717;-44,11363351;"SPRF-RJ";"DEL07-RJ";"UOP02-DEL07-RJ"
747187;2026-01-21;"quarta-feira";"19:30:00";"ES";101;15,7;"SERRA";"Acumulo de água sobre o pavimento";"Colisão com objeto";"Com Vítimas Feridas";"Plena Noite";"Crescente";"Chuva";"Dupla";"Curva";"Não";2;0;1;0;1;0;1;1;-20,18988833;-40,336165;"SPRF-ES";"DEL02-ES";"UOP01-DEL02-ES"
747188;2026-01-21;"quarta-feira";"18:50:00";"PI";343;304,6;"ALTOS";"Transitar no Acostamento";"Colisão lateral mesmo sentido";"Com Vítimas Feridas";"Plena Noite";"Crescente";"Chuva";"Simples";"Reta";"Sim";3;0;0;2;1;0;2;2;-5,03254;-42,441048;"SPRF-PI";"DEL01-PI";"UOP01-DEL01-PI"
747190;2026-01-21;"quarta-feira";"18:20:00";"SP";116;43,4;"CANAS";"Mal súbito do condutor";"Queda de ocupante de veículo";"Com Vítimas Feridas";"Anoitecer";"Crescente";"Chuva";"Dupla";"Ponte;Aclive";"Não";1;0;0;1;0;0;1;1;-22,698752;-45,032382;"SPRF-SP";"DEL08-SP";"UOP02-DEL08-SP"
747191;2026-01-21;"quarta-feira";"17:00:00";"SP";381;49;"ATIBAIA";"Manobra de mudança de faixa";"Colisão lateral mesmo sentido";"Com Vítimas Feridas";"Pleno dia";"Decrescente";"Céu Claro";"Dupla";"Reta";"Sim";2;0;1;0;1;0;1;2;-23,1712359;-46,56673193;"SPRF-SP";"DEL03-SP";"UOP01-DEL03-SP"
747193;2026-01-21;"quarta-feira";"19:10:00";"RN";101;71;"EXTREMOZ";"Acumulo de areia ou detritos sobre o pavimento";"Capotamento";"Sem Vítimas";"Plena Noite";"Crescente";"Céu Claro";"Simples";"Curva";"Não";5;0;0;0;4;1;0;3;-5,69067;-35,26325;"SPRF-RN";"DEL02-RN";"UOP01-DEL02-RN"
747195;2026-01-21;"quarta-feira";"18:20:00";"PR";277;715,7;"SANTA TEREZINHA DE ITAIPU";"Reação tardia ou ineficiente do condutor";"Colisão traseira";"Com Vítimas Feridas";"Anoitecer";"Decrescente";"Céu Claro";"Dupla";"Reta";"Não";3;0;1;1;1;0;2;2;-25,46560307;-54,45029911;"SPRF-PR";"DEL05-PR";"UOP01-DEL05-PR"
747196;2026-01-21;"quarta-feira";"15:45:00";"MG";365;415,4;"PATOS DE MINAS";"Chuva";"Saída de leito carroçável";"Com Vítimas Feridas";"Pleno dia";"Crescente";"Chuva";"Simples";"Curva;Declive";"Não";2;0;1;0;1;0;1;1;-18,677463;-46,549533;"SPRF-MG";"DEL10-MG";"UOP01-DEL10-MG"
747198;2026-01-21;"quarta-feira";"19:40:00";"SP";101;47,9;"UBATUBA";"Condutor deixou de manter distância do veículo da frente";"Colisão traseira";"Com Vítimas Feridas";"Plena Noite";"Crescente";"Nublado";"Simples";"Rotatória";"Não";5;0;1;0;4;0;1;2;-23,43420819;-45,08621089;"SPRF-SP";"DEL06-SP";"UOP01-DEL06-SP"
747199;2026-01-21;"quarta-feira";"16:09:00";"RJ";40;30,2;"AREAL";"Ausência de reação do condutor";"Saída de leito carroçável";"Com Vítimas Feridas";"Pleno dia";"Decrescente";"Chuva";"Dupla";"Curva";"Não";3;0;3;0;0;0;3;1;-22,19901187;-43,15870536;"SPRF-RJ";"DEL05-RJ";"UOP02-DEL05-RJ"
747200;2026-01-21;"quarta-feira";"20:40:00";"MG";40;498,5;"ESMERALDAS";"Ausência de reação do condutor";"Colisão com objeto";"Com Vítimas Feridas";"Plena Noite";"Crescente";"Chuva";"Dupla";"Retorno Regulamentado";"Não";1;0;1;0;0;0;1;1;-19,6867112;-44,1806066;"SPRF-MG";"DEL02-MG";"UOP01-DEL02-MG"
747204;2026-01-21;"quarta-feira";"16:50:00";"SC";282;601;"CUNHA PORA";"Ausência de reação do condutor";"Saída de leito carroçável";"Com Vítimas Feridas";"Pleno dia";"Crescente";"Céu Claro";"Simples";"Reta;Declive";"Não";1;0;0;1;0;0;1;1;-26,806556;-53,175906;"SPRF-SC";"DEL07-SC";"UOP02-DEL07-SC"
747205;2026-01-21;"quarta-feira";"19:05:00";"MA";230;1;"BARAO DE GRAJAU";"Transitar na contramão";"Colisão transversal";"Com Vítimas Feridas";"Plena Noite";"Crescente";"Chuva";"Simples";"Reta";"Sim";2;0;1;1;0;0;2;2;-6,755488;-43,021445;"SPRF-PI";"DEL03-PI";"UOP01-DEL03-PI"
747207;2026-01-21;"quarta-feira";"16:45:00";"MA";222;679,5;"ACAILANDIA";"Velocidade Incompatível";"Colisão transversal";"Com Vítimas Feridas";"Pleno dia";"Decrescente";"Sol";"Simples";"Reta";"Sim";3;0;0;1;2;0;1;3;-4,956263;-47,496567;"SPRF-MA";"DEL04-MA";"UOP03-DEL04-MA"
747208;2026-01-21;"quarta-feira";"20:15:00";"PR";376;212;"MANDAGUARI";"Demais falhas na via";"Tombamento";"Com Vítimas Feridas";"Plena Noite";"Crescente";"Céu Claro";"Simples";"Reta";"Não";2;0;2;0;0;0;2;1;-23,5636168;-51,6583403;"SPRF-PR";"DEL09-PR";"UOP01-DEL09-PR"
747209;2026-01-21;"quarta-feira";"15:38:00";"BA";101;378;"GANDU";"Condutor deixou de manter distância do veículo da frente";"Colisão traseira";"Com Vítimas Feridas";"Pleno dia";"Crescente";"Céu Claro";"Simples";"Reta;Declive";"Não";7;0;1;0;6;0;1;2;-13,84029;-39,49623;"SPRF-BA";"DEL05-BA";"UOP03-DEL05-BA"
747211;2026-01-21;"quarta-feira";"21:00:00";"TO";153;558;"OLIVEIRA DE FATIMA";"Ingestão de álcool pelo condutor";"Saída de leito carroçável";"Com Vítimas Feridas";"Plena Noite";"Crescente";"Nublado";"Simples";"Reta";"Não";1;0;0;1;0;0;1;1;-10,72353;-48,904514;"SPRF-TO";"DEL01-TO";"UOP01-DEL01-TO"
747212;2026-01-21;"quarta-feira";"21:10:00";"PI";343;345,5;"TERESINA";"Acessar a via sem observar a presença dos outros veículos";"Colisão transversal";"Com Vítimas Feridas";"Plena Noite";"Crescente";"Céu Claro";"Simples";"Reta";"Sim";2;0;0;1;1;0;1;2;-5,10761603;-42,76878744;"SPRF-PI";"DEL01-PI";"UOP01-DEL01-PI"
747216;2026-01-21;"quarta-feira";"22:15:00";"MG";251;474,2;"FRANCISCO SA";"Demais falhas mecânicas ou elétricas";"Tombamento";"Com Vítimas Fatais";"Plena Noite";"Crescente";"Céu Claro";"Simples";"Curva;Declive";"Não";49;5;40;3;1;0;43;1;-16,46756;-43,43992;"SPRF-MG";"DEL12-MG";"UOP01-DEL12-MG"
747217;2026-01-21;"quarta-feira";"20:20:00";"SC";163;74,2;"SAO MIGUEL DO OESTE";"Ausência de sinalização";"Saída de leito carroçável";"Com Vítimas Feridas";"Plena Noite";"Decrescente";"Céu Claro";"Simples";"Reta";"Não";1;0;1;0;0;0;1;1;-26,70130552;-53,51365177;"SPRF-SC";"DEL07-SC";"UOP03-DEL07-SC"