"id";"data_inversa";"dia_semana";"horario";"uf";"br";"km";"municipio";"causa_acidente";"tipo_acidente";"classificacao_acidente";"fase_dia";"sentido_via";"condicao_metereologica";"tipo_pista";"tracado_via";"uso_solo";"pessoas";"mortos";"feridos_leves";"feridos_graves";"ilesos";"ignorados";"feridos";"veiculos";"latitude";"longitude";"regional";"delegacia";"uop"
747218;2026-01-21;"quarta-feira";"21:14:00";"PR";277;0;"CURITIBA";"Pedestre andava na pista";"Atropelamento de Pedestre";"Com Vítimas Fatais";"Plena Noite";"Decrescente";"Nublado";"Dupla";"Reta;Aclive";"Sim";3;1;0;0;0;2;0;2;-25,43191944;-49,36525226;"SPRF-PR";"DEL01-PR";"UOP06-DEL01-PR"
747219;2026-01-21;"quarta-feira";"21:25:00";"GO";153;432,8;"ANAPOLIS";"Acumulo de água sobre o pavimento";"Colisão com objeto";"Com Vítimas Feridas";"Plena Noite";"Crescente";"Chuva";"Dupla";"Curva;Aclive";"Sim";1;0;1;0;0;0;1;1;-16,282558;-48,956798;"SPRF-GO";"DEL02-GO";"UOP01-DEL02-GO"
747220;2026-01-21;"quarta-feira";"22:10:00";"PR";277;656,7;"MATELANDIA";"Condutor deixou de manter distância do veículo da frente";"Queda de ocupante de veículo";"Com Vítimas Feridas";"Plena Noite";"Crescente";"Céu Claro";"Simples";"Declive;Curva";"Não";1;0;1;0;0;0;1;1;-25,22992348;-53,95187728;"SPRF-PR";"DEL05-PR";"UOP02-DEL05-PR"
747221;2026-01-21;"quarta-feira";"23:00:00";"GO";153;506,7;"APARECIDA DE GOIANIA";"Pista esburacada";"Colisão com objeto";"Com Vítimas Feridas";"Plena Noite";"Crescente";"Chuva";"Múltipla";"Declive;Reta";"Sim";1;0;1;0;0;0;1;1;-16,75153236;-49,24142444;"SPRF-GO";"DEL01-GO";"UOP01-DEL01-GO"
747228;2026-01-21;"quarta-feira";"23:45:00";"PR";116;18;"CURITIBA";"Condutor desrespeitou a iluminação vermelha do semáforo";"Colisão transversal";"Sem Vítimas";"Pleno dia";"Crescente";"Céu Claro";"Dupla";"Reta";"Sim";3;0;0;0;2;1;0;3;-25,38886186;-49,20194563;"SPRF-PR";"DEL01-PR";"UOP02-DEL01-PR"
747233;2026-01-22;"quinta-feira";"04:45:00";"SC";101;211,6;"PALHOCA";"Trafegar com motocicleta (ou similar) entre as faixas";"Tombamento";"Com Vítimas Feridas";"Plena Noite";"Decrescente";"Céu Claro";"Múltipla";"Reta;Em Obras";"Sim";1;0;1;0;0;0;1;1;-27,62664479;-48,65552482;"SPRF-SC";"DEL01-SC";"UOP02-DEL01-SC"
747236;2026-01-22;"quinta-feira";"03:58:00";"SC";470;91,9;"APIUNA";"Retorno proibido";"Colisão transversal";"Com Vítimas Fatais";"Plena Noite";"Decrescente";"Céu Claro";"Simples";"Reta";"Sim";3;1;0;0;2;0;0;2;-26,98703;-49,37359;"SPRF-SC";"DEL04-SC";"UOP01-DEL04-SC"
747237;2026-01-22;"quinta-feira";"05:30:00";"SC";282;80,5;"RANCHO QUEIMADO";"Condutor Dormindo";"Colisão frontal";"Com Vítimas Feridas";"Amanhecer";"Crescente";"Nublado";"Simples";"Reta";"Não";9;0;4;0;5;0;4;3;-27,66124;-49,16465;"SPRF-SC";"DEL01-SC";"UOP03-DEL01-SC"
747238;2026-01-22;"quinta-feira";"04:00:00";"SC";116;55;"PAPANDUVA";"Reação tardia ou ineficiente do condutor";"Queda de ocupante de veículo";"Com Vítimas Feridas";"Plena Noite";"Decrescente";"Nublado";"Simples";"Curva;Declive";"Não";1;0;0;1;0;0;1;1;-26,391187;-50,180484;"SPRF-SC";"DEL06-SC";"UOP02-DEL06-SC"
747239;2026-01-22;"quinta-feira";"05:45:00";"PB";101;85,8;"BAYEUX";"Manobra de mudança de faixa";"Colisão transversal";"Com Vítimas Fatais";"Pleno dia";"Crescente";"Nublado";"Dupla";"Reta";"Sim";2;1;0;0;1;0;0;2;-7,1502144;-34,9109037;"SPRF-PB";"DEL01-PB";"UOP01-DEL01-PB"
747240;2026-01-21;"quarta-feira";"22:25:00";"MT";364;498,8;"JANGADA";"Reação tardia ou ineficiente do condutor";"Saída de leito carroçável";"Sem Vítimas";"Plena Noite";"Crescente";"Céu Claro";"Simples";"Reta";"Sim";1;0;0;0;1;0;0;1;-15,19545167;-56,51216984;"SPRF-MT";"DEL01-MT";"UOP01-DEL01-MT"
747241;2026-01-22;"quinta-feira";"06:20:00";"PB";230;22;"JOAO PESSOA";"Condutor deixou de manter distância do veículo da frente";"Colisão lateral mesmo sentido";"Com Vítimas Feridas";"Pleno dia";"Decrescente";"Nublado";"Múltipla";"Reta";"Sim";1;0;1;0;0;0;1;1;-7,15150112;-34,85332042;"SPRF-PB";"DEL01-PB";"UOP01-DEL01-PB"
747242;2026-01-22;"quinta-feira";"07:10:00";"PE";101;71;"RECIFE";"Acostamento em desnível";"Tombamento";"Com Vítimas Feridas";"Pleno dia";"Crescente";"Céu Claro";"Dupla";"Reta";"Sim";2;0;1;1;0;0;2;1;-8,07907;-34,94295;"SPRF-PE";"DEL01-PE";"UOP01-DEL01-PE"
747243;2026-01-21;"quarta-feira";"22:00:00";"MG";40;498;"MATOZINHOS";"Chuva";"Saída de leito carroçável";"Sem Vítimas";"Plena Noite";"Crescente";"Chuva";"Dupla";"Reta";"Não";1;0;0;0;0;1;0;1;-19,65779314;-44,19792362;"SPRF-MG";"DEL02-MG";"UOP01-DEL02-MG"
747248;2026-01-22;"quinta-feira";"07:28:00";"PE";101;68;"RECIFE";"Frear bruscamente";"Queda de ocupante de veículo";"Com Vítimas Feridas";"Pleno dia";"Crescente";"Céu Claro";"Dupla";"Aclive;Reta;Viaduto";"Sim";2;0;2;0;0;0;2;1;-8,051771;-34,946159;"SPRF-PE";"DEL01-PE";"UOP01-DEL01-PE"
747250;2026-01-22;"quinta-feira";"07:30:00";"RJ";393;235;"VASSOURAS";"Acessar a via sem observar a presença dos outros veículos";"Colisão transversal";"Com Vítimas Feridas";"Pleno dia";"Decrescente";"Nublado";"Simples";"Reta";"Sim";2;0;0;1;1;0;1;2;-22,418217;-43,682375;"SPRF-RJ";"DEL05-RJ";"UOP03-DEL05-RJ"
747254;2026-01-22;"quinta-feira";"07:50:00";"SC";282;4;"FLORIANOPOLIS";"Manobra de mudança de faixa";"Colisão traseira";"Com Vítimas Feridas";"Pleno dia";"Decrescente";"Céu Claro";"Múltipla";"Reta";"Sim";2;0;1;0;1;0;1;2;-27,59248;-48,60446;"SPRF-SC";"DEL01-SC";"UOP01-DEL01-SC"
747255;2026-01-22;"quinta-feira";"08:00:00";"SP";116;222;"GUARULHOS";"Reação tardia ou ineficiente do condutor";"Colisão lateral mesmo sentido";"Com Vítimas Feridas";"Pleno dia";"Crescente";"Nublado";"Múltipla";"Reta";"Não";2;0;1;0;1;0;1;2;-23,471826;-46,518969;"SPRF-SP";"DEL01-SP";"UOP01-DEL01-SP"
747258;2026-01-22;"quinta-feira";"08:38:00";"SP";381;69;"MAIRIPORA";"Reação tardia ou ineficiente do condutor";"Queda de ocupante de veículo";"Com Vítimas Feridas";"Pleno dia";"Decrescente";"Céu Claro";"Dupla";"Curva;Declive";"Não";2;0;1;0;1;0;1;1;-23,34993823;-46,55979557;"SPRF-SP";"DEL03-SP";"UOP01-DEL03-SP"
747259;2026-01-21;"quarta-feira";"10:00:00";"RJ";40;78;"PETROPOLIS";"Pista Escorregadia";"Colisão com objeto";"Com Vítimas Feridas";"Pleno dia";"Crescente";"Chuva";"Dupla";"Curva";"Não";3;0;3;0;0;0;3;1;-22,52864002;-43,22290352;"SPRF-RJ";"DEL01-RJ";"UOP01-DEL01-RJ"
747260;2026-01-22;"quinta-feira";"08:51:00";"SP";153;61,8;"SAO JOSE DO RIO PRETO";"Reação tardia ou ineficiente do condutor";"Colisão traseira";"Com Vítimas Feridas";"Pleno dia";"Crescente";"Nublado";"Dupla";"Reta";"Sim";2;0;0;1;0;1;1;2;-20,811197;-49,356732;"SPRF-SP";"DEL09-SP";"UOP01-DEL09-SP"
747261;2026-01-21;"quarta-feira";"19:00:00";"RJ";493;57;"DUQUE DE CAXIAS";"Ausência de reação do condutor";"Capotamento";"Com Vítimas Feridas";"Pleno dia";"Crescente";"Céu Claro";"Dupla";"Reta";"Não";1;0;1;0;0;0;1;1;-22,666308;-43,3714253;"SPRF-RJ";"DEL01-RJ";"UOP03-DEL01-RJ"
747263;2026-01-22;"quinta-feira";"08:55:00";"RS";471;660;"SANTA VITORIA DO PALMAR";"Acessar a via sem observar a presença dos outros veículos";"Atropelamento de Pedestre";"Com Vítimas Feridas";"Pleno dia";"Decrescente";"Céu Claro";"Simples";"Reta;Interseção de Vias";"Sim";4;0;0;1;2;1;1;3;-33,53434781;-53,34857941;"SPRF-RS";"DEL07-RS";"UOP04-DEL07-RS"
747264;2026-01-13;"terça-feira";"21:10:00";"PE";101;77;"JABOATAO DOS GUARARAPES";"Animais na Pista";"Atropelamento de Animal";"Com Vítimas Feridas";"Plena Noite";"Decrescente";"Céu Claro";"Dupla";"Reta";"Não";2;0;0;1;1;0;1;1;-8,13971839;-34,94664907;"SPRF-PE";"DEL01-PE";"UOP01-DEL01-PE"
747265;2026-01-22;"quinta-feira";"08:45:00";"SP";116;217;"GUARULHOS";"Reação tardia ou ineficiente do condutor";"Colisão traseira";"Com Vítimas Feridas";"Amanhecer";"Crescente";"Nublado";"Múltipla";"Declive";"Sim";2;0;2;0;0;0;2;1;-23,45601154;-46,4759415;"SPRF-SP";"DEL01-SP";"UOP01-DEL01-SP"
747266;2026-01-22;"quinta-feira";"07:10:00";"RO";364;11,6;"VILHENA";"Desrespeitar a preferência no cruzamento";"Colisão transversal";"Com Vítimas Feridas";"Pleno dia";"Decrescente";"Nublado";"Múltipla";"Rotatória";"Sim";2;0;2;0;0;0;2;2;-12,74559765;-60,11502811;"SPRF-RO";"DEL04-RO";"UOP01-DEL04-RO"
747268;2026-01-22;"quinta-feira";"08:30:00";"PR";116;59;"CAMPINA GRANDE DO SUL";"Reação tardia ou ineficiente do condutor";"Saída de leito carroçável";"Com Vítimas Feridas";"Pleno dia";"Crescente";"Garoa/Chuvisco";"Dupla";"Curva;Declive";"Não";1;0;1;0;0;0;1;1;-25,3036001;-48,94415466;"SPRF-PR";"DEL01-PR";"UOP02-DEL01-PR"
747271;2026-01-22;"quinta-feira";"08:45:00";"PR";277;592;"CASCAVEL";"Ausência de reação do condutor";"Queda de ocupante de veículo";"Com Vítimas Feridas";"Pleno dia";"Decrescente";"Céu Claro";"Simples";"Viaduto;Reta";"Não";1;0;1;0;0;0;1;1;-24,979959;-53,453104;"SPRF-PR";"DEL04-PR";"UOP01-DEL04-PR"
747272;2026-01-22;"quinta-feira";"03:30:00";"PA";316;165;"SANTA LUZIA DO PARA";"Reação tardia ou ineficiente do condutor";"Queda de ocupante de veículo";"Com Vítimas Feridas";"Plena Noite";"Decrescente";"Ignorado";"Simples";"Reta";"Não";3;0;0;2;1;0;2;2;-1,31862;-47,082735;"SPRF-PA";"DEL01-PA";"UOP03-DEL01-PA"
747273;2026-01-11;"domingo";"17:20:00";"BA";324;606;"SIMOES FILHO";"Condutor deixou de manter distância do veículo da frente";"Colisão traseira";"Com Vítimas Feridas";"Pleno dia";"Crescente";"Céu Claro";"Dupla";"Reta";"Não";9;0;5;0;4;0;5;5;-12,811219;-38,404902;"SPRF-BA";"DEL01-BA";"UOP01-DEL01-BA"
747274;2026-01-22;"quinta-feira";"09:10:00";"RS";470;228;"GARIBALDI";"Acessar a via sem observar a presença dos outros veículos";"Colisão transversal";"Com Vítimas Feridas";"Pleno dia";"Crescente";"Céu Claro";"Simples";"Reta;Retorno Regulamentado";"Não";2;0;1;0;1;0;1;2;-29,25249853;-51,53200977;"SPRF-RS";"DEL06-RS";"UOP01-DEL06-RS"
747275;2026-01-22;"quinta-feira";"09:20:00";"MG";40;469;"SETE LAGOAS";"Chuva";"Tombamento";"Com Vítimas Feridas";"Pleno dia";"Decrescente";"Chuva";"Dupla";"Reta;Aclive";"Não";1;0;1;0;0;0;1;1;-19,46129835;-44,30085182;"SPRF-MG";"DEL02-MG";"UOP01-DEL02-MG"
747278;2026-01-22;"quinta-feira";"10:15:00";"RS";116;613;"ARROIO GRANDE";"Ultrapassagem Indevida";"Queda de ocupante de veículo";"Com Vítimas Feridas";"Pleno dia";"Decrescente";"Céu Claro";"Simples";"Ponte;Reta";"Não";1;0;1;0;0;0;1;1;-32,25568573;-53,08126895;"SPRF-RS";"DEL07-RS";"UOP03-DEL07-RS"
747281;2026-01-22;"quinta-feira";"09:45:00";"GO";60;94,5;"ANAPOLIS";"Ingestão de álcool pelo condutor";"Colisão traseira";"Com Vítimas Feridas";"Pleno dia";"Crescente";"Chuva";"Dupla";"Interseção de Vias;Reta";"Sim";2;0;1;0;1;0;1;2;-16,361;-48,93269;"SPRF-GO";"DEL02-GO";"UOP01-DEL02-GO"
747283;2026-01-22;"quinta-feira";"09:15:00";"RN";304;40;"MOSSORO";"Manobra de mudança de faixa";"Colisão traseira";"Com Vítimas Feridas";"Pleno dia";"Decrescente";"Céu Claro";"Dupla";"Reta";"Sim";2;0;1;0;1;0;1;2;-5,20371009;-37,37648517;"SPRF-RN";"DEL04-RN";"UOP01-DEL04-RN"
747284;2026-01-22;"quinta-feira";"08:45:00";"MG";381;705;"NEPOMUCENO";"Ausência de reação do condutor";"Colisão com objeto";"Sem Vítimas";"Pleno dia";"Crescente";"Chuva";"Dupla";"Declive;Curva";"Não";2;0;0;0;2;0;0;1;-21,34965018;-45,17946289;"SPRF-MG";"DEL04-MG";"UOP02-DEL04-MG"
747285;2026-01-22;"quinta-feira";"11:00:00";"RS";116;303;"GUAIBA";"Ausência de reação do condutor";"Saída de leito carroçável";"Sem Vítimas";"Pleno dia";"Crescente";"Céu Claro";"Dupla";"Em Obras;Reta";"Não";1;0;0;0;1;0;0;1;-30,1424653;-51,3606164;"SPRF-RS";"DEL02-RS";"UOP01-DEL02-RS"
747286;2026-01-22;"quinta-feira";"10:45:00";"RJ";116;187;"NOVA IGUACU";"Trafegar com motocicleta (ou similar) entre as faixas";"Queda de ocupante de veículo";"Com Vítimas Feridas";"Pleno dia";"Decrescente";"Nublado";"Dupla";"Reta";"Sim";1;0;0;1;0;0;1;1;-22,73943676;-43,46796513;"SPRF-RJ";"DEL06-RJ";"UOP01-DEL06-RJ"
747288;2026-01-22;"quinta-feira";"09:50:00";"SC";101;146,8;"ITAPEMA";"Condutor deixou de manter distância do veículo da frente";"Colisão traseira";"Com Vítimas Feridas";"Pleno dia";"Decrescente";"Sol";"Dupla";"Aclive;Reta";"Não";2;0;1;0;1;0;1;2;-27,087513;-48,61078;"SPRF-SC";"DEL04-SC";"UOP03-DEL04-SC"
747289;2026-01-22;"quinta-feira";"10:20:00";"BA";116;13;"VITORIA DA CONQUISTA";"Transitar no Acostamento";"Colisão frontal";"Com Vítimas Feridas";"Pleno dia";"Crescente";"Céu Claro";"Simples";"Reta";"Sim";3;0;1;2;0;0;3;2;-14,87930838;-40,87091306;"SPRF-BA";"DEL08-BA";"UOP01-DEL08-BA"
747293;2026-01-22;"quinta-feira";"11:20:00";"MG";381;479,4;"CONTAGEM";"Ausência de reação do condutor";"Tombamento";"Com Vítimas Feridas";"Pleno dia";"Crescente";"Chuva";"Dupla";"Curva";"Sim";1;0;1;0;0;0;1;1;-19,96412919;-44,04609768;"SPRF-MG";"DEL01-MG";"UOP03-DEL01-MG"
747297;2026-01-22;"quinta-feira";"07:30:00";"BA";407;13;"JUAZEIRO";"Reação tardia ou ineficiente do condutor";"Atropelamento de Pedestre";"Com Vítimas Fatais";"Pleno dia";"Decrescente";"Céu Claro";"Simples";"Reta";"Não";2;1;0;0;0;1;0;2;-9,515045;-40,458365;"SPRF-BA";"DEL04-BA";"UOP01-DEL04-BA"
747300;2026-01-22;"quinta-feira";"11:45:00";"ES";101;204;"JOAO NEIVA";"Acesso irregular";"Colisão transversal";"Com Vítimas Feridas";"Pleno dia";"Crescente";"Nublado";"Múltipla";"Reta";"Sim";3;0;1;0;2;0;1;2;-19,75565833;-40,37958167;"SPRF-ES";"DEL02-ES";"UOP01-DEL02-ES"
747301;2026-01-22;"quinta-feira";"10:00:00";"RS";472;492;"ITAQUI";"Reação tardia ou ineficiente do condutor";"Saída de leito carroçável";"Com Vítimas Feridas";"Pleno dia";"Decrescente";"Céu Claro";"Simples";"Reta";"Sim";1;0;1;0;0;0;1;1;-29,190616;-56,535489;"SPRF-RS";"DEL13-RS";"UOP01-DEL13-RS"
747302;2026-01-22;"quinta-feira";"11:40:00";"PE";101;50;"ABREU E LIMA";"Ausência de reação do condutor";"Colisão transversal";"Com Vítimas Feridas";"Pleno dia";"Decrescente";"Céu Claro";"Múltipla";"Retorno Regulamentado";"Sim";3;0;3;0;0;0;3;2;-7,90472036;-34,91674805;"SPRF-PE";"DEL01-PE";"UOP02-DEL01-PE"
747303;2026-01-22;"quinta-feira";"11:10:00";"MG";116;178,7;"PADRE PARAISO";"Velocidade Incompatível";"Atropelamento de Pedestre";"Com Vítimas Feridas";"Pleno dia";"Decrescente";"Nublado";"Simples";"Declive;Curva";"Sim";2;0;0;1;1;0;1;2;-17,073788;-41,486405;"SPRF-MG";"DEL11-MG";"UOP02-DEL11-MG"
747304;2026-01-22;"quinta-feira";"12:00:00";"SE";235;3,6;"NOSSA SENHORA DO SOCORRO";"Demais falhas mecânicas ou elétricas";"Incêndio";"Sem Vítimas";"Pleno dia";"Crescente";"Céu Claro";"Dupla";"Reta";"Sim";2;0;0;0;2;0;0;1;-10,90553;-37,107325;"SPRF-SE";"DEL01-SE";"UOP01-DEL01-SE"
747305;2026-01-22;"quinta-feira";"09:25:00";"PB";101;3;"MATARACA";"Acumulo de água sobre o pavimento";"Colisão com objeto";"Com Vítimas Feridas";"Pleno dia";"Decrescente";"Chuva";"Dupla";"Reta";"Não";3;0;3;0;0;0;3;1;-6,54029;-35,11699;"SPRF-PB";"DEL01-PB";"UOP03-DEL01-PB"
747309;2026-01-22;"quinta-feira";"11:40:00";"RS";386;35,8;"FREDERICO WESTPHALEN";"Acessar a via sem observar a presença dos outros veículos";"Colisão transversal";"Com Vítimas Feridas";"Pleno dia";"Decrescente";"Céu Claro";"Simples";"Declive;Reta";"Sim";2;0;0;1;1;0;1;2;-27,37419768;-53,39764691;"SPRF-RS";"DEL08-RS";"UOP02-DEL08-RS"
747311;2026-01-22;"quinta-feira";"12:35:00";"RS";472;175,2;"SANTA ROSA";"Acessar a via sem observar a presença dos outros veículos";"Colisão transversal";"Com Vítimas Feridas";"Pleno dia";"Crescente";"Céu Claro";"Simples";"Interseção de Vias;Reta";"Sim";5;0;3;2;0;0;5;2;-27,854335;-54,515589;"SPRF-RS";"DEL10-RS";"UOP01-DEL10-RS"
747314;2026-01-22;"quinta-feira";"12:15:00";"SC";280;230,7;"CANOINHAS";"Acessar a via sem observar a presença dos outros veículos";"Colisão transversal";"Com Vítimas Feridas";"Pleno dia";"Decrescente";"Céu Claro";"Simples";"Reta;Aclive";"Sim";2;0;1;0;1;0;1;2;-26,188995;-50,36877;"SPRF-SC";"DEL06-SC";"UOP04-DEL06-SC"
747320;2026-01-22;"quinta-feira";"09:30:00";"RJ";101;190;"CASIMIRO DE ABREU";"Ultrapassagem Indevida";"Saída de leito carroçável";"Com Vítimas Feridas";"Pleno dia";"Decrescente";"Chuva";"Simples";"Curva";"Não";3;0;2;1;0;0;3;1;-22,46;-42,06;"SPRF-RJ";"DEL08-RJ";"UOP04-DEL08-RJ"
747322;2026-01-22;"quinta-feira";"12:45:00";"MG";381;628;"OLIVEIRA";"Chuva";"Saída de leito carroçável";"Com Vítimas Feridas";"Pleno dia";"Decrescente";"Chuva";"Dupla";"Curva";"Não";1;0;1;0;0;0;1;1;-20,83221404;-44,8235009;"SPRF-MG";"DEL04-MG";"UOP01-DEL04-MG"
747324;2026-01-22;"quinta-feira";"13:05:00";"SC";101;333,7;"TUBARAO";"Desrespeitar a preferência no cruzamento";"Colisão transversal";"Com Vítimas Feridas";"Pleno dia";"Crescente";"Garoa/Chuvisco";"Múltipla";"Reta";"Sim";2;0;1;0;1;0;1;2;-28,46970989;-49,01504159;"SPRF-SC";"DEL02-SC";"UOP01-DEL02-SC"
747326;2026-01-22;"quinta-feira";"06:15:00";"RJ";101;287;"ITABORAI";"Reação tardia ou ineficiente do condutor";"Colisão lateral mesmo sentido";"Com Vítimas Feridas";"Amanhecer";"Crescente";"Nublado";"Dupla";"Reta";"Não";1;0;1;0;0;0;1;1;-22,7556847;-42,8369891;"SPRF-RJ";"DEL02-RJ";"UOP02-DEL02-RJ"
747327;2026-01-22;"quinta-feira";"13:45:00";"PR";277;16;"PARANAGUA";"Reação tardia ou ineficiente do condutor";"Saída de leito carroçável";"Com Vítimas Feridas";"Pleno dia";"Crescente";"Céu Claro";"Dupla";"Reta";"Não";1;0;1;0;0;0;1;1;-25,54811;-48,676172;"SPRF-PR";"DEL01-PR";"UOP05-DEL01-PR"
747328;2026-01-22;"quinta-feira";"13:30:00";"BA";101;856,9;"TEIXEIRA DE FREITAS";"Acostamento em desnível";"Saída de leito carroçável";"Com Vítimas Feridas";"Pleno dia";"Crescente";"Céu Claro";"Simples";"Reta";"Não";2;0;2;0;0;0;2;1;-17,37865;-39,658807;"SPRF-BA";"DEL09-BA";"UOP02-DEL09-BA"
747331;2026-01-22;"quinta-feira";"13:50:00";"PE";101;70,4;"RECIFE";"Manobra de mudança de faixa";"Colisão lateral mesmo sentido";"Com Vítimas Feridas";"Pleno dia";"Decrescente";"Nublado";"Dupla";"Reta";"Sim";3;0;3;0;0;0;3;2;-8,07125;-34,94242;"SPRF-PE";"DEL01-PE";"UOP01-DEL01-PE"
747332;2026-01-22;"quinta-feira";"12:00:00";"BA";407;219;"QUIXABEIRA";"Avarias e/ou desgaste excessivo no pneu";"Saída de leito carroçável";"Com Vítimas Feridas";"Pleno dia";"Crescente";"Céu Claro";"Simples";"Reta";"Não";4;0;3;1;0;0;4;1;-11,264421;-40,023285;"SPRF-BA";"DEL04-BA";"UOP02-DEL04-BA"
747333;2026-01-22;"quinta-feira";"14:10:00";"MG";153;24;"CENTRALINA";"Condutor Dormindo";"Saída de leito carroçável";"Com Vítimas Feridas";"Pleno dia";"Decrescente";"Chuva";"Dupla";"Aclive;Reta";"Não";1;0;1;0;0;0;1;1;-18,6328064;-49,1827725;"SPRF-MG";"DEL15-MG";"UOP03-DEL15-MG"
747336;2026-01-22;"quinta-feira";"13:45:00";"SC";101;38;"JOINVILLE";"Manobra de mudança de faixa";"Colisão lateral mesmo sentido";"Com Vítimas Feridas";"Pleno dia";"Decrescente";"Chuva";"Dupla";"Reta";"Sim";3;0;2;0;1;0;2;2;-26,29325058;-48,88452228;"SPRF-SC";"DEL03-SC";"UOP01-DEL03-SC"
747337;2026-01-22;"quinta-feira";"15:05:00";"RS";116;265;"CANOAS";"Sinalização encoberta";"Colisão lateral mesmo sentido";"Com Vítimas Feridas";"Pleno dia";"Decrescente";"Céu Claro";"Dupla";"Reta";"Sim";3;0;1;0;2;0;1;2;-29,92559103;-51,17773567;"SPRF-RS";"DEL01-RS";"UOP01-DEL01-RS"
747341;2026-01-22;"quinta-feira";"14:20:00";"PE";232;414;"SERRA TALHADA";"Reação tardia ou ineficiente do condutor";"Saída de leito carroçável";"Com Vítimas Feridas";"Pleno dia";"Decrescente";"Céu Claro";"Simples";"Reta";"Não";2;0;2;0;0;0;2;1;-7,995532;-38,343992;"SPRF-PE";"DEL04-PE";"UOP01-DEL04-PE"
747344;2026-01-22;"quinta-feira";"15:10:00";"PI";343;341,4;"TERESINA";"Acumulo de areia ou detritos sobre o pavimento";"Tombamento";"Com Vítimas Feridas";"Pleno dia";"Crescente";"Sol";"Múltipla";"Reta";"Sim";2;0;1;0;1;0;1;1;-5,07740127;-42,74606824;"SPRF-PI";"DEL01-PI";"UOP01-DEL01-PI"
747346;2026-01-22;"quinta-feira";"13:50:00";"RS";116;250;"SAO LEOPOLDO";"Reação tardia ou ineficiente do condutor";"Colisão transversal";"Com Vítimas Feridas";"Pleno dia";"Decrescente";"Céu Claro";"Múltipla";"Reta";"Sim";4;0;1;0;3;0;1;4;-29,78899396;-51,16360752;"SPRF-RS";"DEL01-RS";"UOP02-DEL01-RS"
747347;2026-01-22;"quinta-feira";"15:15:00";"PE";101;45,1;"IGARASSU";"Manobra de mudança de faixa";"Colisão lateral mesmo sentido";"Sem Vítimas";"Pleno dia";"Crescente";"Céu Claro";"Múltipla";"Reta";"Sim";2;0;0;0;2;0;0;2;-7,867068;-34,906938;"SPRF-PE";"DEL01-PE";"UOP02-DEL01-PE"
747350;2026-01-22;"quinta-feira";"15:00:00";"RJ";40;108;"DUQUE DE CAXIAS";"Acumulo de óleo sobre o pavimento";"Queda de ocupante de veículo";"Com Vítimas Feridas";"Pleno dia";"Decrescente";"Nublado";"Dupla";"Curva";"Não";1;0;1;0;0;0;1;1;-22,67248339;-43,28517894;"SPRF-RJ";"DEL01-RJ";"UOP02-DEL01-RJ"
747352;2026-01-22;"quinta-feira";"15:50:00";"PB";230;21;"JOAO PESSOA";"Ausência de reação do condutor";"Colisão traseira";"Sem Vítimas";"Pleno dia";"Crescente";"Céu Claro";"Dupla";"Reta";"Sim";2;0;0;0;2;0;0;2;-7,15338707;-34,854918;"SPRF-PB";"DEL01-PB";"UOP01-DEL01-PB"
747353;2026-01-22;"quinta-feira";"15:40:00";"RS";116;236;"NOVO HAMBURGO";"Ultrapassagem Indevida";"Colisão lateral mesmo sentido";"Com Vítimas Feridas";"Pleno dia";"Decrescente";"Céu Claro";"Múltipla";"Declive;Viaduto;Reta";"Sim";4;0;2;0;1;1;2;3;-29,66774135;-51,14322351;"SPRF-RS";"DEL01-RS";"UOP02-DEL01-RS"
747354;2026-01-22;"quinta-feira";"15:30:00";"RJ";40;97;"PETROPOLIS";"Pista Escorregadia";"Tombamento";"Com Vítimas Feridas";"Pleno dia";"Crescente";"Garoa/Chuvisco";"Simples";"Curva";"Não";2;0;1;0;1;0;1;1;-22,57001877;-43,2516654;"SPRF-RJ";"DEL01-RJ";"UOP01-DEL01-RJ"
747358;2026-01-22;"quinta-feira";"16:00:00";"BA";324;517;"FEIRA DE SANTANA";"Ultrapassagem Indevida";"Colisão transversal";"Com Vítimas Feridas";"Pleno dia";"Crescente";"Sol";"Simples";"Reta";"Sim";3;0;1;0;2;0;1;2;-12,25757;-38,93228;"SPRF-BA";"DEL02-BA";"UOP01-DEL02-BA"
747360;2026-01-22;"quinta-feira";"16:25:00";"SC";282;530;"CORDILHEIRA ALTA";"Acessar a via sem observar a presença dos outros veículos";"Colisão transversal";"Com Vítimas Feridas";"Pleno dia";"Decrescente";"Céu Claro";"Simples";"Aclive;Curva;Interseção de Vias";"Sim";4;0;1;0;3;0;1;2;-26,98669661;-52,60542202;"SPRF-SC";"DEL07-SC";"UOP01-DEL07-SC"
747361;2026-01-22;"quinta-feira";"16:40:00";"PR";277;112;"CAMPO LARGO";"Ausência de reação do condutor";"Tombamento";"Com Vítimas Feridas";"Pleno dia";"Crescente";"Céu Claro";"Dupla";"Reta;Declive";"Sim";1;0;1;0;0;0;1;1;-25,44329838;-49,45993273;"SPRF-PR";"DEL03-PR";"UOP03-DEL03-PR"
747363;2026-01-22;"quinta-feira";"16:00:00";"PR";376;604,5;"CURITIBA";"Condutor deixou de manter distância do veículo da frente";"Colisão traseira";"Com Vítimas Feridas";"Pleno dia";"Crescente";"Céu Claro";"Dupla";"Reta";"Não";2;0;1;0;1;0;1;2;-25,53854813;-49,31311481;"SPRF-PR";"DEL01-PR";"UOP03-DEL01-PR"