"id";"data_inversa";"dia_semana";"horario";"uf";"br";"km";"municipio";"causa_acidente";"tipo_acidente";"classificacao_acidente";"fase_dia";"sentido_via";"condicao_metereologica";"tipo_pista";"tracado_via";"uso_solo";"pessoas";"mortos";"feridos_leves";"feridos_graves";"ilesos";"ignorados";"feridos";"veiculos";"latitude";"longitude";"regional";"delegacia";"uop"
747364;2026-01-22;"quinta-feira";"17:10:00";"SC";101;148,6;"ITAPEMA";"Reação tardia ou ineficiente do condutor";"Atropelamento de Pedestre";"Com Vítimas Feridas";"Pleno dia";"Crescente";"Céu Claro";"Simples";"Curva;Interseção de Vias";"Sim";4;0;2;1;1;0;3;2;-27,106548;-48,614939;"SPRF-SC";"DEL04-SC";"UOP03-DEL04-SC"
747365;2026-01-22;"quinta-feira";"15:42:00";"MT";163;821;"SINOP";"Reação tardia ou ineficiente do condutor";"Saída de leito carroçável";"Com Vítimas Feridas";"Pleno dia";"Crescente";"Nublado";"Dupla";"Reta;Em Obras";"Sim";1;0;1;0;0;0;1;1;-11,98685;-55,51757;"SPRF-MT";"DEL06-MT";"UOP02-DEL06-MT"
747367;2026-01-22;"quinta-feira";"17:40:00";"PE";316;87,6;"OURICURI";"Ausência de reação do condutor";"Colisão traseira";"Sem Vítimas";"Pleno dia";"Crescente";"Céu Claro";"Simples";"Reta";"Não";3;0;0;0;3;0;0;3;-7,895313;-40,049542;"SPRF-PE";"DEL05-PE";"UOP02-DEL05-PE"
747368;2026-01-22;"quinta-feira";"17:35:00";"RN";101;78,3;"NATAL";"Transitar na contramão";"Colisão transversal";"Com Vítimas Feridas";"Pleno dia";"Decrescente";"Nublado";"Simples";"Reta";"Sim";2;0;1;0;1;0;1;2;-5,7424;-35,289908;"SPRF-RN";"DEL02-RN";"UOP01-DEL02-RN"
747369;2026-01-10;"sábado";"11:30:00";"CE";222;48;"SAO GONCALO DO AMARANTE";"Acessar a via sem observar a presença dos outros veículos";"Colisão transversal";"Com Vítimas Feridas";"Pleno dia";"Crescente";"Céu Claro";"Simples";"Curva";"Não";2;0;1;0;1;0;1;2;-3,667372;-38,981986;"SPRF-CE";"DEL01-CE";"UOP03-DEL01-CE"
747371;2026-01-22;"quinta-feira";"17:10:00";"GO";153;433;"ANAPOLIS";"Animais na Pista";"Atropelamento de Animal";"Com Vítimas Feridas";"Pleno dia";"Decrescente";"Garoa/Chuvisco";"Dupla";"Reta";"Sim";1;0;0;1;0;0;1;1;-16,28377338;-48,95254109;"SPRF-GO";"DEL02-GO";"UOP01-DEL02-GO"
747372;2026-01-22;"quinta-feira";"18:15:00";"RS";153;49,7;"ERECHIM";"Ausência de reação do condutor";"Colisão traseira";"Com Vítimas Feridas";"Pleno dia";"Crescente";"Sol";"Simples";"Reta";"Sim";3;0;0;2;1;0;2;2;-27,65539296;-52,26791739;"SPRF-RS";"DEL08-RS";"UOP04-DEL08-RS"
747373;2026-01-22;"quinta-feira";"17:03:00";"SC";101;119,6;"ITAJAI";"Manobra de mudança de faixa";"Colisão lateral mesmo sentido";"Com Vítimas Feridas";"Pleno dia";"Decrescente";"Céu Claro";"Dupla";"Interseção de Vias;Reta";"Não";2;0;1;0;1;0;1;2;-26,91045152;-48,71282132;"SPRF-SC";"DEL04-SC";"UOP04-DEL04-SC"
747374;2026-01-22;"quinta-feira";"18:00:00";"SC";470;146;"RIO DO SUL";"Acessar a via sem observar a presença dos outros veículos";"Colisão transversal";"Com Vítimas Feridas";"Anoitecer";"Decrescente";"Céu Claro";"Simples";"Curva";"Sim";3;0;2;0;1;0;2;2;-27,17208971;-49,58133044;"SPRF-SC";"DEL04-SC";"UOP02-DEL04-SC"
747377;2026-01-22;"quinta-feira";"17:20:00";"SC";101;36;"JOINVILLE";"Demais falhas mecânicas ou elétricas";"Tombamento";"Com Vítimas Feridas";"Pleno dia";"Crescente";"Nublado";"Dupla";"Reta";"Sim";1;0;1;0;0;0;1;1;-26,27515528;-48,89353149;"SPRF-SC";"DEL03-SC";"UOP01-DEL03-SC"
747378;2026-01-22;"quinta-feira";"18:20:00";"SP";116;216;"GUARULHOS";"Trafegar com motocicleta (ou similar) entre as faixas";"Colisão lateral mesmo sentido";"Com Vítimas Feridas";"Anoitecer";"Decrescente";"Nublado";"Dupla";"Reta";"Sim";2;0;1;0;1;0;1;2;-23,45151109;-46,4652249;"SPRF-SP";"DEL01-SP";"UOP01-DEL01-SP"
747380;2026-01-22;"quinta-feira";"17:10:00";"RJ";465;2;"SEROPEDICA";"Acessar a via sem observar a presença dos outros veículos";"Colisão transversal";"Com Vítimas Feridas";"Pleno dia";"Crescente";"Nublado";"Simples";"Reta";"Não";2;0;1;0;1;0;1;2;-22,72552381;-43,72077942;"SPRF-RJ";"DEL06-RJ";"UOP02-DEL06-RJ"
747381;2026-01-22;"quinta-feira";"15:45:00";"GO";60;41;"ALEXANIA";"Chuva";"Saída de leito carroçável";"Com Vítimas Feridas";"Pleno dia";"Decrescente";"Chuva";"Dupla";"Curva;Declive";"Não";4;0;3;0;1;0;3;1;-16,110421;-48,574573;"SPRF-DF";"DEL03-DF";"UOP01-DEL03-DF"
747382;2026-01-22;"quinta-feira";"18:30:00";"PR";376;149;"PRESIDENTE CASTELO BRANCO";"Frear bruscamente";"Engavetamento";"Com Vítimas Feridas";"Pleno dia";"Decrescente";"Céu Claro";"Dupla";"Reta";"Não";3;0;1;0;2;0;1;3;-23,29198522;-52,12857588;"SPRF-PR";"DEL09-PR";"UOP02-DEL09-PR"
747383;2026-01-22;"quinta-feira";"18:30:00";"ES";101;94,2;"JAGUARE";"Condutor deixou de manter distância do veículo da frente";"Colisão traseira";"Com Vítimas Feridas";"Anoitecer";"Decrescente";"Nublado";"Simples";"Aclive;Reta";"Sim";2;0;1;0;1;0;1;2;-18,93333314;-39,97293647;"SPRF-ES";"DEL04-ES";"UOP02-DEL04-ES"
747384;2026-01-22;"quinta-feira";"18:20:00";"ES";101;296;"CARIACICA";"Manobra de mudança de faixa";"Colisão lateral mesmo sentido";"Com Vítimas Feridas";"Plena Noite";"Crescente";"Chuva";"Múltipla";"Viaduto;Interseção de Vias;Retorno Regulamentado;Reta";"Sim";2;0;1;0;1;0;1;2;-20,3394535;-40,40404483;"SPRF-ES";"DEL01-ES";"UOP01-DEL01-ES"
747387;2026-01-22;"quinta-feira";"18:00:00";"PI";343;348,3;"TERESINA";"Conversão proibida";"Colisão transversal";"Com Vítimas Feridas";"Amanhecer";"Decrescente";"Céu Claro";"Dupla";"Rotatória";"Sim";2;0;0;1;1;0;1;2;-5,12008318;-42,78921515;"SPRF-PI";"DEL01-PI";"UOP01-DEL01-PI"
747389;2026-01-22;"quinta-feira";"18:35:00";"PR";376;185,6;"SARANDI";"Acessar a via sem observar a presença dos outros veículos";"Colisão lateral mesmo sentido";"Com Vítimas Feridas";"Anoitecer";"Crescente";"Céu Claro";"Dupla";"Interseção de Vias;Reta";"Sim";2;0;1;0;1;0;1;2;-23,451465;-51,853925;"SPRF-PR";"DEL09-PR";"UOP01-DEL09-PR"
747390;2026-01-22;"quinta-feira";"19:09:00";"PE";101;42,9;"IGARASSU";"Desrespeitar a preferência no cruzamento";"Colisão transversal";"Sem Vítimas";"Plena Noite";"Decrescente";"Céu Claro";"Múltipla";"Reta;Interseção de Vias";"Sim";2;0;0;0;2;0;0;2;-7,84494;-34,910664;"SPRF-PE";"DEL01-PE";"UOP02-DEL01-PE"
747392;2026-01-22;"quinta-feira";"19:30:00";"RN";110;36,5;"MOSSORO";"Animais na Pista";"Atropelamento de Animal";"Com Vítimas Feridas";"Plena Noite";"Crescente";"Céu Claro";"Simples";"Reta;Ponte";"Não";1;0;0;1;0;0;1;1;-5,168787;-37,238832;"SPRF-RN";"DEL04-RN";"UOP01-DEL04-RN"
747393;2026-01-22;"quinta-feira";"19:35:00";"SC";280;29;"ARAQUARI";"Acessar a via sem observar a presença dos outros veículos";"Colisão transversal";"Com Vítimas Feridas";"Plena Noite";"Crescente";"Céu Claro";"Simples";"Reta";"Sim";2;0;0;1;1;0;1;2;-26,40857848;-48,7502167;"SPRF-SC";"DEL03-SC";"UOP03-DEL03-SC"
747395;2026-01-22;"quinta-feira";"19:20:00";"SP";116;222;"GUARULHOS";"Ausência de reação do condutor";"Tombamento";"Com Vítimas Feridas";"Plena Noite";"Decrescente";"Nublado";"Múltipla";"Reta";"Sim";1;0;1;0;0;0;1;1;-23,47547365;-46,52474849;"SPRF-SP";"DEL01-SP";"UOP01-DEL01-SP"
747396;2026-01-22;"quinta-feira";"19:20:00";"MG";381;449,8;"BELO HORIZONTE";"Condutor deixou de manter distância do veículo da frente";"Colisão traseira";"Com Vítimas Feridas";"Plena Noite";"Crescente";"Chuva";"Dupla";"Aclive;Reta";"Sim";3;0;2;0;1;0;2;2;-19,847295;-43,88687;"SPRF-MG";"DEL01-MG";"UOP01-DEL01-MG"
747397;2026-01-22;"quinta-feira";"18:45:00";"BA";101;781,1;"PORTO SEGURO";"Velocidade Incompatível";"Colisão transversal";"Com Vítimas Fatais";"Plena Noite";"Decrescente";"Nublado";"Simples";"Reta";"Não";2;1;0;0;1;0;0;2;-16,82322;-39,480393;"SPRF-BA";"DEL09-BA";"UOP01-DEL09-BA"
747398;2026-01-22;"quinta-feira";"17:45:00";"MG";381;932,5;"EXTREMA";"Reação tardia ou ineficiente do condutor";"Saída de leito carroçável";"Sem Vítimas";"Anoitecer";"Crescente";"Chuva";"Dupla";"Curva";"Não";3;0;0;0;3;0;0;1;-22,788342;-46,244301;"SPRF-MG";"DEL16-MG";"UOP03-DEL16-MG"
747399;2026-01-22;"quinta-feira";"15:15:00";"MG";40;38,3;"PARACATU";"Manobra de mudança de faixa";"Colisão frontal";"Com Vítimas Fatais";"Pleno dia";"Decrescente";"Chuva";"Simples";"Reta;Declive";"Sim";5;2;3;0;0;0;3;2;-17,210758;-46,896708;"SPRF-MG";"DEL14-MG";"UOP01-DEL14-MG"
747400;2026-01-22;"quinta-feira";"21:07:00";"PE";101;69;"RECIFE";"Ausência de reação do condutor";"Colisão lateral mesmo sentido";"Com Vítimas Feridas";"Plena Noite";"Crescente";"Céu Claro";"Dupla";"Reta";"Não";2;0;1;0;1;0;1;2;-8,06523;-34,94389;"SPRF-PE";"DEL01-PE";"UOP01-DEL01-PE"
747403;2026-01-22;"quinta-feira";"20:10:00";"BA";418;83;"NOVA VICOSA";"Pista esburacada";"Capotamento";"Com Vítimas Feridas";"Plena Noite";"Decrescente";"Nublado";"Simples";"Reta";"Não";1;0;1;0;0;0;1;1;-17,89383648;-39,81213284;"SPRF-BA";"DEL09-BA";"UOP02-DEL09-BA"
747405;2026-01-22;"quinta-feira";"21:35:00";"PE";101;69,1;"RECIFE";"Condutor Dormindo";"Saída de leito carroçável";"Sem Vítimas";"Plena Noite";"Decrescente";"Nublado";"Dupla";"Reta";"Sim";1;0;0;0;1;0;0;1;-8,0609;-34,94554;"SPRF-PE";"DEL01-PE";"UOP01-DEL01-PE"
747407;2026-01-22;"quinta-feira";"20:24:00";"MA";135;70;"SANTA RITA";"Ausência de reação do condutor";"Colisão traseira";"Sem Vítimas";"Plena Noite";"Crescente";"Céu Claro";"Dupla";"Reta";"Sim";2;0;0;0;1;1;0;2;-3,13998532;-44,32544086;"SPRF-MA";"DEL01-MA";"UOP02-DEL01-MA"
747408;2026-01-22;"quinta-feira";"21:30:00";"MG";381;646,3;"SANTO ANTONIO DO AMPARO";"Velocidade Incompatível";"Colisão traseira";"Sem Vítimas";"Plena Noite";"Crescente";"Chuva";"Dupla";"Curva";"Não";2;0;0;0;2;0;0;2;-20,94613008;-44,8816824;"SPRF-MG";"DEL04-MG";"UOP02-DEL04-MG"
747412;2026-01-22;"quinta-feira";"18:00:00";"PR";116;11;"COLOMBO";"Ausência de reação do condutor";"Tombamento";"Com Vítimas Feridas";"Pleno dia";"Crescente";"Céu Claro";"Dupla";"Declive;Reta";"Não";1;0;1;0;0;0;1;1;-25,371753;-49,132867;"SPRF-PR";"DEL01-PR";"UOP02-DEL01-PR"
747413;2026-01-22;"quinta-feira";"15:15:00";"MA";0;0;"ACAILANDIA";"Desrespeitar a preferência no cruzamento";"Colisão transversal";"Com Vítimas Feridas";"Pleno dia";"Não Informado";"Céu Claro";"Simples";"Interseção de Vias";"Sim";4;0;1;0;3;0;1;2;-4,689075;-46,985763;"SPRF-MA";"DEL04-MA";"UOP03-DEL04-MA"
747415;2026-01-22;"quinta-feira";"22:40:00";"MG";40;502;"ESMERALDAS";"Chuva";"Saída de leito carroçável";"Com Vítimas Feridas";"Plena Noite";"Crescente";"Chuva";"Dupla";"Aclive";"Não";1;0;1;0;0;0;1;1;-19,715517;-44,160167;"SPRF-MG";"DEL02-MG";"UOP01-DEL02-MG"
747416;2026-01-22;"quinta-feira";"22:15:00";"SC";280;128,6;"RIO NEGRINHO";"Ingestão de álcool pelo condutor";"Colisão transversal";"Com Vítimas Feridas";"Plena Noite";"Decrescente";"Céu Claro";"Simples";"Aclive;Reta";"Sim";3;0;1;0;2;0;1;3;-26,24505;-49,51915;"SPRF-SC";"DEL06-SC";"UOP03-DEL06-SC"
747417;2026-01-22;"quinta-feira";"22:30:00";"RJ";101;565;"PARATY";"Condutor deixou de manter distância do veículo da frente";"Colisão traseira";"Com Vítimas Feridas";"Plena Noite";"Decrescente";"Chuva";"Simples";"Reta";"Sim";2;0;1;0;1;0;1;2;-23,1542501;-44,69993591;"SPRF-RJ";"DEL03-RJ";"UOP04-DEL03-RJ"
747419;2026-01-22;"quinta-feira";"23:00:00";"PI";316;3;"TERESINA";"Reação tardia ou ineficiente do condutor";"Colisão traseira";"Com Vítimas Fatais";"Pleno dia";"Decrescente";"Céu Claro";"Múltipla";"Reta";"Sim";2;1;0;0;0;1;0;2;-5,130823;-42,791965;"SPRF-PI";"DEL01-PI";"UOP02-DEL01-PI"
747420;2026-01-22;"quinta-feira";"19:20:00";"BA";324;616;"SALVADOR";"Acessar a via sem observar a presença dos outros veículos";"Colisão traseira";"Com Vítimas Feridas";"Plena Noite";"Decrescente";"Céu Claro";"Dupla";"Interseção de Vias;Reta";"Sim";3;0;2;0;0;1;2;2;-12,8868456;-38,4390216;"SPRF-BA";"DEL01-BA";"UOP01-DEL01-BA"
747421;2026-01-22;"quinta-feira";"19:30:00";"GO";60;280;"JANDAIA";"Velocidade Incompatível";"Saída de leito carroçável";"Com Vítimas Feridas";"Anoitecer";"Crescente";"Nublado";"Dupla";"Curva";"Não";1;0;1;0;0;0;1;1;-17,252313;-50,220593;"SPRF-GO";"DEL04-GO";"UOP02-DEL04-GO"
747422;2026-01-22;"quinta-feira";"22:40:00";"GO";60;99;"ANAPOLIS";"Avarias e/ou desgaste excessivo no pneu";"Queda de ocupante de veículo";"Com Vítimas Feridas";"Plena Noite";"Crescente";"Garoa/Chuvisco";"Dupla";"Reta";"Sim";1;0;1;0;0;0;1;1;-16,38817;-48,9565;"SPRF-GO";"DEL02-GO";"UOP01-DEL02-GO"
747427;2026-01-23;"sexta-feira";"00:05:00";"SC";101;197;"BIGUACU";"Ingestão de álcool pelo condutor";"Saída de leito carroçável";"Sem Vítimas";"Plena Noite";"Crescente";"Céu Claro";"Dupla";"Reta";"Sim";1;0;0;0;1;0;0;1;-27,51473;-48,63985;"SPRF-SC";"DEL01-SC";"UOP01-DEL01-SC"
747428;2026-01-23;"sexta-feira";"00:19:00";"SC";101;102,2;"BALNEARIO PICARRAS";"Reação tardia ou ineficiente do condutor";"Colisão traseira";"Com Vítimas Feridas";"Plena Noite";"Decrescente";"Nublado";"Dupla";"Reta";"Sim";2;0;1;0;1;0;1;2;-26,77734236;-48,685166;"SPRF-SC";"DEL03-SC";"UOP02-DEL03-SC"
747430;2026-01-23;"sexta-feira";"00:05:00";"RS";293;2,8;"PELOTAS";"Ausência de reação do condutor";"Colisão transversal";"Com Vítimas Feridas";"Plena Noite";"Crescente";"Céu Claro";"Simples";"Rotatória";"Sim";2;0;1;0;1;0;1;2;-31,74140222;-52,3639497;"SPRF-RS";"DEL07-RS";"UOP01-DEL07-RS"
747432;2026-01-23;"sexta-feira";"00:25:00";"MG";381;929,9;"ITAPEVA";"Chuva";"Colisão com objeto";"Com Vítimas Feridas";"Plena Noite";"Crescente";"Garoa/Chuvisco";"Dupla";"Curva;Declive";"Não";6;0;1;2;2;1;3;2;-22,774866;-46,238681;"SPRF-MG";"DEL16-MG";"UOP03-DEL16-MG"
747433;2026-01-23;"sexta-feira";"00:10:00";"MG";262;758;"UBERABA";"Ausência de reação do condutor";"Saída de leito carroçável";"Sem Vítimas";"Plena Noite";"Crescente";"Garoa/Chuvisco";"Simples";"Reta";"Não";1;0;0;0;1;0;0;1;-19,68599;-47,67814;"SPRF-MG";"DEL13-MG";"UOP01-DEL13-MG"
747435;2026-01-23;"sexta-feira";"00:15:00";"PI";343;339,7;"TERESINA";"Avarias e/ou desgaste excessivo no pneu";"Colisão com objeto";"Com Vítimas Feridas";"Plena Noite";"Decrescente";"Chuva";"Dupla";"Curva";"Sim";2;0;0;1;1;0;1;1;-5,07257063;-42,73471925;"SPRF-PI";"DEL01-PI";"UOP01-DEL01-PI"
747436;2026-01-23;"sexta-feira";"02:01:00";"GO";50;273;"CATALAO";"Ausência de reação do condutor";"Saída de leito carroçável";"Com Vítimas Feridas";"Plena Noite";"Decrescente";"Garoa/Chuvisco";"Dupla";"Reta";"Sim";4;0;0;2;2;0;2;1;-18,133158;-47,904921;"SPRF-GO";"DEL06-GO";"UOP01-DEL06-GO"
747437;2026-01-23;"sexta-feira";"03:30:00";"BA";101;178;"SAO GONCALO DOS CAMPOS";"Animais na Pista";"Atropelamento de Animal";"Com Vítimas Feridas";"Plena Noite";"Decrescente";"Céu Claro";"Simples";"Reta";"Não";1;0;1;0;0;0;1;1;-12,4643586;-38,9346773;"SPRF-BA";"DEL01-BA";"UOP03-DEL01-BA"
747441;2026-01-23;"sexta-feira";"03:46:00";"MS";163;300;"DOURADINA";"Demais falhas mecânicas ou elétricas";"Incêndio";"Sem Vítimas";"Plena Noite";"Crescente";"Céu Claro";"Simples";"Reta";"Não";1;0;0;0;0;1;0;1;-21,930609;-54,534265;"SPRF-MS";"DEL02-MS";"UOP02-DEL02-MS"
747442;2026-01-23;"sexta-feira";"04:15:00";"RS";290;74,7;"GRAVATAI";"Reação tardia ou ineficiente do condutor";"Saída de leito carroçável";"Sem Vítimas";"Plena Noite";"Decrescente";"Céu Claro";"Múltipla";"Curva";"Não";1;0;0;0;0;1;0;1;-29,9549428;-51,00216525;"SPRF-RS";"DEL01-RS";"UOP01-DEL01-RS"
747443;2026-01-23;"sexta-feira";"04:55:00";"ES";101;245,8;"SERRA";"Demais falhas na via";"Queda de ocupante de veículo";"Com Vítimas Feridas";"Amanhecer";"Crescente";"Nublado";"Dupla";"Aclive;Reta;Em Obras";"Não";2;0;1;0;1;0;1;1;-20,062596;-40,376681;"SPRF-ES";"DEL02-ES";"UOP01-DEL02-ES"
747445;2026-01-23;"sexta-feira";"00:20:00";"SP";116;227;"GUARULHOS";"Reação tardia ou ineficiente do condutor";"Colisão com objeto";"Com Vítimas Feridas";"Plena Noite";"Crescente";"Céu Claro";"Dupla";"Declive";"Não";1;0;1;0;0;0;1;1;-23,49642;-46,558232;"SPRF-SP";"DEL01-SP";"UOP01-DEL01-SP"
747446;2026-01-23;"sexta-feira";"02:45:00";"SP";116;212;"GUARULHOS";"Ausência de reação do condutor";"Queda de ocupante de veículo";"Com Vítimas Feridas";"Plena Noite";"Decrescente";"Céu Claro";"Múltipla";"Reta";"Não";3;0;2;0;0;1;2;2;-23,43726807;-46,4310658;"SPRF-SP";"DEL01-SP";"UOP01-DEL01-SP"
747450;2026-01-23;"sexta-feira";"06:20:00";"PR";277;584;"CASCAVEL";"Desrespeitar a preferência no cruzamento";"Colisão transversal";"Com Vítimas Feridas";"Amanhecer";"Crescente";"Céu Claro";"Simples";"Interseção de Vias";"Sim";2;0;2;0;0;0;2;2;-24,9774431;-53,3837544;"SPRF-PR";"DEL04-PR";"UOP01-DEL04-PR"
747454;2026-01-23;"sexta-feira";"06:50:00";"SP";116;219;"GUARULHOS";"Reação tardia ou ineficiente do condutor";"Colisão com objeto";"Com Vítimas Feridas";"Amanhecer";"Decrescente";"Nublado";"Múltipla";"Reta";"Sim";1;0;1;0;0;0;1;1;-23,46379064;-46,49477958;"SPRF-SP";"DEL01-SP";"UOP01-DEL01-SP"
747456;2026-01-23;"sexta-feira";"06:00:00";"TO";242;260;"PEIXE";"Animais na Pista";"Atropelamento de Animal";"Com Vítimas Fatais";"Amanhecer";"Decrescente";"Nublado";"Simples";"Reta";"Não";2;2;0;0;0;0;0;1;-12,18646;-48,30196167;"SPRF-TO";"DEL01-TO";"UOP02-DEL01-TO"
747457;2026-01-23;"sexta-feira";"07:24:00";"SP";116;360;"MIRACATU";"Pista Escorregadia";"Tombamento";"Com Vítimas Feridas";"Pleno dia";"Crescente";"Nublado";"Dupla";"Reta;Declive;Viaduto";"Não";2;0;1;1;0;0;2;1;-24,12011832;-47,26850458;"SPRF-SP";"DEL04-SP";"UOP03-DEL04-SP"
747459;2026-01-23;"sexta-feira";"04:30:00";"PR";153;352;"REBOUCAS";"Ausência de reação do condutor";"Saída de leito carroçável";"Sem Vítimas";"Plena Noite";"Crescente";"Céu Claro";"Simples";"Reta";"Não";1;0;0;0;0;1;0;1;-25,62604977;-50,71967125;"SPRF-PR";"DEL08-PR";"UOP02-DEL08-PR"
747460;2026-01-23;"sexta-feira";"06:55:00";"BA";324;620,2;"SALVADOR";"Entrada inopinada do pedestre";"Queda de ocupante de veículo";"Com Vítimas Feridas";"Pleno dia";"Decrescente";"Sol";"Múltipla";"Reta";"Sim";2;0;1;0;1;0;1;1;-12,91626087;-38,4620297;"SPRF-BA";"DEL01-BA";"UOP01-DEL01-BA"
747461;2026-01-19;"segunda-feira";"03:03:00";"BA";324;606;"SIMOES FILHO";"Reação tardia ou ineficiente do condutor";"Colisão traseira";"Sem Vítimas";"Plena Noite";"Decrescente";"Céu Claro";"Dupla";"Declive;Reta";"Sim";2;0;0;0;2;0;0;2;-12,81465061;-38,40628052;"SPRF-BA";"DEL01-BA";"UOP01-DEL01-BA"
747462;2026-01-23;"sexta-feira";"07:30:00";"SC";282;1,6;"FLORIANOPOLIS";"Trafegar com motocicleta (ou similar) entre as faixas";"Colisão lateral mesmo sentido";"Com Vítimas Feridas";"Pleno dia";"Decrescente";"Céu Claro";"Múltipla";"Reta";"Sim";2;0;1;0;0;1;1;2;-27,60362718;-48,58640783;"SPRF-SC";"DEL01-SC";"UOP01-DEL01-SC"
747463;2026-01-23;"sexta-feira";"07:10:00";"SP";116;150,8;"SAO JOSE DOS CAMPOS";"Reação tardia ou ineficiente do condutor";"Colisão traseira";"Com Vítimas Feridas";"Pleno dia";"Crescente";"Nublado";"Múltipla";"Aclive;Reta";"Sim";2;0;1;0;1;0;1;2;-23,21455628;-45,89453506;"SPRF-SP";"DEL02-SP";"UOP01-DEL02-SP"
747466;2026-01-23;"sexta-feira";"08:00:00";"PR";369;165;"CAMBE";"Reação tardia ou ineficiente do condutor";"Colisão traseira";"Com Vítimas Feridas";"Pleno dia";"Crescente";"Céu Claro";"Dupla";"Reta";"Não";3;0;1;0;2;0;1;3;-23,29506;-51,302237;"SPRF-PR";"DEL07-PR";"UOP01-DEL07-PR"
747467;2026-01-23;"sexta-feira";"07:45:00";"PR";369;165,9;"CAMBE";"Reação tardia ou ineficiente do condutor";"Colisão lateral mesmo sentido";"Com Vítimas Feridas";"Pleno dia";"Crescente";"Céu Claro";"Dupla";"Aclive;Reta";"Sim";2;0;0;1;0;1;1;2;-23,295227;-51,303163;"SPRF-PR";"DEL07-PR";"UOP01-DEL07-PR"
747468;2026-01-23;"sexta-feira";"00:08:00";"PB";230;5;"CABEDELO";"Condutor deixou de manter distância do veículo da frente";"Colisão traseira";"Sem Vítimas";"Plena Noite";"Decrescente";"Céu Claro";"Dupla";"Declive;Reta";"Sim";2;0;0;0;1;1;0;2;-7,01590497;-34,83442502;"SPRF-PB";"DEL01-PB";"UOP01-DEL01-PB"
747469;2026-01-23;"sexta-feira";"07:15:00";"RS";392;8;"RIO GRANDE";"Retorno proibido";"Colisão traseira";"Com Vítimas Feridas";"Pleno dia";"Crescente";"Céu Claro";"Simples";"Reta";"Sim";2;0;0;1;1;0;1;2;-32,102233;-52,110591;"SPRF-RS";"DEL07-RS";"UOP02-DEL07-RS"
747470;2026-01-23;"sexta-feira";"07:40:00";"RS";153;49;"ERECHIM";"Ausência de reação do condutor";"Colisão traseira";"Com Vítimas Feridas";"Pleno dia";"Crescente";"Céu Claro";"Simples";"Curva;Declive";"Sim";2;0;1;0;1;0;1;2;-27,65350182;-52,26155519;"SPRF-RS";"DEL08-RS";"UOP04-DEL08-RS"
747471;2026-01-23;"sexta-feira";"08:20:00";"GO";153;437;"ANAPOLIS";"Pista esburacada";"Tombamento";"Com Vítimas Feridas";"Pleno dia";"Decrescente";"Garoa/Chuvisco";"Simples";"Desvio Temporário;Reta";"Sim";1;0;1;0;0;0;1;1;-16,299435;-48,92712;"SPRF-GO";"DEL02-GO";"UOP01-DEL02-GO"
747472;2026-01-23;"sexta-feira";"07:50:00";"MG";381;671,5;"PERDOES";"Velocidade Incompatível";"Saída de leito carroçável";"Com Vítimas Feridas";"Pleno dia";"Crescente";"Garoa/Chuvisco";"Dupla";"Curva;Declive";"Não";3;0;3;0;0;0;3;1;-21,06587929;-45,05263567;"SPRF-MG";"DEL04-MG";"UOP02-DEL04-MG"
747473;2026-01-23;"sexta-feira";"07:30:00";"SP";116;114;"TAUBATE";"Pista Escorregadia";"Queda de ocupante de veículo";"Com Vítimas Feridas";"Pleno dia";"Decrescente";"Garoa/Chuvisco";"Dupla";"Reta";"Sim";1;0;1;0;0;0;1;1;-23,0426689;-45,57490317;"SPRF-SP";"DEL02-SP";"UOP02-DEL02-SP"
747474;2026-01-23;"sexta-feira";"07:00:00";"MS";267;481;"JARDIM";"Reação tardia ou ineficiente do condutor";"Atropelamento de Pedestre";"Com Vítimas Feridas";"Pleno dia";"Decrescente";"Céu Claro";"Simples";"Interseção de Vias;Curva";"Sim";2;0;1;0;0;1;1;2;-21,481957;-56,141778;"SPRF-MS";"DEL05-MS";"UOP01-DEL05-MS"
747476;2026-01-23;"sexta-feira";"08:17:00";"PR";116;115;"CURITIBA";"Ultrapassagem Indevida";"Atropelamento de Pedestre";"Com Vítimas Feridas";"Pleno dia";"Decrescente";"Nublado";"Múltipla";"Reta";"Sim";4;0;0;1;3;0;1;2;-25,5489989;-49,3042789;"SPRF-PR";"DEL01-PR";"UOP03-DEL01-PR"
747478;2026-01-23;"sexta-feira";"08:15:00";"GO";153;491;"GOIANIA";"Reação tardia ou ineficiente do condutor";"Queda de ocupante de veículo";"Com Vítimas Feridas";"Pleno dia";"Crescente";"Chuva";"Dupla";"Reta";"Sim";1;0;1;0;0;0;1;1;-16,628377;-49,205704;"SPRF-GO";"DEL01-GO";"UOP01-DEL01-GO"
747480;2026-01-23;"sexta-feira";"07:30:00";"MT";364;253;"JUSCIMEIRA";"Acostamento em desnível";"Tombamento";"Com Vítimas Feridas";"Pleno dia";"Decrescente";"Céu Claro";"Dupla";"Reta";"Não";1;0;0;1;0;0;1;1;-16,09774968;-54,86614326;"SPRF-MT";"DEL02-MT";"UOP01-DEL02-MT"
747481;2026-01-23;"sexta-feira";"08:30:00";"PR";376;595;"CURITIBA";"Manobra de mudança de faixa";"Colisão lateral mesmo sentido";"Com Vítimas Feridas";"Pleno dia";"Decrescente";"Céu Claro";"Dupla";"Reta";"Sim";2;0;1;0;0;1;1;2;-25,4641176;-49,3572541;"SPRF-PR";"DEL01-PR";"UOP03-DEL01-PR"