"id";"data_inversa";"dia_semana";"horario";"uf";"br";"km";"municipio";"causa_acidente";"tipo_acidente";"classificacao_acidente";"fase_dia";"sentido_via";"condicao_metereologica";"tipo_pista";"tracado_via";"uso_solo";"pessoas";"mortos";"feridos_leves";"feridos_graves";"ilesos";"ignorados";"feridos";"veiculos";"latitude";"longitude";"regional";"delegacia";"uop"
747482;2026-01-23;"sexta-feira";"08:22:00";"PE";232;221,3;"PESQUEIRA";"Conversão proibida";"Colisão traseira";"Com Vítimas Fatais";"Pleno dia";"Crescente";"Céu Claro";"Simples";"Reta";"Não";5;1;0;1;3;0;1;2;-8,401721;-36,796044;"SPRF-PE";"DEL03-PE";"UOP02-DEL03-PE"
747484;2026-01-23;"sexta-feira";"08:10:00";"CE";304;13,4;"BEBERIBE";"Acessar a via sem observar a presença dos outros veículos";"Colisão traseira";"Com Vítimas Feridas";"Pleno dia";"Decrescente";"Céu Claro";"Dupla";"Reta";"Não";2;0;2;0;0;0;2;2;-4,587;-38,091;"SPRF-CE";"DEL03-CE";"UOP02-DEL03-CE"
747485;2026-01-23;"sexta-feira";"09:30:00";"SP";116;112;"TAUBATE";"Trafegar com motocicleta (ou similar) entre as faixas";"Colisão traseira";"Com Vítimas Feridas";"Pleno dia";"Decrescente";"Nublado";"Dupla";"Reta";"Sim";2;0;1;0;1;0;1;2;-23,04264989;-45,57597637;"SPRF-SP";"DEL02-SP";"UOP02-DEL02-SP"
747486;2026-01-23;"sexta-feira";"08:30:00";"MG";251;495,9;"FRANCISCO SA";"Velocidade Incompatível";"Saída de leito carroçável";"Com Vítimas Feridas";"Pleno dia";"Crescente";"Céu Claro";"Simples";"Declive;Reta";"Não";2;0;2;0;0;0;2;1;-16,60113988;-43,58843923;"SPRF-MG";"DEL12-MG";"UOP01-DEL12-MG"
747487;2026-01-18;"domingo";"10:30:00";"SC";101;121,6;"ITAJAI";"Reação tardia ou ineficiente do condutor";"Engavetamento";"Com Vítimas Feridas";"Pleno dia";"Decrescente";"Céu Claro";"Dupla";"Reta";"Não";16;0;9;1;5;1;10;8;-26,923863;-48,707134;"SPRF-SC";"DEL04-SC";"UOP04-DEL04-SC"
747488;2026-01-23;"sexta-feira";"07:40:00";"SC";153;104,1;"CONCORDIA";"Velocidade Incompatível";"Saída de leito carroçável";"Com Vítimas Feridas";"Pleno dia";"Decrescente";"Céu Claro";"Simples";"Reta";"Não";1;0;1;0;0;0;1;1;-27,28241687;-51,96916454;"SPRF-SC";"DEL07-SC";"UOP04-DEL07-SC"
747489;2026-01-23;"sexta-feira";"06:28:00";"MT";163;779;"SORRISO";"Ausência de reação do condutor";"Saída de leito carroçável";"Com Vítimas Feridas";"Pleno dia";"Crescente";"Céu Claro";"Dupla";"Reta";"Não";1;0;0;1;0;0;1;1;-12,65731071;-55,79000283;"SPRF-MT";"DEL06-MT";"UOP02-DEL06-MT"
747492;2026-01-23;"sexta-feira";"10:55:00";"RS";392;55,9;"RIO GRANDE";"Demais falhas mecânicas ou elétricas";"Tombamento";"Com Vítimas Feridas";"Pleno dia";"Crescente";"Céu Claro";"Dupla";"Reta";"Não";2;0;2;0;0;0;2;1;-31,8520383;-52,3265848;"SPRF-RS";"DEL07-RS";"UOP02-DEL07-RS"
747495;2026-01-23;"sexta-feira";"08:25:00";"RO";364;529,6;"ARIQUEMES";"Animais na Pista";"Atropelamento de Animal";"Sem Vítimas";"Pleno dia";"Decrescente";"Nublado";"Simples";"Aclive;Reta";"Não";1;0;0;0;1;0;0;1;-9,800898;-63,085192;"SPRF-RO";"DEL03-RO";"UOP01-DEL03-RO"
747496;2026-01-23;"sexta-feira";"11:28:00";"PI";343;340,4;"TERESINA";"Acumulo de água sobre o pavimento";"Tombamento";"Com Vítimas Feridas";"Pleno dia";"Crescente";"Chuva";"Dupla";"Reta";"Sim";1;0;1;0;0;0;1;1;-5,07618;-42,739694;"SPRF-PI";"DEL01-PI";"UOP01-DEL01-PI"
747497;2026-01-23;"sexta-feira";"10:00:00";"MG";365;423;"PATOS DE MINAS";"Acumulo de água sobre o pavimento";"Saída de leito carroçável";"Com Vítimas Feridas";"Pleno dia";"Decrescente";"Chuva";"Simples";"Curva";"Não";2;0;1;0;1;0;1;1;-18,71742;-46,61195;"SPRF-MG";"DEL10-MG";"UOP01-DEL10-MG"
747500;2026-01-23;"sexta-feira";"10:40:00";"SP";0;0;"APARECIDA";"Manobra de mudança de faixa";"Colisão frontal";"Com Vítimas Feridas";"Pleno dia";"Não Informado";"Nublado";"Simples";"Curva;Aclive";"Sim";2;0;1;0;1;0;1;2;-22,87019465;-45,2578032;"SPRF-SP";"DEL08-SP";"N/A"
747503;2026-01-23;"sexta-feira";"11:10:00";"BA";110;361;"CATU";"Ausência de reação do condutor";"Colisão traseira";"Com Vítimas Feridas";"Pleno dia";"Decrescente";"Céu Claro";"Simples";"Reta";"Sim";3;0;1;0;2;0;1;2;-12,31137536;-38,3744545;"SPRF-BA";"DEL01-BA";"UOP04-DEL01-BA"
747504;2026-01-23;"sexta-feira";"12:00:00";"SC";101;106,1;"PENHA";"Ausência de reação do condutor";"Colisão lateral mesmo sentido";"Com Vítimas Feridas";"Pleno dia";"Crescente";"Céu Claro";"Dupla";"Reta";"Não";2;0;1;0;1;0;1;2;-26,80895617;-48,6823496;"SPRF-SC";"DEL03-SC";"UOP02-DEL03-SC"
747505;2026-01-23;"sexta-feira";"12:15:00";"SC";282;128;"BOM RETIRO";"Ingestão de álcool pelo condutor";"Saída de leito carroçável";"Com Vítimas Feridas";"Pleno dia";"Decrescente";"Céu Claro";"Simples";"Curva";"Não";1;0;1;0;0;0;1;1;-27,803262;-49,492016;"SPRF-SC";"DEL05-SC";"UOP01-DEL05-SC"
747508;2026-01-23;"sexta-feira";"12:00:00";"PR";163;339,2;"GUAIRA";"Ultrapassagem Indevida";"Colisão frontal";"Com Vítimas Fatais";"Pleno dia";"Crescente";"Céu Claro";"Simples";"Curva;Aclive";"Não";7;2;0;4;0;1;4;3;-24,14863327;-54,23830032;"SPRF-PR";"DEL06-PR";"UOP01-DEL06-PR"
747511;2026-01-09;"sexta-feira";"20:20:00";"SC";101;120;"ITAJAI";"Manobra de mudança de faixa";"Colisão lateral mesmo sentido";"Com Vítimas Feridas";"Plena Noite";"Crescente";"Céu Claro";"Dupla";"Reta";"Sim";2;0;1;0;1;0;1;2;-26,92275337;-48,70784509;"SPRF-SC";"DEL04-SC";"UOP04-DEL04-SC"
747512;2026-01-23;"sexta-feira";"12:50:00";"DF";20;19,5;"BRASILIA";"Acessar a via sem observar a presença dos outros veículos";"Colisão transversal";"Com Vítimas Feridas";"Pleno dia";"Crescente";"Nublado";"Dupla";"Reta;Declive";"Sim";2;0;0;1;1;0;1;2;-15,61014841;-47,69711495;"SPRF-DF";"DEL02-DF";"UOP01-DEL02-DF"
747513;2026-01-04;"domingo";"10:36:00";"ES";101;307;"VIANA";"Manobra de mudança de faixa";"Colisão lateral mesmo sentido";"Com Vítimas Feridas";"Pleno dia";"Crescente";"Céu Claro";"Dupla";"Curva";"Não";6;0;2;0;3;1;2;3;-20,39985688;-40,45588659;"SPRF-ES";"DEL01-ES";"UOP01-DEL01-ES"
747516;2026-01-23;"sexta-feira";"12:36:00";"TO";153;547;"NOVA ROSALANDIA";"Condutor Dormindo";"Saída de leito carroçável";"Com Vítimas Feridas";"Pleno dia";"Decrescente";"Chuva";"Simples";"Reta";"Não";3;0;1;0;2;0;1;1;-10,619213;-48,911378;"SPRF-TO";"DEL01-TO";"UOP01-DEL01-TO"
747517;2026-01-23;"sexta-feira";"11:15:00";"MT";364;198;"RONDONOPOLIS";"Acessar a via sem observar a presença dos outros veículos";"Colisão frontal";"Com Vítimas Feridas";"Pleno dia";"Crescente";"Céu Claro";"Simples";"Reta";"Sim";2;0;0;2;0;0;2;2;-16,51726639;-54,60330966;"SPRF-MT";"DEL02-MT";"UOP01-DEL02-MT"
747518;2026-01-18;"domingo";"00:40:00";"RS";290;108;"ELDORADO DO SUL";"Ausência de reação do condutor";"Saída de leito carroçável";"Sem Vítimas";"Plena Noite";"Decrescente";"Chuva";"Dupla";"Reta";"Sim";1;0;0;0;1;0;0;1;-30,007465;-51,3133511;"SPRF-RS";"DEL02-RS";"UOP01-DEL02-RS"
747521;2026-01-23;"sexta-feira";"13:00:00";"PE";232;39;"VITORIA DE SANTO ANTAO";"Mal súbito do condutor";"Saída de leito carroçável";"Com Vítimas Fatais";"Pleno dia";"Crescente";"Sol";"Dupla";"Reta";"Não";1;1;0;0;0;0;0;1;-8,11413553;-35,24132967;"SPRF-PE";"DEL02-PE";"UOP02-DEL02PE"
747526;2026-01-18;"domingo";"06:40:00";"PR";369;156;"LONDRINA";"Acesso irregular";"Colisão frontal";"Com Vítimas Feridas";"Amanhecer";"Crescente";"Céu Claro";"Dupla";"Interseção de Vias;Reta";"Sim";2;0;1;0;1;0;1;2;-23,29399528;-51,21158687;"SPRF-PR";"DEL07-PR";"UOP01-DEL07-PR"
747527;2026-01-23;"sexta-feira";"13:10:00";"MA";135;4;"SAO LUIS";"Reação tardia ou ineficiente do condutor";"Engavetamento";"Sem Vítimas";"Pleno dia";"Decrescente";"Nublado";"Dupla";"Reta";"Sim";5;0;0;0;5;0;0;3;-2,613324;-44,251593;"SPRF-MA";"DEL01-MA";"UOP01-DEL01-MA"
747528;2026-01-23;"sexta-feira";"14:00:00";"SP";101;20;"UBATUBA";"Ausência de reação do condutor";"Colisão traseira";"Com Vítimas Feridas";"Pleno dia";"Crescente";"Nublado";"Simples";"Reta";"Não";3;0;2;0;1;0;2;2;-23,32394697;-44,90964101;"SPRF-SP";"DEL06-SP";"UOP01-DEL06-SP"
747529;2026-01-23;"sexta-feira";"14:40:00";"PB";230;43;"SANTA RITA";"Avarias e/ou desgaste excessivo no pneu";"Tombamento";"Com Vítimas Feridas";"Pleno dia";"Decrescente";"Sol";"Dupla";"Reta";"Não";1;0;1;0;0;0;1;1;-7,15283423;-35,00942588;"SPRF-PB";"DEL01-PB";"UOP02-DEL01-PB"
747531;2026-01-23;"sexta-feira";"14:30:00";"SC";101;145;"ITAPEMA";"Condutor deixou de manter distância do veículo da frente";"Colisão transversal";"Com Vítimas Feridas";"Pleno dia";"Decrescente";"Céu Claro";"Dupla";"Reta;Aclive";"Não";4;0;1;0;3;0;1;3;-27,084247;-48,605248;"SPRF-SC";"DEL04-SC";"UOP03-DEL04-SC"
747532;2026-01-23;"sexta-feira";"14:39:00";"SP";116;215;"GUARULHOS";"Avarias e/ou desgaste excessivo no pneu";"Tombamento";"Com Vítimas Feridas";"Pleno dia";"Decrescente";"Nublado";"Múltipla";"Reta";"Sim";2;0;1;0;1;0;1;1;-23,45159255;-46,46507072;"SPRF-SP";"DEL01-SP";"UOP01-DEL01-SP"
747533;2026-01-23;"sexta-feira";"12:30:00";"RJ";101;301;"SAO GONCALO";"Demais falhas mecânicas ou elétricas";"Colisão com objeto";"Com Vítimas Feridas";"Pleno dia";"Decrescente";"Garoa/Chuvisco";"Dupla";"Reta";"Não";4;0;3;0;1;0;3;2;-22,77849606;-42,95681477;"SPRF-RJ";"DEL02-RJ";"UOP02-DEL02-RJ"
747535;2026-01-23;"sexta-feira";"12:40:00";"PR";153;378;"MALLET";"Ausência de reação do condutor";"Saída de leito carroçável";"Com Vítimas Feridas";"Pleno dia";"Decrescente";"Céu Claro";"Simples";"Reta;Declive";"Não";3;0;3;0;0;0;3;1;-25,793104;-50,851417;"SPRF-PR";"DEL08-PR";"UOP02-DEL08-PR"
747537;2026-01-23;"sexta-feira";"13:50:00";"SC";163;95,9;"SAO JOSE DO CEDRO";"Acessar a via sem observar a presença dos outros veículos";"Colisão transversal";"Com Vítimas Feridas";"Pleno dia";"Crescente";"Céu Claro";"Simples";"Curva;Aclive";"Não";3;0;0;2;1;0;2;2;-26,518309;-53,516326;"SPRF-SC";"DEL07-SC";"UOP03-DEL07-SC"
747538;2026-01-23;"sexta-feira";"15:00:00";"RS";158;563,5;"SANTANA DO LIVRAMENTO";"Desrespeitar a preferência no cruzamento";"Colisão transversal";"Com Vítimas Feridas";"Pleno dia";"Crescente";"Céu Claro";"Simples";"Interseção de Vias";"Não";2;0;1;0;1;0;1;2;-30,858224;-55,501479;"SPRF-RS";"DEL11-RS";"UOP01-DEL11-RS"
747546;2026-01-23;"sexta-feira";"13:15:00";"RS";290;188,8;"MINAS DO LEAO";"Ultrapassagem Indevida";"Colisão frontal";"Com Vítimas Feridas";"Pleno dia";"Decrescente";"Céu Claro";"Simples";"Reta";"Não";6;0;3;2;1;0;5;2;-30,15381085;-52,09407806;"SPRF-RS";"DEL02-RS";"UOP03-DEL02-RS"
747547;2026-01-23;"sexta-feira";"12:25:00";"RS";285;162;"MUITOS CAPOES";"Reação tardia ou ineficiente do condutor";"Queda de ocupante de veículo";"Com Vítimas Feridas";"Pleno dia";"Crescente";"Céu Claro";"Simples";"Curva";"Não";2;0;1;0;0;1;1;2;-28,31892;-51,2478;"SPRF-RS";"DEL05-RS";"UOP03-DEL05-RS"
747548;2026-01-23;"sexta-feira";"15:20:00";"PR";369;138,1;"IBIPORA";"Ultrapassagem Indevida";"Colisão transversal";"Com Vítimas Feridas";"Pleno dia";"Crescente";"Céu Claro";"Simples";"Interseção de Vias";"Sim";2;0;1;0;1;0;1;2;-23,272463;-51,05126;"SPRF-PR";"DEL07-PR";"UOP01-DEL07-PR"
747549;2026-01-23;"sexta-feira";"15:00:00";"PR";376;202;"MARIALVA";"Ausência de reação do condutor";"Colisão traseira";"Com Vítimas Feridas";"Pleno dia";"Crescente";"Sol";"Dupla";"Reta;Em Obras";"Não";4;0;1;0;3;0;1;2;-23,507791;-51,729591;"SPRF-PR";"DEL09-PR";"UOP01-DEL09-PR"
747550;2026-01-23;"sexta-feira";"15:30:00";"SC";101;396,9;"MARACAJA";"Reação tardia ou ineficiente do condutor";"Engavetamento";"Com Vítimas Feridas";"Pleno dia";"Crescente";"Céu Claro";"Dupla";"Aclive;Reta";"Não";7;0;2;1;4;0;3;5;-28,8400687;-49,4259882;"SPRF-SC";"DEL02-SC";"UOP02-DEL02-SC"
747551;2026-01-23;"sexta-feira";"15:10:00";"RS";101;62,4;"MAQUINE";"Pedestre andava na pista";"Atropelamento de Pedestre";"Com Vítimas Fatais";"Pleno dia";"Decrescente";"Céu Claro";"Dupla";"Reta";"Sim";2;1;0;0;1;0;0;2;-29,69527239;-50,16494751;"SPRF-RS";"DEL03-RS";"UOP02-DEL03-RS"
747553;2026-01-23;"sexta-feira";"15:45:00";"BA";116;811,5;"VITORIA DA CONQUISTA";"Acessar a via sem observar a presença dos outros veículos";"Colisão transversal";"Com Vítimas Feridas";"Pleno dia";"Decrescente";"Céu Claro";"Simples";"Reta;Aclive";"Não";2;0;2;0;0;0;2;2;-14,8053322;-40,7828329;"SPRF-BA";"DEL08-BA";"UOP01-DEL08-BA"
747554;2026-01-23;"sexta-feira";"15:25:00";"ES";101;269;"SERRA";"Reação tardia ou ineficiente do condutor";"Colisão traseira";"Com Vítimas Feridas";"Pleno dia";"Decrescente";"Nublado";"Dupla";"Reta;Interseção de Vias";"Sim";4;0;2;0;1;1;2;3;-20,04887489;-40,38651095;"SPRF-ES";"DEL02-ES";"UOP01-DEL02-ES"
747559;2026-01-23;"sexta-feira";"16:30:00";"MG";40;825,8;"SIMAO PEREIRA";"Condutor deixou de manter distância do veículo da frente";"Colisão traseira";"Com Vítimas Feridas";"Pleno dia";"Decrescente";"Chuva";"Dupla";"Reta";"Não";2;0;1;0;1;0;1;2;-22,00120183;-43,28231042;"SPRF-MG";"DEL05-MG";"UOP01-DEL05-MG"
747560;2026-01-23;"sexta-feira";"16:20:00";"SP";116;515;"CAJATI";"Reação tardia ou ineficiente do condutor";"Saída de leito carroçável";"Com Vítimas Feridas";"Pleno dia";"Decrescente";"Garoa/Chuvisco";"Simples";"Declive;Curva";"Não";4;0;1;0;3;0;1;1;-24,86163794;-48,21413613;"SPRF-SP";"DEL05-SP";"UOP02-DEL05-SP"
747563;2026-01-23;"sexta-feira";"16:01:00";"GO";60;83;"ANAPOLIS";"Reação tardia ou ineficiente do condutor";"Saída de leito carroçável";"Com Vítimas Feridas";"Pleno dia";"Decrescente";"Chuva";"Dupla";"Declive";"Não";4;0;3;0;1;0;3;1;-16,31481511;-48,84318776;"SPRF-GO";"DEL02-GO";"UOP01-DEL02-GO"
747564;2026-01-23;"sexta-feira";"15:40:00";"MG";262;175;"SAO DOMINGOS DO PRATA";"Reação tardia ou ineficiente do condutor";"Capotamento";"Com Vítimas Feridas";"Pleno dia";"Crescente";"Céu Claro";"Simples";"Reta";"Não";2;0;1;0;1;0;1;1;-19,93077;-42,95716;"SPRF-MG";"DEL03-MG";"UOP01-DEL03-MG"
747565;2026-01-23;"sexta-feira";"16:20:00";"PI";316;313;"PICOS";"Conversão proibida";"Colisão traseira";"Com Vítimas Feridas";"Pleno dia";"Crescente";"Céu Claro";"Dupla";"Reta;Interseção de Vias";"Não";2;0;0;1;1;0;1;2;-7,07941691;-41,44899523;"SPRF-PI";"DEL04-PI";"UOP01-DEL04-PI"
747566;2026-01-23;"sexta-feira";"16:30:00";"MA";135;3;"SAO LUIS";"Acumulo de óleo sobre o pavimento";"Tombamento";"Com Vítimas Feridas";"Pleno dia";"Crescente";"Nublado";"Dupla";"Reta";"Sim";4;0;3;0;1;0;3;3;-2,61133;-44,25007;"SPRF-MA";"DEL01-MA";"UOP01-DEL01-MA"
747567;2026-01-23;"sexta-feira";"16:44:00";"SC";282;516,5;"XAXIM";"Reação tardia ou ineficiente do condutor";"Tombamento";"Com Vítimas Feridas";"Pleno dia";"Decrescente";"Céu Claro";"Simples";"Aclive;Curva";"Não";1;0;1;0;0;0;1;1;-26,93354942;-52,49827368;"SPRF-SC";"DEL07-SC";"UOP01-DEL07-SC"
747568;2026-01-23;"sexta-feira";"15:05:00";"SC";101;140;"RIO DO SUL";"Acessar a via sem observar a presença dos outros veículos";"Colisão transversal";"Com Vítimas Feridas";"Pleno dia";"Crescente";"Céu Claro";"Simples";"Curva";"Sim";3;0;1;0;2;0;1;2;-27,2020238;-49,6339226;"SPRF-SC";"DEL04-SC";"UOP03-DEL04-SC"
747570;2026-01-23;"sexta-feira";"17:30:00";"RJ";116;169;"RIO DE JANEIRO";"Chuva";"Queda de ocupante de veículo";"Com Vítimas Feridas";"Anoitecer";"Decrescente";"Céu Claro";"Dupla";"Reta";"Não";1;0;1;0;0;0;1;1;-22,80481062;-43,34535212;"SPRF-RJ";"DEL06-RJ";"UOP01-DEL06-RJ"
747571;2026-01-23;"sexta-feira";"16:10:00";"MG";365;165;"BURITIZEIRO";"Condutor deixou de manter distância do veículo da frente";"Colisão traseira";"Com Vítimas Feridas";"Pleno dia";"Decrescente";"Chuva";"Simples";"Reta";"Não";3;0;0;1;1;1;1;3;-17,3742373;-44,9483286;"SPRF-MG";"DEL10-MG";"UOP02-DEL010-MG"
747572;2026-01-23;"sexta-feira";"14:30:00";"MG";116;457;"ENGENHEIRO CALDAS";"Ausência de reação do condutor";"Tombamento";"Com Vítimas Feridas";"Pleno dia";"Crescente";"Chuva";"Simples";"Reta";"Não";1;0;1;0;0;0;1;1;-19,211498;-42,05307484;"SPRF-MG";"DEL06-MG";"UOP02-DEL06-MG"
747573;2026-01-23;"sexta-feira";"15:50:00";"MG";365;181,6;"BURITIZEIRO";"Ingestão de álcool pelo condutor";"Saída de leito carroçável";"Com Vítimas Feridas";"Pleno dia";"Crescente";"Chuva";"Simples";"Reta";"Não";1;0;1;0;0;0;1;1;-17,409126;-45,086048;"SPRF-MG";"DEL10-MG";"UOP02-DEL010-MG"
747574;2026-01-23;"sexta-feira";"17:00:00";"PR";116;126;"FAZENDA RIO GRANDE";"Reação tardia ou ineficiente do condutor";"Colisão lateral mesmo sentido";"Com Vítimas Feridas";"Pleno dia";"Decrescente";"Céu Claro";"Dupla";"Reta";"Sim";2;0;1;0;1;0;1;2;-25,643047;-49,31268;"SPRF-PR";"DEL01-PR";"UOP03-DEL01-PR"
747575;2026-01-23;"sexta-feira";"18:00:00";"PR";376;592,9;"CURITIBA";"Acessar a via sem observar a presença dos outros veículos";"Colisão traseira";"Com Vítimas Feridas";"Pleno dia";"Decrescente";"Nublado";"Dupla";"Reta";"Sim";2;0;1;0;1;0;1;2;-25,44338167;-49,36414397;"SPRF-PR";"DEL01-PR";"UOP06-DEL01-PR"
747577;2026-01-23;"sexta-feira";"11:40:00";"SC";470;134;"RIO DO SUL";"Acessar a via sem observar a presença dos outros veículos";"Colisão transversal";"Com Vítimas Feridas";"Pleno dia";"Decrescente";"Céu Claro";"Simples";"Rotatória;Reta;Interseção de Vias";"Não";4;0;1;0;3;0;1;3;-27,17208858;-49,5813263;"SPRF-SC";"DEL04-SC";"UOP02-DEL04-SC"
747579;2026-01-23;"sexta-feira";"18:27:00";"PB";230;23;"JOAO PESSOA";"Manobra de mudança de faixa";"Colisão lateral mesmo sentido";"Com Vítimas Feridas";"Plena Noite";"Crescente";"Céu Claro";"Dupla";"Reta";"Sim";2;0;0;1;0;1;1;2;-7,16681134;-34,86339569;"SPRF-PB";"DEL01-PB";"UOP01-DEL01-PB"
747580;2026-01-23;"sexta-feira";"13:50:00";"BA";101;250;"CONCEICAO DO ALMEIDA";"Reação tardia ou ineficiente do condutor";"Colisão com objeto";"Com Vítimas Feridas";"Pleno dia";"Decrescente";"Céu Claro";"Simples";"Reta";"Não";2;0;2;0;0;0;2;1;-12,88724137;-39,22377396;"SPRF-BA";"DEL01-BA";"UOP02-DEL01-BA"
747581;2026-01-23;"sexta-feira";"17:50:00";"RS";471;173;"RIO PARDO";"Acessar a via sem observar a presença dos outros veículos";"Colisão transversal";"Com Vítimas Feridas";"Pleno dia";"Decrescente";"Céu Claro";"Simples";"Reta";"Sim";2;0;1;0;1;0;1;2;-29,98075315;-52,37008593;"SPRF-RS";"DEL02-RS";"UOP03-DEL02-RS"
747583;2026-01-23;"sexta-feira";"17:30:00";"BA";101;475;"URUCUCA";"Ausência de reação do condutor";"Colisão transversal";"Com Vítimas Feridas";"Plena Noite";"Crescente";"Céu Claro";"Simples";"Interseção de Vias";"Não";3;0;0;1;2;0;1;2;-14,566102;-39,334833;"SPRF-BA";"DEL05-BA";"UOP01-DEL05-BA"
747584;2026-01-23;"sexta-feira";"15:03:00";"GO";364;193;"JATAI";"Acessar a via sem observar a presença dos outros veículos";"Colisão lateral mesmo sentido";"Com Vítimas Feridas";"Pleno dia";"Crescente";"Céu Claro";"Dupla";"Retorno Regulamentado;Curva;Aclive";"Não";3;0;2;0;1;0;2;3;-17,9078469;-51,707156;"SPRF-GO";"DEL05-GO";"UOP01-DEL05-GO"
747585;2026-01-23;"sexta-feira";"18:30:00";"MG";40;246;"SAO GONCALO DO ABAETE";"Chuva";"Saída de leito carroçável";"Com Vítimas Feridas";"Plena Noite";"Crescente";"Chuva";"Simples";"Curva;Declive";"Não";3;0;1;0;2;0;1;1;-18,10102;-45,4691;"SPRF-MG";"DEL14-MG";"UOP02-DEL14-MG"
747586;2026-01-23;"sexta-feira";"18:30:00";"PB";230;148,8;"CAMPINA GRANDE";"Entrada inopinada do pedestre";"Atropelamento de Pedestre";"Com Vítimas Feridas";"Plena Noite";"Crescente";"Céu Claro";"Dupla";"Reta;Declive";"Sim";3;0;0;3;0;0;3;2;-7,242591;-35,870908;"SPRF-PB";"DEL02-PB";"UOP01-DEL02-PB"
747587;2026-01-23;"sexta-feira";"19:00:00";"MG";381;488;"BETIM";"Condutor deixou de manter distância do veículo da frente";"Colisão lateral mesmo sentido";"Com Vítimas Feridas";"Anoitecer";"Crescente";"Céu Claro";"Dupla";"Reta";"Sim";2;0;1;0;1;0;1;2;-19,95609293;-44,12867832;"SPRF-MG";"DEL01-MG";"UOP03-DEL01-MG"
747588;2026-01-23;"sexta-feira";"17:55:00";"RO";364;346,2;"JI-PARANA";"Condutor deixou de manter distância do veículo da frente";"Colisão traseira";"Com Vítimas Feridas";"Anoitecer";"Decrescente";"Céu Claro";"Simples";"Reta";"Não";4;0;0;1;2;1;1;3;-10,863573;-61,971935;"SPRF-RO";"DEL02-RO";"UOP01-DEL02-RO"
747589;2026-01-23;"sexta-feira";"16:00:00";"RJ";101;533;"PARATY";"Reação tardia ou ineficiente do condutor";"Colisão frontal";"Com Vítimas Feridas";"Pleno dia";"Decrescente";"Céu Claro";"Simples";"Reta";"Não";3;0;1;1;1;0;2;2;-23,0284809;-44,54099743;"SPRF-RJ";"DEL03-RJ";"UOP03-DEL03-RJ"
747590;2026-01-23;"sexta-feira";"19:30:00";"SP";116;228;"SAO PAULO";"Manobra de mudança de faixa";"Colisão traseira";"Com Vítimas Feridas";"Plena Noite";"Decrescente";"Nublado";"Múltipla";"Reta";"Não";2;0;1;0;0;1;1;2;-23,50436759;-46,56756576;"SPRF-SP";"DEL01-SP";"UOP01-DEL01-SP"
747591;2026-01-23;"sexta-feira";"16:00:00";"RS";392;20;"RIO GRANDE";"Manobra de mudança de faixa";"Saída de leito carroçável";"Sem Vítimas";"Pleno dia";"Decrescente";"Céu Claro";"Dupla";"Retorno Regulamentado;Reta";"Sim";3;0;0;0;3;0;0;1;-32,08843039;-52,20826292;"SPRF-RS";"DEL07-RS";"UOP02-DEL07-RS"
747592;2026-01-23;"sexta-feira";"18:40:00";"DF";70;10;"BRASILIA";"Manobra de mudança de faixa";"Colisão lateral mesmo sentido";"Com Vítimas Feridas";"Anoitecer";"Crescente";"Chuva";"Dupla";"Reta";"Sim";3;0;1;0;2;0;1;2;-15,788822;-48,146538;"SPRF-DF";"DEL03-DF";"UOP02-DEL03-DF"
747593;2026-01-23;"sexta-feira";"17:50:00";"RO";364;7,6;"VILHENA";"Reação tardia ou ineficiente do condutor";"Colisão frontal";"Com Vítimas Fatais";"Pleno dia";"Crescente";"Nublado";"Dupla";"Reta";"Sim";2;1;1;0;0;0;1;2;-12,769433;-60,095523;"SPRF-RO";"DEL04-RO";"UOP01-DEL04-RO"
747594;2026-01-23;"sexta-feira";"18:20:00";"GO";153;613;"MORRINHOS";"Velocidade Incompatível";"Saída de leito carroçável";"Com Vítimas Feridas";"Anoitecer";"Decrescente";"Céu Claro";"Dupla";"Reta";"Não";4;0;3;0;1;0;3;1;-17,653258;-49,170745;"SPRF-GO";"DEL03-GO";"UOP01-DEL03-GO"
747596;2026-01-23;"sexta-feira";"19:05:00";"RS";290;143;"ELDORADO DO SUL";"Acessar a via sem observar a presença dos outros veículos";"Colisão transversal";"Com Vítimas Feridas";"Anoitecer";"Decrescente";"Céu Claro";"Simples";"Reta;Aclive";"Não";2;0;0;1;1;0;1;2;-30,0948988;-51,6431877;"SPRF-RS";"DEL02-RS";"UOP01-DEL02-RS"
747599;2026-01-23;"sexta-feira";"16:40:00";"BA";367;37;"PORTO SEGURO";"Transitar na contramão";"Colisão frontal";"Com Vítimas Feridas";"Pleno dia";"Crescente";"Céu Claro";"Simples";"Reta";"Não";8;0;0;8;0;0;8;2;-16,39652909;-39,18565393;"SPRF-BA";"DEL09-BA";"UOP03-DEL09-BA"
747601;2026-01-23;"sexta-feira";"18:30:00";"RN";101;79,1;"NATAL";"Ausência de reação do condutor";"Colisão traseira";"Com Vítimas Feridas";"Plena Noite";"Decrescente";"Céu Claro";"Dupla";"Reta";"Sim";2;0;1;0;1;0;1;2;-5,75;-35,289;"SPRF-RN";"DEL02-RN";"UOP01-DEL02-RN"
747602;2026-01-23;"sexta-feira";"19:00:00";"DF";70;11;"BRASILIA";"Transitar no Acostamento";"Atropelamento de Pedestre";"Com Vítimas Feridas";"Plena Noite";"Crescente";"Chuva";"Dupla";"Reta";"Não";3;0;0;1;1;1;1;2;-15,791503;-48,154963;"SPRF-DF";"DEL03-DF";"UOP02-DEL03-DF"