"id";"data_inversa";"dia_semana";"horario";"uf";"br";"km";"municipio";"causa_acidente";"tipo_acidente";"classificacao_acidente";"fase_dia";"sentido_via";"condicao_metereologica";"tipo_pista";"tracado_via";"uso_solo";"pessoas";"mortos";"feridos_leves";"feridos_graves";"ilesos";"ignorados";"feridos";"veiculos";"latitude";"longitude";"regional";"delegacia";"uop"
747603;2026-01-23;"sexta-feira";"17:40:00";"PI";316;1;"TERESINA";"Trafegar com motocicleta (ou similar) entre as faixas";"Colisão lateral mesmo sentido";"Sem Vítimas";"Anoitecer";"Decrescente";"Céu Claro";"Múltipla";"Reta";"Sim";2;0;0;0;2;0;0;2;-5,12815;-42,806282;"SPRF-PI";"DEL01-PI";"UOP02-DEL01-PI"
747606;2026-01-23;"sexta-feira";"12:40:00";"MG";262;73,1;"MATIPO";"Ultrapassagem Indevida";"Colisão frontal";"Com Vítimas Feridas";"Pleno dia";"Crescente";"Chuva";"Simples";"Curva";"Não";6;0;5;1;0;0;6;2;-20,311385;-42,322189;"SPRF-MG";"DEL06-MG";"UOP03-DEL06-MG"
747607;2026-01-23;"sexta-feira";"18:10:00";"CE";116;15;"FORTALEZA";"Pedestre cruzava a pista fora da faixa";"Atropelamento de Pedestre";"Com Vítimas Feridas";"Plena Noite";"Crescente";"Nublado";"Dupla";"Reta;Aclive";"Sim";2;0;1;0;0;1;1;2;-3,878941;-38,500738;"SPRF-CE";"DEL01-CE";"UOP02-DEL01-CE"
747609;2026-01-23;"sexta-feira";"19:15:00";"RN";304;256,6;"SANTA MARIA";"Ausência de reação do condutor";"Colisão transversal";"Com Vítimas Feridas";"Plena Noite";"Crescente";"Céu Claro";"Simples";"Reta";"Sim";2;0;1;0;1;0;1;2;-5,84111614;-35,69522381;"SPRF-RN";"DEL01-RN";"UOP02-DEL01-RN"
747610;2026-01-23;"sexta-feira";"17:38:00";"PR";153;50,9;"SANTO ANTONIO DA PLATINA";"Velocidade Incompatível";"Saída de leito carroçável";"Com Vítimas Feridas";"Pleno dia";"Crescente";"Céu Claro";"Simples";"Reta";"Não";2;0;2;0;0;0;2;1;-23,37535439;-50,0630711;"SPRF-PR";"DEL07-PR";"UOP04-DEL07-PR"
747611;2026-01-23;"sexta-feira";"11:00:00";"SC";280;23;"ARAQUARI";"Ultrapassagem Indevida";"Colisão lateral mesmo sentido";"Com Vítimas Feridas";"Pleno dia";"Crescente";"Céu Claro";"Simples";"Reta";"Sim";2;0;0;1;1;0;1;2;-26,37657726;-48,7185901;"SPRF-SC";"DEL03-SC";"UOP03-DEL03-SC"
747612;2026-01-23;"sexta-feira";"19:50:00";"RS";285;208,5;"LAGOA VERMELHA";"Acessar a via sem observar a presença dos outros veículos";"Colisão transversal";"Com Vítimas Feridas";"Plena Noite";"Decrescente";"Céu Claro";"Simples";"Reta;Interseção de Vias";"Não";7;0;1;0;6;0;1;2;-28,22408117;-51,6108284;"SPRF-RS";"DEL08-RS";"UOP05-DEL08-RS"
747613;2026-01-23;"sexta-feira";"19:40:00";"MG";50;166;"UBERABA";"Objeto estático sobre o leito carroçável";"Colisão com objeto";"Com Vítimas Feridas";"Plena Noite";"Decrescente";"Céu Claro";"Dupla";"Reta";"Não";1;0;1;0;0;0;1;1;-19,7508;-47,9366;"SPRF-MG";"DEL13-MG";"UOP01-DEL13-MG"
747614;2026-01-23;"sexta-feira";"19:02:00";"AL";423;88;"DELMIRO GOUVEIA";"Transitar na contramão";"Colisão frontal";"Com Vítimas Fatais";"Plena Noite";"Crescente";"Céu Claro";"Simples";"Aclive;Reta";"Não";2;1;0;0;1;0;0;2;-9,359;-38,065722;"SPRF-BA";"DEL07-BA";"UOP01-DEL07-BA"
747616;2026-01-23;"sexta-feira";"17:45:00";"RN";226;83;"TANGARA";"Ultrapassagem Indevida";"Atropelamento de Pedestre";"Com Vítimas Feridas";"Anoitecer";"Crescente";"Nublado";"Simples";"Reta";"Sim";2;0;1;0;1;0;1;2;-6,197178;-35,797972;"SPRF-RN";"DEL01-RN";"UOP02-DEL01-RN"
747617;2026-01-23;"sexta-feira";"20:00:00";"BA";324;577,7;"SAO SEBASTIAO DO PASSE";"Objeto estático sobre o leito carroçável";"Capotamento";"Com Vítimas Feridas";"Anoitecer";"Decrescente";"Céu Claro";"Dupla";"Reta";"Não";5;0;1;0;4;0;1;1;-12,594109;-38,516159;"SPRF-BA";"DEL01-BA";"UOP01-DEL01-BA"
747619;2026-01-23;"sexta-feira";"19:40:00";"PE";101;85,5;"JABOATAO DOS GUARARAPES";"Acostamento em desnível";"Colisão com objeto";"Com Vítimas Feridas";"Plena Noite";"Decrescente";"Nublado";"Dupla";"Reta";"Não";3;0;1;0;1;1;1;3;-8,18287;-34,96349;"SPRF-PE";"DEL01-PE";"UOP01-DEL01-PE"
747620;2026-01-23;"sexta-feira";"20:20:00";"PR";369;37;"ANDIRA";"Ingestão de álcool pelo condutor";"Colisão transversal";"Com Vítimas Feridas";"Plena Noite";"Decrescente";"Céu Claro";"Dupla";"Rotatória;Aclive;Reta;Interseção de Vias";"Sim";2;0;2;0;0;0;2;2;-23,04556361;-50,23274302;"SPRF-PR";"DEL07-PR";"UOP05-DEL07-PR"
747622;2026-01-23;"sexta-feira";"20:15:00";"SP";381;85,2;"SAO PAULO";"Entrada inopinada do pedestre";"Atropelamento de Pedestre";"Com Vítimas Feridas";"Plena Noite";"Decrescente";"Nublado";"Dupla";"Reta";"Sim";3;0;3;0;0;0;3;2;-23,459466;-46,571315;"SPRF-SP";"DEL03-SP";"UOP01-DEL03-SP"
747623;2026-01-23;"sexta-feira";"21:05:00";"GO";414;347;"COCALZINHO DE GOIAS";"Ingestão de álcool pelo condutor";"Colisão com objeto";"Sem Vítimas";"Plena Noite";"Crescente";"Chuva";"Simples";"Curva";"Não";2;0;0;0;2;0;0;1;-15,72137071;-48,70373168;"SPRF-GO";"DEL02-GO";"UOP01-DEL02-GO"
747624;2026-01-23;"sexta-feira";"20:00:00";"MG";262;11,9;"MARTINS SOARES";"Transitar na contramão";"Colisão lateral sentido oposto";"Com Vítimas Feridas";"Plena Noite";"Decrescente";"Garoa/Chuvisco";"Simples";"Reta";"Não";6;0;1;0;5;0;1;2;-20,2485506;-41,84975445;"SPRF-MG";"DEL06-MG";"UOP03-DEL06-MG"
747626;2026-01-23;"sexta-feira";"21:40:00";"GO";153;303;"RIALMA";"Ultrapassagem Indevida";"Capotamento";"Com Vítimas Feridas";"Plena Noite";"Decrescente";"Garoa/Chuvisco";"Simples";"Declive";"Sim";2;0;2;0;0;0;2;1;-15,332574;-49,570361;"SPRF-GO";"DEL02-GO";"UOP02-DEL02-GO"
747628;2026-01-23;"sexta-feira";"20:50:00";"SP";101;48,3;"UBATUBA";"Condutor deixou de manter distância do veículo da frente";"Colisão traseira";"Com Vítimas Feridas";"Plena Noite";"Crescente";"Chuva";"Simples";"Reta";"Sim";2;0;1;0;1;0;1;2;-23,4381207;-45,0875978;"SPRF-SP";"DEL06-SP";"UOP01-DEL06-SP"
747630;2026-01-23;"sexta-feira";"20:26:00";"SP";116;320,5;"JUQUITIBA";"Reação tardia ou ineficiente do condutor";"Saída de leito carroçável";"Com Vítimas Feridas";"Plena Noite";"Decrescente";"Chuva";"Dupla";"Reta";"Não";3;0;1;2;0;0;3;1;-23,93391966;-47,01352203;"SPRF-SP";"DEL04-SP";"UOP03-DEL04-SP"
747632;2026-01-23;"sexta-feira";"18:45:00";"RO";425;82;"NOVA MAMORE";"Acessar a via sem observar a presença dos outros veículos";"Colisão lateral mesmo sentido";"Com Vítimas Feridas";"Plena Noite";"Crescente";"Nublado";"Simples";"Reta;Em Obras";"Sim";3;0;2;0;1;0;2;2;-10,42064698;-65,33453375;"SPRF-RO";"DEL01-RO";"UOP03-DEL01-RO"
747633;2026-01-23;"sexta-feira";"22:10:00";"BA";116;477;"SANTO ESTEVAO";"Acesso irregular";"Colisão transversal";"Com Vítimas Fatais";"Plena Noite";"Decrescente";"Céu Claro";"Dupla";"Reta";"Não";2;1;1;0;0;0;1;2;-12,51073;-39,37193;"SPRF-BA";"DEL02-BA";"UOP01-DEL02-BA"
747635;2026-01-23;"sexta-feira";"20:43:00";"SP";116;487;"CAJATI";"Acessar a via sem observar a presença dos outros veículos";"Colisão lateral mesmo sentido";"Com Vítimas Feridas";"Plena Noite";"Crescente";"Chuva";"Dupla";"Rotatória";"Não";2;0;1;0;1;0;1;2;-24,7295949;-48,0985526;"SPRF-SP";"DEL05-SP";"UOP01-DEL05-SP"
747636;2026-01-23;"sexta-feira";"21:15:00";"SP";116;496;"CAJATI";"Avarias e/ou desgaste excessivo no pneu";"Tombamento";"Com Vítimas Feridas";"Plena Noite";"Crescente";"Chuva";"Dupla";"Reta";"Não";2;0;2;0;0;0;2;1;-24,7577223;-48,16345565;"SPRF-SP";"DEL05-SP";"UOP01-DEL05-SP"
747637;2026-01-23;"sexta-feira";"22:00:00";"ES";101;296;"VIANA";"Velocidade Incompatível";"Queda de ocupante de veículo";"Com Vítimas Feridas";"Plena Noite";"Decrescente";"Céu Claro";"Dupla";"Curva;Viaduto;Declive";"Não";1;0;0;1;0;0;1;1;-20,3826956;-40,4595981;"SPRF-ES";"DEL01-ES";"UOP01-DEL01-ES"
747638;2026-01-23;"sexta-feira";"21:00:00";"AM";174;886;"MANAUS";"Ultrapassagem Indevida";"Colisão frontal";"Com Vítimas Fatais";"Plena Noite";"Crescente";"Garoa/Chuvisco";"Simples";"Reta";"Não";4;1;2;0;0;1;2;3;-2,960722;-60,031228;"SPRF-AM";"DEL01-AM";"UOP01-DEL01-AM"
747639;2026-01-23;"sexta-feira";"16:40:00";"MG";381;709,1;"NEPOMUCENO";"Ausência de reação do condutor";"Colisão com objeto";"Com Vítimas Feridas";"Pleno dia";"Decrescente";"Chuva";"Dupla";"Curva;Aclive";"Não";1;0;1;0;0;0;1;1;-21,34749608;-45,17747372;"SPRF-MG";"DEL04-MG";"UOP02-DEL04-MG"
747642;2026-01-23;"sexta-feira";"20:45:00";"MG";381;561;"ITAGUARA";"Chuva";"Saída de leito carroçável";"Com Vítimas Feridas";"Plena Noite";"Crescente";"Chuva";"Dupla";"Curva;Declive";"Sim";3;0;2;1;0;0;3;1;-20,3743;-44,472236;"SPRF-MG";"DEL04-MG";"UOP03-DEL04-MG"
747643;2026-01-23;"sexta-feira";"22:15:00";"MG";354;753,4;"ITAMONTE";"Ausência de reação do condutor";"Colisão transversal";"Com Vítimas Feridas";"Plena Noite";"Decrescente";"Nublado";"Simples";"Interseção de Vias";"Sim";3;0;1;0;0;2;1;3;-22,28062599;-44,87183958;"SPRF-MG";"DEL17-MG";"UOP01-DEL17-MG"
747644;2026-01-23;"sexta-feira";"20:55:00";"MG";381;582;"CARMOPOLIS DE MINAS";"Chuva";"Saída de leito carroçável";"Com Vítimas Feridas";"Plena Noite";"Crescente";"Chuva";"Dupla";"Curva";"Não";1;0;0;1;0;0;1;1;-20,499765;-44,608547;"SPRF-MG";"DEL04-MG";"UOP01-DEL04-MG"
747645;2026-01-23;"sexta-feira";"23:15:00";"RS";116;249;"SAO LEOPOLDO";"Ingestão de álcool pelo condutor";"Saída de leito carroçável";"Com Vítimas Feridas";"Plena Noite";"Decrescente";"Céu Claro";"Dupla";"Curva";"Sim";5;0;2;2;1;0;4;3;-29,7687964;-51,1534075;"SPRF-RS";"DEL01-RS";"UOP02-DEL01-RS"
747648;2026-01-23;"sexta-feira";"18:54:00";"PI";407;574,8;"PAULISTANA";"Conversão proibida";"Colisão transversal";"Com Vítimas Fatais";"Plena Noite";"Decrescente";"Céu Claro";"Simples";"Declive;Reta";"Sim";2;1;0;0;1;0;0;2;-8,144112;-41,133318;"SPRF-PI";"DEL04-PI";"UOP01-DEL04-PI"
747649;2026-01-23;"sexta-feira";"19:40:00";"RS";158;191,5;"CRUZ ALTA";"Animais na Pista";"Atropelamento de Animal";"Sem Vítimas";"Anoitecer";"Crescente";"Céu Claro";"Simples";"Curva";"Não";4;0;0;0;4;0;0;1;-28,62093467;-53,57040731;"SPRF-RS";"DEL10-RS";"UOP02-DEL10-RS"
747653;2026-01-23;"sexta-feira";"23:00:00";"MA";135;195,2;"ALTO ALEGRE DO MARANHAO";"Animais na Pista";"Atropelamento de Animal";"Com Vítimas Fatais";"Plena Noite";"Crescente";"Céu Claro";"Simples";"Reta";"Não";4;1;3;0;0;0;3;2;-4,15177;-44,469824;"SPRF-MA";"DEL03-MA";"UOP01-DEL03-MA"
747656;2026-01-24;"sábado";"02:40:00";"GO";60;8,1;"SANTO ANTONIO DO DESCOBERTO";"Condutor Dormindo";"Saída de leito carroçável";"Sem Vítimas";"Plena Noite";"Crescente";"Garoa/Chuvisco";"Múltipla";"Reta";"Não";1;0;0;0;1;0;0;1;-16,108981;-48,299754;"SPRF-DF";"DEL03-DF";"UOP01-DEL03-DF"
747657;2026-01-24;"sábado";"01:00:00";"PR";277;662;"MATELANDIA";"Ausência de reação do condutor";"Colisão com objeto";"Sem Vítimas";"Plena Noite";"Crescente";"Céu Claro";"Simples";"Reta";"Não";1;0;0;0;0;1;0;1;-25,25339058;-53,9957428;"SPRF-PR";"DEL05-PR";"UOP02-DEL05-PR"
747659;2026-01-24;"sábado";"03:00:00";"RJ";116;190;"NOVA IGUACU";"Ausência de reação do condutor";"Colisão traseira";"Com Vítimas Feridas";"Plena Noite";"Crescente";"Garoa/Chuvisco";"Dupla";"Reta";"Não";2;0;1;0;1;0;1;2;-22,73389179;-43,55631575;"SPRF-RJ";"DEL06-RJ";"UOP01-DEL06-RJ"
747662;2026-01-24;"sábado";"03:30:00";"PR";116;134;"FAZENDA RIO GRANDE";"Ingestão de álcool pelo condutor";"Colisão com objeto";"Sem Vítimas";"Plena Noite";"Crescente";"Céu Claro";"Múltipla";"Reta";"Não";1;0;0;0;1;0;0;1;-25,71162429;-49,31955663;"SPRF-PR";"DEL01-PR";"UOP03-DEL01-PR"
747666;2026-01-23;"sexta-feira";"22:20:00";"RS";116;100;"SAO MARCOS";"Velocidade Incompatível";"Queda de ocupante de veículo";"Com Vítimas Feridas";"Plena Noite";"Crescente";"Céu Claro";"Simples";"Curva";"Não";1;0;0;1;0;0;1;1;-28,924275;-51,095617;"SPRF-RS";"DEL05-RS";"UOP01-DEL05-RS"
747667;2026-01-24;"sábado";"04:00:00";"PR";476;161;"ARAUCARIA";"Reação tardia ou ineficiente do condutor";"Saída de leito carroçável";"Sem Vítimas";"Plena Noite";"Crescente";"Céu Claro";"Simples";"Reta";"Não";1;0;0;0;1;0;0;1;-25,61873063;-49,43920311;"SPRF-PR";"DEL01-PR";"UOP06-DEL01-PR"
747668;2026-01-24;"sábado";"03:30:00";"SC";101;189;"BIGUACU";"Transitar na contramão";"Colisão transversal";"Sem Vítimas";"Pleno dia";"Crescente";"Céu Claro";"Dupla";"Reta";"Não";3;0;0;0;3;0;0;2;-27,47075969;-48,64123952;"SPRF-SC";"DEL01-SC";"UOP01-DEL01-SC"
747669;2026-01-23;"sexta-feira";"20:32:00";"MG";381;550,2;"ITAGUARA";"Ausência de reação do condutor";"Colisão com objeto";"Com Vítimas Feridas";"Plena Noite";"Crescente";"Nublado";"Dupla";"Curva;Declive";"Não";1;0;1;0;0;0;1;1;-20,30095;-44,442093;"SPRF-MG";"DEL04-MG";"UOP03-DEL04-MG"
747670;2026-01-24;"sábado";"03:40:00";"SE";101;95;"NOSSA SENHORA DO SOCORRO";"Animais na Pista";"Colisão com objeto";"Sem Vítimas";"Plena Noite";"Crescente";"Céu Claro";"Dupla";"Aclive;Reta";"Sim";1;0;0;0;1;0;0;1;-10,90999855;-37,15623077;"SPRF-SE";"DEL02-SE";"UOP01-DEL02-SE"
747671;2026-01-24;"sábado";"04:05:00";"MG";116;528,7;"CARATINGA";"Ingestão de álcool pelo condutor";"Colisão transversal";"Sem Vítimas";"Plena Noite";"Crescente";"Chuva";"Simples";"Interseção de Vias;Curva";"Sim";2;0;0;0;2;0;0;2;-19,803109;-42,136461;"SPRF-MG";"DEL06-MG";"UOP02-DEL06-MG"
747672;2026-01-24;"sábado";"03:10:00";"SC";101;189,5;"BIGUACU";"Condutor deixou de manter distância do veículo da frente";"Colisão lateral mesmo sentido";"Com Vítimas Feridas";"Plena Noite";"Crescente";"Nublado";"Dupla";"Reta";"Não";3;0;3;0;0;0;3;2;-27,46876439;-48,64163987;"SPRF-SC";"DEL01-SC";"UOP01-DEL01-SC"
747673;2026-01-24;"sábado";"03:30:00";"AL";104;76;"MESSIAS";"Velocidade Incompatível";"Colisão com objeto";"Sem Vítimas";"Plena Noite";"Crescente";"Céu Claro";"Simples";"Curva";"Não";1;0;0;0;0;1;0;1;-9,368831;-35,830729;"SPRF-AL";"DEL01-AL";"UOP01-DEL01-AL"
747674;2026-01-24;"sábado";"05:20:00";"DF";40;7;"BRASILIA";"Ausência de reação do condutor";"Colisão traseira";"Com Vítimas Feridas";"Amanhecer";"Crescente";"Nublado";"Dupla";"Reta;Declive";"Sim";2;0;1;0;1;0;1;2;-16,04484;-47,98074;"SPRF-DF";"DEL01-DF";"UOP01-DEL01-DF"
747675;2026-01-24;"sábado";"04:15:00";"GO";80;43;"PADRE BERNARDO";"Retorno proibido";"Colisão transversal";"Com Vítimas Feridas";"Plena Noite";"Decrescente";"Garoa/Chuvisco";"Simples";"Reta";"Não";3;0;2;0;1;0;2;2;-15,193909;-48,284196;"SPRF-DF";"DEL03-DF";"UOP02-DEL03-DF"
747676;2026-01-23;"sexta-feira";"21:20:00";"MS";376;31;"FATIMA DO SUL";"Iluminação deficiente";"Atropelamento de Pedestre";"Com Vítimas Feridas";"Plena Noite";"Crescente";"Céu Claro";"Simples";"Reta";"Não";2;0;1;0;0;1;1;2;-22,3893452;-54,48485092;"SPRF-MS";"DEL04-MS";"UOP01-DEL04-MS"
747678;2026-01-24;"sábado";"05:30:00";"PE";316;85;"OURICURI";"Ingestão de álcool pelo condutor";"Colisão transversal";"Com Vítimas Feridas";"Amanhecer";"Crescente";"Céu Claro";"Simples";"Reta";"Sim";5;0;4;0;1;0;4;2;-7,88891;-40,064022;"SPRF-PE";"DEL05-PE";"UOP02-DEL05-PE"
747679;2026-01-23;"sexta-feira";"21:30:00";"SC";101;416;"ARARANGUA";"Reação tardia ou ineficiente do condutor";"Colisão lateral mesmo sentido";"Com Vítimas Feridas";"Plena Noite";"Decrescente";"Ignorado";"Simples";"Reta";"Sim";1;0;1;0;0;0;1;1;-28,975;-49,531;"SPRF-SC";"DEL02-SC";"UOP02-DEL02-SC"
747680;2026-01-24;"sábado";"04:20:00";"MG";381;480;"CONTAGEM";"Ausência de reação do condutor";"Tombamento";"Com Vítimas Feridas";"Plena Noite";"Crescente";"Céu Claro";"Simples";"Reta";"Sim";2;0;2;0;0;0;2;1;-19,95927426;-44,05995369;"SPRF-MG";"DEL01-MG";"UOP03-DEL01-MG"
747681;2026-01-24;"sábado";"06:20:00";"BA";101;904,3;"IBIRAPUA";"Ingestão de álcool pelo condutor";"Colisão frontal";"Com Vítimas Feridas";"Amanhecer";"Decrescente";"Céu Claro";"Simples";"Reta;Aclive";"Não";5;0;0;2;3;0;2;2;-17,765047;-39,778142;"SPRF-BA";"DEL09-BA";"UOP02-DEL09-BA"
747682;2026-01-24;"sábado";"04:50:00";"PR";277;726,9;"FOZ DO IGUACU";"Reação tardia ou ineficiente do condutor";"Colisão com objeto";"Sem Vítimas";"Plena Noite";"Crescente";"Céu Claro";"Dupla";"Viaduto";"Sim";1;0;0;0;0;1;0;1;-25,5107388;-54,55231039;"SPRF-PR";"DEL05-PR";"UOP03-DEL05-PR"
747683;2026-01-24;"sábado";"06:50:00";"RJ";116;309,8;"RESENDE";"Acessar a via sem observar a presença dos outros veículos";"Colisão lateral mesmo sentido";"Com Vítimas Feridas";"Pleno dia";"Decrescente";"Nublado";"Dupla";"Reta";"Não";2;0;1;0;1;0;1;2;-22,45918147;-44,42884668;"SPRF-RJ";"DEL07-RJ";"UOP02-DEL07-RJ"
747685;2026-01-24;"sábado";"05:20:00";"GO";153;311;"RIALMA";"Condutor Dormindo";"Saída de leito carroçável";"Sem Vítimas";"Amanhecer";"Crescente";"Chuva";"Simples";"Reta;Aclive";"Não";1;0;0;0;1;0;0;1;-15,42921433;-49,51302707;"SPRF-GO";"DEL02-GO";"UOP02-DEL02-GO"
747686;2026-01-24;"sábado";"05:00:00";"PR";277;726,9;"FOZ DO IGUACU";"Ausência de reação do condutor";"Colisão traseira";"Com Vítimas Feridas";"Amanhecer";"Crescente";"Céu Claro";"Dupla";"Reta";"Sim";4;0;0;1;2;1;1;4;-25,51066663;-54,55250502;"SPRF-PR";"DEL05-PR";"UOP03-DEL05-PR"
747687;2026-01-24;"sábado";"06:45:00";"SC";101;264;"GAROPABA";"Ausência de reação do condutor";"Saída de leito carroçável";"Com Vítimas Feridas";"Pleno dia";"Crescente";"Sol";"Múltipla";"Reta";"Sim";1;0;1;0;0;0;1;1;-28,055352;-48,71834502;"SPRF-SC";"DEL02-SC";"UOP03-DEL02-SC"
747688;2026-01-24;"sábado";"06:30:00";"BA";324;605;"SIMOES FILHO";"Ausência de reação do condutor";"Colisão traseira";"Com Vítimas Feridas";"Pleno dia";"Crescente";"Nublado";"Dupla";"Reta";"Sim";4;0;2;0;2;0;2;3;-12,79746534;-38,40526036;"SPRF-BA";"DEL01-BA";"UOP01-DEL01-BA"
747689;2026-01-24;"sábado";"06:00:00";"GO";80;23;"PADRE BERNARDO";"Ausência de reação do condutor";"Capotamento";"Com Vítimas Feridas";"Amanhecer";"Decrescente";"Céu Claro";"Simples";"Declive";"Não";1;0;0;1;0;0;1;1;-15,352951;-48,230642;"SPRF-DF";"DEL03-DF";"UOP02-DEL03-DF"
747691;2026-01-24;"sábado";"05:30:00";"SP";116;284,4;"EMBU DAS ARTES";"Pedestre cruzava a pista fora da faixa";"Atropelamento de Pedestre";"Com Vítimas Fatais";"Amanhecer";"Crescente";"Céu Claro";"Dupla";"Reta";"Não";3;1;0;0;2;0;0;2;-23,67809089;-46,85809537;"SPRF-SP";"DEL04-SP";"UOP01-DEL04-SP"
747695;2026-01-24;"sábado";"07:00:00";"PR";369;138;"IBIPORA";"Ultrapassagem Indevida";"Colisão lateral mesmo sentido";"Com Vítimas Feridas";"Pleno dia";"Crescente";"Céu Claro";"Simples";"Interseção de Vias;Reta";"Sim";3;0;0;2;1;0;2;2;-23,29206417;-51,08850425;"SPRF-PR";"DEL07-PR";"UOP01-DEL07-PR"
747697;2026-01-24;"sábado";"07:10:00";"MG";40;741,3;"SANTOS DUMONT";"Chuva";"Colisão frontal";"Com Vítimas Feridas";"Pleno dia";"Decrescente";"Chuva";"Simples";"Curva";"Não";3;0;1;0;2;0;1;2;-21,43709546;-43,55578987;"SPRF-MG";"DEL05-MG";"UOP01-DEL05-MG"
747701;2026-01-24;"sábado";"08:20:00";"SP";153;47,5;"SAO JOSE DO RIO PRETO";"Conversão proibida";"Colisão transversal";"Com Vítimas Feridas";"Pleno dia";"Crescente";"Nublado";"Simples";"Reta;Declive";"Não";2;0;0;1;1;0;1;2;-20,68811834;-49,33998585;"SPRF-SP";"DEL09-SP";"UOP01-DEL09-SP"
747702;2026-01-24;"sábado";"08:00:00";"BA";116;11;"VITORIA DA CONQUISTA";"Reação tardia ou ineficiente do condutor";"Colisão lateral mesmo sentido";"Com Vítimas Feridas";"Pleno dia";"Crescente";"Céu Claro";"Simples";"Reta";"Não";2;0;0;1;1;0;1;2;-14,87037993;-40,87160524;"SPRF-BA";"DEL08-BA";"UOP01-DEL08-BA"
747705;2026-01-23;"sexta-feira";"18:00:00";"BA";407;101;"JAGUARARI";"Acessar a via sem observar a presença dos outros veículos";"Colisão transversal";"Com Vítimas Feridas";"Anoitecer";"Crescente";"Céu Claro";"Simples";"Aclive;Reta";"Sim";1;0;1;0;0;0;1;1;-10,25812814;-40,19023019;"SPRF-BA";"DEL04-BA";"UOP01-DEL04-BA"
747706;2026-01-24;"sábado";"00:20:00";"RJ";116;173;"RIO DE JANEIRO";"Reação tardia ou ineficiente do condutor";"Colisão lateral mesmo sentido";"Sem Vítimas";"Plena Noite";"Crescente";"Nublado";"Múltipla";"Reta";"Não";3;0;0;0;3;0;0;2;-22,80482269;-43,34529712;"SPRF-RJ";"DEL06-RJ";"UOP01-DEL06-RJ"
747707;2026-01-24;"sábado";"08:25:00";"RN";304;59,2;"MOSSORO";"Avarias e/ou desgaste excessivo no pneu";"Tombamento";"Com Vítimas Feridas";"Pleno dia";"Decrescente";"Céu Claro";"Simples";"Reta";"Não";2;0;2;0;0;0;2;1;-5,31605;-37,2735;"SPRF-RN";"DEL04-RN";"UOP01-DEL04-RN"
747708;2026-01-24;"sábado";"09:10:00";"SC";101;131;"CAMBORIU";"Trafegar com motocicleta (ou similar) entre as faixas";"Colisão traseira";"Com Vítimas Feridas";"Pleno dia";"Crescente";"Céu Claro";"Dupla";"Reta";"Sim";3;0;1;0;2;0;1;3;-26,99107239;-48,66282312;"SPRF-SC";"DEL04-SC";"UOP03-DEL04-SC"
747709;2026-01-24;"sábado";"08:50:00";"SC";282;21,8;"SANTO AMARO DA IMPERATRIZ";"Acessar a via sem observar a presença dos outros veículos";"Colisão transversal";"Com Vítimas Feridas";"Pleno dia";"Crescente";"Céu Claro";"Simples";"Reta";"Sim";2;0;1;0;1;0;1;2;-27,68922315;-48,73073665;"SPRF-SC";"DEL01-SC";"UOP02-DEL01-SC"
747710;2026-01-24;"sábado";"07:45:00";"GO";70;5;"AGUAS LINDAS DE GOIAS";"Estacionar ou parar em local proibido";"Colisão traseira";"Com Vítimas Feridas";"Pleno dia";"Crescente";"Céu Claro";"Dupla";"Curva;Aclive";"Sim";2;0;1;0;1;0;1;2;-15,756239;-48,25524;"SPRF-DF";"DEL03-DF";"UOP02-DEL03-DF"
747711;2026-01-24;"sábado";"09:15:00";"SC";280;67,3;"JARAGUA DO SUL";"Acessar a via sem observar a presença dos outros veículos";"Colisão transversal";"Com Vítimas Feridas";"Pleno dia";"Decrescente";"Céu Claro";"Simples";"Interseção de Vias;Reta";"Sim";5;0;0;2;3;0;2;3;-26,47546139;-49,1069448;"SPRF-SC";"DEL03-SC";"UOP03-DEL03-SC"
747712;2026-01-24;"sábado";"08:50:00";"MG";381;519;"IGARAPE";"Ausência de reação do condutor";"Colisão com objeto";"Com Vítimas Feridas";"Pleno dia";"Crescente";"Garoa/Chuvisco";"Dupla";"Curva";"Não";3;0;1;0;2;0;1;1;-20,11036248;-44,31352012;"SPRF-MG";"DEL01-MG";"UOP03-DEL01-MG"
747715;2026-01-08;"quinta-feira";"17:40:00";"SP";116;228;"SAO PAULO";"Acumulo de água sobre o pavimento";"Engavetamento";"Com Vítimas Feridas";"Anoitecer";"Decrescente";"Garoa/Chuvisco";"Múltipla";"Declive;Reta";"Sim";4;0;2;0;0;2;2;3;-23,503678;-46,56635;"SPRF-SP";"DEL01-SP";"UOP01-DEL01-SP"
747716;2026-01-04;"domingo";"21:05:00";"SP";116;219;"GUARULHOS";"Reação tardia ou ineficiente do condutor";"Engavetamento";"Sem Vítimas";"Plena Noite";"Crescente";"Céu Claro";"Múltipla";"Reta";"Sim";3;0;0;0;3;0;0;3;-23,459512;-46,484639;"SPRF-SP";"DEL01-SP";"UOP01-DEL01-SP"
747717;2026-01-24;"sábado";"09:20:00";"RS";290;76;"GRAVATAI";"Reação tardia ou ineficiente do condutor";"Colisão com objeto";"Sem Vítimas";"Pleno dia";"Crescente";"Céu Claro";"Dupla";"Reta";"Não";1;0;0;0;1;0;0;1;-29,955426;-51,024955;"SPRF-RS";"DEL01-RS";"UOP01-DEL01-RS"
747718;2026-01-24;"sábado";"10:20:00";"SC";101;148;"ITAPEMA";"Ausência de reação do condutor";"Colisão traseira";"Com Vítimas Feridas";"Pleno dia";"Crescente";"Céu Claro";"Múltipla";"Reta";"Sim";2;0;2;0;0;0;2;2;-27,0923746;-48,61760108;"SPRF-SC";"DEL04-SC";"UOP03-DEL04-SC"