"id";"data_inversa";"dia_semana";"horario";"uf";"br";"km";"municipio";"causa_acidente";"tipo_acidente";"classificacao_acidente";"fase_dia";"sentido_via";"condicao_metereologica";"tipo_pista";"tracado_via";"uso_solo";"pessoas";"mortos";"feridos_leves";"feridos_graves";"ilesos";"ignorados";"feridos";"veiculos";"latitude";"longitude";"regional";"delegacia";"uop"
747719;2026-01-24;"sábado";"08:05:00";"PR";277;299;"PRUDENTOPOLIS";"Transitar na contramão";"Colisão lateral sentido oposto";"Com Vítimas Feridas";"Pleno dia";"Decrescente";"Nublado";"Simples";"Curva";"Não";8;0;2;0;6;0;2;2;-25,313375;-51,084398;"SPRF-PR";"DEL08-PR";"UOP01-DEL08-PR"
747721;2026-01-24;"sábado";"08:07:00";"RO";364;773;"PORTO VELHO";"Demais falhas mecânicas ou elétricas";"Queda de ocupante de veículo";"Com Vítimas Feridas";"Pleno dia";"Crescente";"Céu Claro";"Simples";"Reta";"Não";2;0;1;1;0;0;2;1;-9,09645265;-64,09183012;"SPRF-RO";"DEL01-RO";"UOP02-DEL01-RO"
747722;2026-01-24;"sábado";"10:20:00";"MG";459;13,9;"CALDAS";"Chuva";"Saída de leito carroçável";"Com Vítimas Feridas";"Pleno dia";"Decrescente";"Chuva";"Simples";"Reta";"Não";1;0;1;0;0;0;1;1;-21,829828;-46,4481673;"SPRF-MG";"DEL09-MG";"UOP01-DEL09-MG"
747723;2026-01-24;"sábado";"09:40:00";"PR";277;145;"BALSA NOVA";"Condutor deixou de manter distância do veículo da frente";"Colisão traseira";"Com Vítimas Feridas";"Pleno dia";"Crescente";"Céu Claro";"Simples";"Curva";"Não";6;0;1;0;5;0;1;2;-25,47631;-49,71208;"SPRF-PR";"DEL03-PR";"UOP03-DEL03-PR"
747724;2026-01-24;"sábado";"10:10:00";"RS";158;155,8;"PANAMBI";"Ultrapassagem Indevida";"Tombamento";"Com Vítimas Feridas";"Pleno dia";"Crescente";"Céu Claro";"Simples";"Reta";"Sim";3;0;1;1;0;1;2;3;-28,32477335;-53,49899447;"SPRF-RS";"DEL10-RS";"UOP02-DEL10-RS"
747725;2026-01-24;"sábado";"10:30:00";"PR";376;652;"TIJUCAS DO SUL";"Reação tardia ou ineficiente do condutor";"Saída de leito carroçável";"Com Vítimas Feridas";"Pleno dia";"Crescente";"Céu Claro";"Dupla";"Curva;Declive";"Não";1;0;1;0;0;0;1;1;-25,842403;-49,058333;"SPRF-PR";"DEL01-PR";"UOP04-DEL01-PR"
747726;2026-01-24;"sábado";"10:10:00";"MG";381;351;"JOAO MONLEVADE";"Ausência de reação do condutor";"Saída de leito carroçável";"Com Vítimas Feridas";"Pleno dia";"Decrescente";"Chuva";"Simples";"Curva;Rotatória";"Sim";4;0;1;0;3;0;1;1;-19,839437;-43,181564;"SPRF-MG";"DEL03-MG";"UOP01-DEL03-MG"
747729;2026-01-24;"sábado";"08:50:00";"SC";280;86;"CORUPA";"Retorno proibido";"Colisão frontal";"Com Vítimas Feridas";"Pleno dia";"Crescente";"Céu Claro";"Dupla";"Aclive;Reta";"Não";3;0;1;1;1;0;2;2;-26,41491184;-49,26427715;"SPRF-SC";"DEL06-SC";"UOP03-DEL06-SC"
747730;2026-01-24;"sábado";"09:20:00";"RJ";40;34;"AREAL";"Reação tardia ou ineficiente do condutor";"Capotamento";"Com Vítimas Feridas";"Pleno dia";"Decrescente";"Chuva";"Simples";"Curva";"Não";1;0;1;0;0;0;1;1;-22,205276;-43,140631;"SPRF-RJ";"DEL05-RJ";"UOP02-DEL05-RJ"
747731;2026-01-24;"sábado";"11:00:00";"MG";262;52,3;"MANHUACU";"Ultrapassagem Indevida";"Colisão frontal";"Com Vítimas Feridas";"Pleno dia";"Crescente";"Nublado";"Simples";"Reta";"Não";4;0;2;1;1;0;3;2;-20,249606;-42,157985;"SPRF-MG";"DEL06-MG";"UOP03-DEL06-MG"
747732;2026-01-24;"sábado";"11:33:00";"RN";101;122;"SAO JOSE DE MIPIBU";"Manobra de mudança de faixa";"Colisão transversal";"Com Vítimas Feridas";"Pleno dia";"Decrescente";"Céu Claro";"Dupla";"Reta;Retorno Regulamentado";"Não";5;0;5;0;0;0;5;2;-6,0499296;-35,24401115;"SPRF-RN";"DEL01-RN";"UOP01-DEL01-RN"
747733;2026-01-24;"sábado";"11:30:00";"RS";392;3,1;"RIO GRANDE";"Acessar a via sem observar a presença dos outros veículos";"Colisão lateral mesmo sentido";"Com Vítimas Feridas";"Pleno dia";"Crescente";"Sol";"Simples";"Reta";"Sim";3;0;1;1;0;1;2;2;-32,13891744;-52,10965633;"SPRF-RS";"DEL07-RS";"UOP02-DEL07-RS"
747734;2026-01-24;"sábado";"11:40:00";"ES";262;0,3;"VITORIA";"Ausência de reação do condutor";"Colisão traseira";"Com Vítimas Feridas";"Pleno dia";"Decrescente";"Céu Claro";"Dupla";"Ponte;Reta";"Não";3;0;1;0;2;0;1;2;-20,3187971;-40,3497373;"SPRF-ES";"DEL01-ES";"UOP01-DEL01-ES"
747735;2026-01-24;"sábado";"11:00:00";"PR";476;144;"CURITIBA";"Acessar a via sem observar a presença dos outros veículos";"Colisão lateral mesmo sentido";"Com Vítimas Feridas";"Pleno dia";"Crescente";"Céu Claro";"Dupla";"Reta";"Sim";2;0;1;0;1;0;1;2;-25,542608;-49,313505;"SPRF-PR";"DEL01-PR";"UOP06-DEL01-PR"
747736;2026-01-24;"sábado";"10:30:00";"MA";135;6;"SAO LUIS";"Acessar a via sem observar a presença dos outros veículos";"Colisão lateral mesmo sentido";"Sem Vítimas";"Pleno dia";"Crescente";"Céu Claro";"Dupla";"Reta";"Sim";2;0;0;0;2;0;0;2;-2,68824356;-44,29982649;"SPRF-MA";"DEL01-MA";"UOP01-DEL01-MA"
747740;2026-01-24;"sábado";"12:10:00";"DF";60;9,2;"BRASILIA";"Ingestão de álcool pelo condutor";"Colisão traseira";"Com Vítimas Feridas";"Pleno dia";"Crescente";"Céu Claro";"Dupla";"Aclive;Reta";"Sim";2;0;1;0;1;0;1;2;-15,90745;-48,143007;"SPRF-DF";"DEL03-DF";"UOP01-DEL03-DF"
747741;2026-01-24;"sábado";"11:50:00";"RS";290;6;"OSORIO";"Demais falhas mecânicas ou elétricas";"Incêndio";"Sem Vítimas";"Pleno dia";"Decrescente";"Sol";"Dupla";"Reta";"Não";5;0;0;0;5;0;0;1;-29,896517;-50,33449;"SPRF-RS";"DEL03-RS";"UOP01-DEL03-RS"
747742;2026-01-24;"sábado";"12:10:00";"MG";381;500;"BETIM";"Ausência de reação do condutor";"Queda de ocupante de veículo";"Com Vítimas Feridas";"Pleno dia";"Crescente";"Garoa/Chuvisco";"Dupla";"Declive;Reta";"Não";2;0;1;1;0;0;2;1;-20,00313078;-44,21258323;"SPRF-MG";"DEL01-MG";"UOP03-DEL01-MG"
747743;2026-01-24;"sábado";"12:05:00";"PR";376;183,9;"SARANDI";"Velocidade Incompatível";"Colisão traseira";"Com Vítimas Feridas";"Pleno dia";"Crescente";"Céu Claro";"Dupla";"Reta;Declive;Em Obras";"Sim";4;0;1;1;1;1;2;3;-23,44087889;-51,87251524;"SPRF-PR";"DEL09-PR";"UOP01-DEL09-PR"
747744;2026-01-24;"sábado";"12:00:00";"RO";364;603;"ITAPUA DO OESTE";"Acessar a via sem observar a presença dos outros veículos";"Colisão transversal";"Com Vítimas Feridas";"Pleno dia";"Crescente";"Céu Claro";"Dupla";"Interseção de Vias;Retorno Regulamentado;Curva";"Não";5;0;1;0;4;0;1;2;-9,18596045;-63,19483922;"SPRF-RO";"DEL01-RO";"UOP04-DEL01-RO"
747745;2026-01-24;"sábado";"12:15:00";"MG";262;433,3;"NOVA SERRANA";"Acessar a via sem observar a presença dos outros veículos";"Colisão lateral mesmo sentido";"Com Vítimas Feridas";"Pleno dia";"Decrescente";"Nublado";"Dupla";"Reta";"Sim";2;0;0;1;1;0;1;2;-19,881137;-44,932291;"SPRF-MG";"DEL08-MG";"UOP03-DEL08-MG"
747749;2026-01-24;"sábado";"12:05:00";"RO";319;142;"PORTO VELHO";"Reação tardia ou ineficiente do condutor";"Colisão traseira";"Sem Vítimas";"Pleno dia";"Decrescente";"Chuva";"Dupla";"Reta";"Sim";3;0;0;0;3;0;0;3;-8,74951396;-63,88783693;"SPRF-RO";"DEL01-RO";"UOP01-DEL01-RO"
747750;2026-01-24;"sábado";"13:50:00";"SC";282;17;"PALHOCA";"Ausência de reação do condutor";"Colisão lateral mesmo sentido";"Com Vítimas Feridas";"Pleno dia";"Crescente";"Céu Claro";"Simples";"Reta";"Sim";5;0;0;1;4;0;1;2;-27,669657;-48,690739;"SPRF-SC";"DEL01-SC";"UOP02-DEL01-SC"
747751;2026-01-24;"sábado";"10:25:00";"SC";282;72;"RANCHO QUEIMADO";"Ultrapassagem Indevida";"Colisão frontal";"Com Vítimas Feridas";"Pleno dia";"Decrescente";"Céu Claro";"Simples";"Declive;Curva";"Não";3;0;0;1;2;0;1;3;-27,68336003;-49,10589361;"SPRF-SC";"DEL01-SC";"UOP03-DEL01-SC"
747752;2026-01-24;"sábado";"14:00:00";"SP";381;60,5;"MAIRIPORA";"Chuva";"Capotamento";"Com Vítimas Feridas";"Pleno dia";"Crescente";"Chuva";"Dupla";"Declive;Curva";"Não";2;0;1;0;1;0;1;1;-23,30168927;-46,57147944;"SPRF-SP";"DEL03-SP";"UOP01-DEL03-SP"
747753;2026-01-24;"sábado";"14:05:00";"RJ";116;174;"SAO JOAO DE MERITI";"Entrada inopinada do pedestre";"Atropelamento de Pedestre";"Com Vítimas Feridas";"Pleno dia";"Crescente";"Nublado";"Múltipla";"Reta";"Não";4;0;0;1;2;1;1;4;-22,79361328;-43,36490167;"SPRF-RJ";"DEL06-RJ";"UOP01-DEL06-RJ"
747754;2026-01-24;"sábado";"13:04:00";"MA";10;257;"IMPERATRIZ";"Transitar no Acostamento";"Colisão transversal";"Sem Vítimas";"Pleno dia";"Decrescente";"Céu Claro";"Simples";"Reta";"Não";2;0;0;0;2;0;0;2;-5,490385;-47,47218;"SPRF-MA";"DEL04-MA";"UOP01-DEL04-MA"
747755;2026-01-24;"sábado";"14:20:00";"SC";101;126;"ITAJAI";"Trafegar com motocicleta (ou similar) entre as faixas";"Colisão traseira";"Com Vítimas Feridas";"Pleno dia";"Crescente";"Céu Claro";"Dupla";"Curva";"Não";3;0;1;0;2;0;1;2;-26,956238;-48,67983;"SPRF-SC";"DEL04-SC";"UOP04-DEL04-SC"
747756;2026-01-24;"sábado";"13:40:00";"SP";381;65;"MAIRIPORA";"Reação tardia ou ineficiente do condutor";"Saída de leito carroçável";"Sem Vítimas";"Pleno dia";"Decrescente";"Garoa/Chuvisco";"Dupla";"Aclive;Reta";"Sim";1;0;0;0;0;1;0;1;-23,31444878;-46,58214424;"SPRF-SP";"DEL03-SP";"UOP01-DEL03-SP"
747757;2026-01-24;"sábado";"14:30:00";"SC";101;276,6;"IMBITUBA";"Desrespeitar a preferência no cruzamento";"Colisão transversal";"Com Vítimas Feridas";"Pleno dia";"Decrescente";"Céu Claro";"Múltipla";"Interseção de Vias";"Sim";6;0;1;0;5;0;1;2;-28,16029633;-48,69298339;"SPRF-SC";"DEL02-SC";"UOP03-DEL02-SC"
747762;2026-01-24;"sábado";"15:00:00";"GO";60;399;"RIO VERDE";"Velocidade Incompatível";"Capotamento";"Com Vítimas Fatais";"Pleno dia";"Decrescente";"Céu Claro";"Dupla";"Reta";"Não";2;1;1;0;0;0;1;1;-17,821987;-51,058335;"SPRF-GO";"DEL04-GO";"UOP02-DEL04-GO"
747764;2026-01-24;"sábado";"15:30:00";"RS";290;721;"URUGUAIANA";"Mal súbito do condutor";"Saída de leito carroçável";"Sem Vítimas";"Pleno dia";"Crescente";"Céu Claro";"Simples";"Curva";"Sim";1;0;0;0;1;0;0;1;-29,756979;-57,062673;"SPRF-RS";"DEL13-RS";"UOP01-DEL13-RS"
747765;2026-01-24;"sábado";"15:45:00";"SC";470;58,4;"BLUMENAU";"Conversão proibida";"Colisão transversal";"Com Vítimas Feridas";"Pleno dia";"Crescente";"Sol";"Simples";"Aclive;Reta";"Sim";2;0;1;0;1;0;1;2;-26,88406493;-49,15013027;"SPRF-SC";"DEL04-SC";"UOP01-DEL04-SC"
747766;2026-01-24;"sábado";"13:40:00";"PR";376;183,3;"SARANDI";"Velocidade Incompatível";"Engavetamento";"Com Vítimas Feridas";"Pleno dia";"Crescente";"Céu Claro";"Dupla";"Em Obras;Reta";"Sim";6;0;2;0;4;0;2;5;-23,43826028;-51,8765494;"SPRF-PR";"DEL09-PR";"UOP01-DEL09-PR"
747767;2026-01-24;"sábado";"14:15:00";"MG";116;373;"FREI INOCENCIO";"Acessar a via sem observar a presença dos outros veículos";"Colisão transversal";"Com Vítimas Feridas";"Pleno dia";"Crescente";"Céu Claro";"Simples";"Reta";"Sim";3;0;2;0;1;0;2;3;-18,56222993;-41,90686433;"SPRF-MG";"DEL11-MG";"UOP01-DEL11-MG"
747768;2026-01-24;"sábado";"15:30:00";"MG";262;827;"UBERABA";"Avarias e/ou desgaste excessivo no pneu";"Queda de ocupante de veículo";"Com Vítimas Feridas";"Pleno dia";"Crescente";"Céu Claro";"Dupla";"Reta";"Não";2;0;2;0;0;0;2;1;-19,76339;-48,13124;"SPRF-MG";"DEL13-MG";"UOP01-DEL13-MG"
747770;2026-01-24;"sábado";"16:20:00";"MG";381;492;"BETIM";"Ausência de reação do condutor";"Colisão com objeto";"Com Vítimas Feridas";"Pleno dia";"Crescente";"Céu Claro";"Simples";"Reta";"Sim";1;0;0;1;0;0;1;1;-19,96211636;-44,1630156;"SPRF-MG";"DEL01-MG";"UOP03-DEL01-MG"
747773;2026-01-24;"sábado";"13:00:00";"RO";364;424,9;"JARU";"Ultrapassagem Indevida";"Colisão lateral mesmo sentido";"Com Vítimas Feridas";"Pleno dia";"Decrescente";"Nublado";"Múltipla";"Reta;Interseção de Vias";"Sim";2;0;1;0;1;0;1;2;-10,43866599;-62,47095935;"SPRF-RO";"DEL03-RO";"UOP02-DEL03-RO"
747776;2026-01-24;"sábado";"15:55:00";"RS";290;90;"PORTO ALEGRE";"Demais falhas mecânicas ou elétricas";"Colisão lateral mesmo sentido";"Com Vítimas Feridas";"Pleno dia";"Decrescente";"Céu Claro";"Múltipla";"Reta";"Não";2;0;1;0;1;0;1;2;-29,96840815;-51,15803465;"SPRF-RS";"DEL01-RS";"UOP01-DEL01-RS"
747777;2026-01-24;"sábado";"16:30:00";"RS";285;456;"IJUI";"Desrespeitar a preferência no cruzamento";"Colisão transversal";"Com Vítimas Feridas";"Pleno dia";"Decrescente";"Céu Claro";"Simples";"Reta;Interseção de Vias;Em Obras";"Sim";7;0;2;0;5;0;2;2;-28,388062;-53,892128;"SPRF-RS";"DEL10-RS";"UOP01-DEL10-RS"
747778;2026-01-24;"sábado";"13:55:00";"AC";364;136;"RIO BRANCO";"Transitar na contramão";"Colisão frontal";"Com Vítimas Feridas";"Pleno dia";"Decrescente";"Nublado";"Dupla";"Reta";"Sim";2;0;2;0;0;0;2;2;-9,97774778;-67,84913778;"SPRF-AC";"DEL01-AC";"UOP01-DEL01-AC"
747779;2026-01-24;"sábado";"16:10:00";"SC";101;196;"BIGUACU";"Trafegar com motocicleta (ou similar) entre as faixas";"Colisão lateral mesmo sentido";"Com Vítimas Feridas";"Pleno dia";"Decrescente";"Sol";"Múltipla";"Reta";"Sim";2;0;1;0;1;0;1;2;-27,50807783;-48,64594314;"SPRF-SC";"DEL01-SC";"UOP01-DEL01-SC"
747781;2026-01-24;"sábado";"15:05:00";"RJ";40;82;"PETROPOLIS";"Acumulo de óleo sobre o pavimento";"Tombamento";"Com Vítimas Feridas";"Pleno dia";"Decrescente";"Nevoeiro/Neblina";"Simples";"Reta";"Não";2;0;1;0;1;0;1;1;-22,536365;-43,222097;"SPRF-RJ";"DEL01-RJ";"UOP01-DEL01-RJ"
747783;2026-01-24;"sábado";"14:04:00";"MS";163;680;"RIO VERDE DE MATO GROSSO";"Acessar a via sem observar a presença dos outros veículos";"Colisão transversal";"Com Vítimas Feridas";"Pleno dia";"Crescente";"Céu Claro";"Simples";"Interseção de Vias;Reta";"Sim";3;0;1;0;2;0;1;2;-18,91122393;-54,83969668;"SPRF-MS";"DEL06-MS";"UOP02-DEL06-MS"
747784;2026-01-24;"sábado";"17:15:00";"SC";470;74,5;"INDAIAL";"Transitar na contramão";"Colisão frontal";"Com Vítimas Fatais";"Pleno dia";"Crescente";"Nublado";"Simples";"Reta";"Não";6;3;0;0;2;1;0;4;-26,92087;-49,28245;"SPRF-SC";"DEL04-SC";"UOP01-DEL04-SC"
747785;2026-01-24;"sábado";"16:10:00";"SP";381;70;"MAIRIPORA";"Curva acentuada";"Tombamento";"Sem Vítimas";"Pleno dia";"Decrescente";"Chuva";"Dupla";"Curva;Declive";"Sim";1;0;0;0;1;0;0;1;-23,3492783;-46,55353244;"SPRF-SP";"DEL03-SP";"UOP01-DEL03-SP"
747786;2026-01-24;"sábado";"17:10:00";"PR";277;22,9;"MORRETES";"Manobra de mudança de faixa";"Colisão lateral mesmo sentido";"Com Vítimas Feridas";"Pleno dia";"Decrescente";"Nublado";"Dupla";"Declive;Reta;Retorno Regulamentado";"Não";2;0;1;0;1;0;1;2;-25,52872768;-48,73541292;"SPRF-PR";"DEL01-PR";"UOP05-DEL01-PR"
747788;2026-01-22;"quinta-feira";"12:00:00";"MA";222;629;"ACAILANDIA";"Reação tardia ou ineficiente do condutor";"Saída de leito carroçável";"Com Vítimas Feridas";"Pleno dia";"Decrescente";"Céu Claro";"Simples";"Reta";"Não";4;0;1;2;1;0;3;1;-4,77899;-47,14276;"SPRF-MA";"DEL04-MA";"UOP03-DEL04-MA"
747789;2026-01-24;"sábado";"16:50:00";"PR";369;71;"SANTA MARIANA";"Acessar a via sem observar a presença dos outros veículos";"Colisão transversal";"Com Vítimas Feridas";"Pleno dia";"Crescente";"Céu Claro";"Simples";"Interseção de Vias;Curva";"Não";7;0;4;0;3;0;4;2;-23,14666106;-50,49892394;"SPRF-PR";"DEL07-PR";"UOP05-DEL07-PR"
747790;2026-01-24;"sábado";"16:20:00";"PA";316;202;"BRAGANCA";"Ingestão de álcool pelo condutor";"Colisão frontal";"Com Vítimas Feridas";"Pleno dia";"Crescente";"Nublado";"Simples";"Declive";"Não";3;0;0;1;2;0;1;2;-1,56672;-46,860886;"SPRF-PA";"DEL01-PA";"UOP03-DEL01-PA"
747792;2026-01-24;"sábado";"15:50:00";"PR";277;484,6;"NOVA LARANJEIRAS";"Condutor deixou de manter distância do veículo da frente";"Colisão traseira";"Com Vítimas Feridas";"Pleno dia";"Decrescente";"Céu Claro";"Simples";"Declive;Reta";"Não";2;0;1;0;1;0;1;2;-25,27036;-52,61218;"SPRF-PR";"DEL04-PR";"UOP02-DEL04-PR"
747793;2026-01-24;"sábado";"18:10:00";"ES";101;126;"SOORETAMA";"Velocidade Incompatível";"Queda de ocupante de veículo";"Com Vítimas Feridas";"Anoitecer";"Decrescente";"Céu Claro";"Múltipla";"Aclive;Curva";"Não";1;0;1;0;0;0;1;1;-19,19546726;-40,09502141;"SPRF-ES";"DEL04-ES";"UOP01-DEL04-ES"
747794;2026-01-24;"sábado";"17:55:00";"PR";376;616;"SAO JOSE DOS PINHAIS";"Ausência de reação do condutor";"Colisão traseira";"Com Vítimas Feridas";"Anoitecer";"Crescente";"Céu Claro";"Dupla";"Reta";"Sim";4;0;1;0;3;0;1;2;-25,584593;-49,175573;"SPRF-PR";"DEL01-PR";"UOP04-DEL01-PR"
747795;2026-01-24;"sábado";"16:20:00";"RJ";116;82;"TERESOPOLIS";"Acessar a via sem observar a presença dos outros veículos";"Colisão transversal";"Com Vítimas Feridas";"Pleno dia";"Crescente";"Nublado";"Simples";"Aclive;Reta";"Sim";2;0;1;0;1;0;1;2;-22,407399;-42,950862;"SPRF-RJ";"DEL04-RJ";"UOP01-DEL04-RJ"
747796;2026-01-24;"sábado";"14:30:00";"MG";116;731,1;"LARANJAL";"Ausência de reação do condutor";"Saída de leito carroçável";"Com Vítimas Feridas";"Pleno dia";"Crescente";"Nublado";"Simples";"Curva";"Não";2;0;2;0;0;0;2;1;-21,3256669;-42,45229203;"SPRF-MG";"DEL07-MG";"UOP02-DEL07-MG"
747799;2026-01-24;"sábado";"16:30:00";"RJ";393;298;"BARRA MANSA";"Acessar a via sem observar a presença dos outros veículos";"Colisão transversal";"Com Vítimas Feridas";"Pleno dia";"Decrescente";"Chuva";"Simples";"Reta";"Não";2;0;1;0;1;0;1;2;-22,55898584;-44,11697388;"SPRF-RJ";"DEL07-RJ";"UOP02-DEL07-RJ"
747800;2026-01-24;"sábado";"16:00:00";"SC";282;3,5;"FLORIANOPOLIS";"Ingestão de álcool pelo condutor";"Saída de leito carroçável";"Com Vítimas Feridas";"Pleno dia";"Crescente";"Céu Claro";"Dupla";"Curva";"Sim";2;0;2;0;0;0;2;1;-27,59489879;-48,60155106;"SPRF-SC";"DEL01-SC";"UOP01-DEL01-SC"
747804;2026-01-24;"sábado";"18:50:00";"ES";101;212;"IBIRACU";"Transitar na contramão";"Colisão transversal";"Com Vítimas Feridas";"Plena Noite";"Decrescente";"Céu Claro";"Simples";"Curva";"Não";3;0;1;1;1;0;2;2;-19,81436;-40,365922;"SPRF-ES";"DEL02-ES";"UOP01-DEL02-ES"
747805;2026-01-24;"sábado";"18:20:00";"RS";470;234;"CARLOS BARBOSA";"Velocidade Incompatível";"Colisão com objeto";"Sem Vítimas";"Pleno dia";"Crescente";"Céu Claro";"Simples";"Curva;Declive";"Não";1;0;0;0;1;0;0;1;-29,310167;-51,487121;"SPRF-RS";"DEL06-RS";"UOP01-DEL06-RS"
747806;2026-01-24;"sábado";"17:10:00";"MG";116;305;"ITAMBACURI";"Reação tardia ou ineficiente do condutor";"Saída de leito carroçável";"Com Vítimas Feridas";"Pleno dia";"Crescente";"Nublado";"Simples";"Curva";"Não";1;0;0;1;0;0;1;1;-18,0317909;-41,65298939;"SPRF-MG";"DEL11-MG";"UOP01-DEL11-MG"
747807;2026-01-24;"sábado";"12:10:00";"PR";376;228;"APUCARANA";"Reação tardia ou ineficiente do condutor";"Tombamento";"Com Vítimas Feridas";"Pleno dia";"Decrescente";"Céu Claro";"Dupla";"Reta";"Não";1;0;1;0;0;0;1;1;-23,56979508;-51,5478816;"SPRF-PR";"DEL07-PR";"UOP03-DEL07-PR"
747808;2026-01-24;"sábado";"18:20:00";"MG";262;407,2;"IGARATINGA";"Acessar a via sem observar a presença dos outros veículos";"Colisão traseira";"Com Vítimas Feridas";"Anoitecer";"Crescente";"Nublado";"Dupla";"Retorno Regulamentado";"Sim";2;0;1;0;1;0;1;2;-19,89875;-44,69703;"SPRF-MG";"DEL01-MG";"UOP03-DEL01-MG"
747809;2026-01-24;"sábado";"18:40:00";"RS";386;241,7;"SOLEDADE";"Ingestão de álcool pelo condutor";"Colisão com objeto";"Com Vítimas Feridas";"Pleno dia";"Crescente";"Céu Claro";"Simples";"Curva";"Não";8;0;8;0;0;0;8;3;-28,78053;-52,53292;"SPRF-RS";"DEL04-RS";"UOP03-DEL04-RS"
747810;2026-01-24;"sábado";"18:30:00";"PR";476;195,9;"LAPA";"Frear bruscamente";"Queda de ocupante de veículo";"Com Vítimas Feridas";"Anoitecer";"Decrescente";"Céu Claro";"Dupla";"Curva;Interseção de Vias";"Não";2;0;2;0;0;0;2;1;-25,7523857;-49,7243082;"SPRF-PR";"DEL01-PR";"UOP06-DEL01-PR"
747814;2026-01-24;"sábado";"19:15:00";"MS";262;378;"TERENOS";"Acessar a via sem observar a presença dos outros veículos";"Colisão transversal";"Com Vítimas Feridas";"Plena Noite";"Crescente";"Céu Claro";"Simples";"Reta";"Não";2;0;1;0;1;0;1;2;-20,467564;-54,841169;"SPRF-MS";"DEL01-MS";"UOP03-DEL01-MS"
747815;2026-01-24;"sábado";"19:30:00";"MG";459;91,9;"CONGONHAL";"Objeto estático sobre o leito carroçável";"Colisão com objeto";"Com Vítimas Feridas";"Plena Noite";"Decrescente";"Chuva";"Simples";"Curva";"Não";1;0;1;0;0;0;1;1;-22,1596206;-46,0067155;"SPRF-MG";"DEL09-MG";"UOP01-DEL09-MG"
747816;2026-01-24;"sábado";"18:35:00";"PI";343;346;"TERESINA";"Manobra de mudança de faixa";"Colisão lateral mesmo sentido";"Sem Vítimas";"Plena Noite";"Crescente";"Céu Claro";"Simples";"Reta";"Não";2;0;0;0;2;0;0;2;-5,112462;-42,77395;"SPRF-PI";"DEL01-PI";"UOP01-DEL01-PI"
747817;2026-01-24;"sábado";"18:30:00";"SE";101;39;"JAPARATUBA";"Ausência de reação do condutor";"Queda de ocupante de veículo";"Com Vítimas Feridas";"Plena Noite";"Decrescente";"Céu Claro";"Dupla";"Declive;Reta";"Não";1;0;1;0;0;0;1;1;-10,51743373;-36,94951057;"SPRF-SE";"DEL02-SE";"UOP02-DEL02-SE"
747818;2026-01-24;"sábado";"11:45:00";"RS";392;57;"RIO GRANDE";"Ausência de reação do condutor";"Tombamento";"Com Vítimas Feridas";"Pleno dia";"Decrescente";"Céu Claro";"Dupla";"Reta";"Não";1;0;1;0;0;0;1;1;-32,11481808;-52,15732321;"SPRF-RS";"DEL07-RS";"UOP02-DEL07-RS"
747819;2026-01-24;"sábado";"19:55:00";"SP";153;44,5;"SAO JOSE DO RIO PRETO";"Transitar no Acostamento";"Colisão traseira";"Com Vítimas Feridas";"Plena Noite";"Decrescente";"Céu Claro";"Simples";"Reta";"Sim";2;0;0;1;0;1;1;2;-20,672232;-49,340523;"SPRF-SP";"DEL09-SP";"UOP01-DEL09-SP"
747820;2026-01-24;"sábado";"19:30:00";"MS";262;326;"CAMPO GRANDE";"Entrada inopinada do pedestre";"Atropelamento de Pedestre";"Com Vítimas Feridas";"Plena Noite";"Decrescente";"Céu Claro";"Dupla";"Reta";"Sim";2;0;1;0;1;0;1;2;-20,46734;-54,540443;"SPRF-MS";"DEL01-MS";"UOP01-DEL01-MS"
747821;2026-01-24;"sábado";"19:54:00";"MS";163;688;"RIO VERDE DE MATO GROSSO";"Ingestão de álcool pelo condutor";"Colisão lateral sentido oposto";"Com Vítimas Feridas";"Plena Noite";"Crescente";"Céu Claro";"Simples";"Reta";"Não";3;0;0;1;2;0;1;2;-18,855682;-54,821977;"SPRF-MS";"DEL06-MS";"UOP01-DEL06-MS"
747822;2026-01-24;"sábado";"19:50:00";"GO";452;129;"BOM JESUS DE GOIAS";"Ultrapassagem Indevida";"Colisão frontal";"Com Vítimas Feridas";"Plena Noite";"Crescente";"Céu Claro";"Simples";"Curva";"Não";4;0;3;1;0;0;4;2;-18,19838275;-49,77817059;"SPRF-GO";"DEL03-GO";"UOP02-DEL03-GO"
747823;2026-01-24;"sábado";"20:00:00";"PR";163;83;"PLANALTO";"Velocidade Incompatível";"Colisão transversal";"Com Vítimas Feridas";"Plena Noite";"Decrescente";"Céu Claro";"Simples";"Interseção de Vias;Reta";"Sim";2;0;1;0;1;0;1;2;-25,710185;-53,768735;"SPRF-PR";"DEL02-PR";"UOP02-DEL02-PR"
747824;2026-01-24;"sábado";"19:30:00";"RS";158;157,2;"PANAMBI";"Ingestão de álcool pelo condutor";"Saída de leito carroçável";"Com Vítimas Feridas";"Plena Noite";"Decrescente";"Nublado";"Simples";"Reta";"Sim";1;0;1;0;0;0;1;1;-28,33568;-53,501362;"SPRF-RS";"DEL10-RS";"UOP02-DEL10-RS"
747825;2026-01-24;"sábado";"20:15:00";"RJ";116;184;"NOVA IGUACU";"Acumulo de areia ou detritos sobre o pavimento";"Queda de ocupante de veículo";"Com Vítimas Feridas";"Plena Noite";"Decrescente";"Garoa/Chuvisco";"Dupla";"Reta";"Sim";1;0;0;1;0;0;1;1;-22,7482717;-43,44376523;"SPRF-RJ";"DEL06-RJ";"UOP01-DEL06-RJ"