"id";"data_inversa";"dia_semana";"horario";"uf";"br";"km";"municipio";"causa_acidente";"tipo_acidente";"classificacao_acidente";"fase_dia";"sentido_via";"condicao_metereologica";"tipo_pista";"tracado_via";"uso_solo";"pessoas";"mortos";"feridos_leves";"feridos_graves";"ilesos";"ignorados";"feridos";"veiculos";"latitude";"longitude";"regional";"delegacia";"uop"
747942;2026-01-25;"domingo";"08:10:00";"PR";376;439,1;"IPIRANGA";"Ausência de reação do condutor";"Saída de leito carroçável";"Sem Vítimas";"Pleno dia";"Decrescente";"Sol";"Dupla";"Curva;Aclive";"Não";1;0;0;0;0;1;0;1;-24,84976547;-50,47187654;"SPRF-PR";"DEL03-PR";"UOP02-DEL03-PR"
747943;2026-01-25;"domingo";"10:00:00";"MG";381;832,5;"SAO SEBASTIAO DA BELA VISTA";"Avarias e/ou desgaste excessivo no pneu";"Tombamento";"Com Vítimas Feridas";"Pleno dia";"Decrescente";"Nublado";"Dupla";"Reta";"Não";2;0;2;0;0;0;2;1;-22,12125963;-45,78657299;"SPRF-MG";"DEL16-MG";"UOP01-DEL16-MG"
747945;2026-01-25;"domingo";"10:20:00";"PB";230;43;"SANTA RITA";"Demais falhas mecânicas ou elétricas";"Incêndio";"Sem Vítimas";"Pleno dia";"Decrescente";"Sol";"Dupla";"Reta";"Não";1;0;0;0;1;0;0;1;-7,152522;-35,009305;"SPRF-PB";"DEL01-PB";"UOP02-DEL01-PB"
747946;2026-01-25;"domingo";"11:10:00";"SC";101;157,3;"PORTO BELO";"Velocidade Incompatível";"Colisão com objeto";"Com Vítimas Feridas";"Pleno dia";"Decrescente";"Sol";"Múltipla";"Interseção de Vias";"Não";2;0;2;0;0;0;2;1;-27,185064;-48,611936;"SPRF-SC";"DEL04-SC";"UOP03-DEL04-SC"
747947;2026-01-25;"domingo";"10:20:00";"RJ";493;53;"DUQUE DE CAXIAS";"Animais na Pista";"Atropelamento de Animal";"Com Vítimas Feridas";"Pleno dia";"Crescente";"Nublado";"Dupla";"Reta";"Não";2;0;2;0;0;0;2;1;-22,66763383;-43,31662093;"SPRF-RJ";"DEL01-RJ";"UOP03-DEL01-RJ"
747948;2026-01-25;"domingo";"11:00:00";"PE";101;76;"RECIFE";"Condutor deixou de manter distância do veículo da frente";"Colisão traseira";"Com Vítimas Feridas";"Pleno dia";"Crescente";"Sol";"Dupla";"Reta";"Não";4;0;1;0;3;0;1;2;-8,13302;-34,94668;"SPRF-PE";"DEL01-PE";"UOP01-DEL01-PE"
747949;2026-01-25;"domingo";"22:50:00";"RS";392;117;"CANGUCU";"Ausência de reação do condutor";"Colisão com objeto";"Sem Vítimas";"Plena Noite";"Crescente";"Céu Claro";"Simples";"Declive";"Sim";1;0;0;0;1;0;0;1;-31,41026441;-52,68138235;"SPRF-RS";"DEL07-RS";"UOP01-DEL07-RS"
747952;2026-01-25;"domingo";"21:50:00";"RO";319;142;"PORTO VELHO";"Acessar a via sem observar a presença dos outros veículos";"Colisão transversal";"Com Vítimas Feridas";"Plena Noite";"Crescente";"Nublado";"Múltipla";"Reta";"Sim";2;0;1;1;0;0;2;2;-8,75028811;-63,88800786;"SPRF-RO";"DEL01-RO";"UOP01-DEL01-RO"
747953;2026-01-25;"domingo";"19:09:00";"RS";386;356,6;"ESTRELA";"Ingestão de álcool pelo condutor";"Colisão com objeto";"Com Vítimas Feridas";"Anoitecer";"Decrescente";"Céu Claro";"Dupla";"Reta";"Não";1;0;1;0;0;0;1;1;-29,52860597;-51,92917434;"SPRF-RS";"DEL04-RS";"UOP01-DEL04-RS"
747954;2026-01-25;"domingo";"15:00:00";"MG";381;907,5;"CAMBUI";"Velocidade Incompatível";"Colisão com objeto";"Com Vítimas Feridas";"Pleno dia";"Decrescente";"Chuva";"Dupla";"Curva;Declive";"Não";4;0;1;0;3;0;1;1;-22,67484735;-46,09657288;"SPRF-MG";"DEL16-MG";"UOP03-DEL16-MG"
747955;2026-01-25;"domingo";"15:18:00";"SP";116;200,5;"ARUJA";"Acumulo de água sobre o pavimento";"Saída de leito carroçável";"Com Vítimas Feridas";"Pleno dia";"Decrescente";"Chuva";"Dupla";"Reta";"Não";4;0;3;0;1;0;3;1;-23,40290932;-46,32360983;"SPRF-SP";"DEL01-SP";"UOP01-DEL01-SP"
747957;2026-01-25;"domingo";"19:30:00";"RS";158;352;"SANTA MARIA";"Reação tardia ou ineficiente do condutor";"Saída de leito carroçável";"Com Vítimas Feridas";"Anoitecer";"Crescente";"Céu Claro";"Simples";"Reta";"Não";2;0;0;2;0;0;2;1;-29,765921;-54,059125;"SPRF-RS";"DEL09-RS";"UOP01-DEL09-RS"
747961;2026-01-25;"domingo";"17:55:00";"SP";153;56,2;"SAO JOSE DO RIO PRETO";"Ausência de reação do condutor";"Colisão traseira";"Com Vítimas Feridas";"Amanhecer";"Decrescente";"Nublado";"Dupla";"Aclive";"Sim";4;0;1;0;3;0;1;2;-20,7615601;-49,34622278;"SPRF-SP";"DEL09-SP";"UOP01-DEL09-SP"
747962;2026-01-25;"domingo";"13:30:00";"BA";324;574;"SAO SEBASTIAO DO PASSE";"Transtornos Mentais (exceto suicidio)";"Atropelamento de Pedestre";"Com Vítimas Feridas";"Pleno dia";"Crescente";"Céu Claro";"Dupla";"Reta";"Não";2;0;0;1;0;1;1;2;-12,56216;-38,55936;"SPRF-BA";"DEL01-BA";"UOP01-DEL01-BA"
747963;2026-01-25;"domingo";"21:05:00";"ES";101;146;"LINHARES";"Velocidade Incompatível";"Colisão traseira";"Com Vítimas Feridas";"Plena Noite";"Crescente";"Céu Claro";"Múltipla";"Retorno Regulamentado;Reta";"Sim";3;0;1;1;1;0;2;3;-19,36945866;-40,065814;"SPRF-ES";"DEL04-ES";"UOP01-DEL04-ES"
747964;2026-01-25;"domingo";"16:00:00";"GO";60;47,7;"ABADIANIA";"Ingestão de álcool pelo condutor";"Colisão traseira";"Sem Vítimas";"Pleno dia";"Crescente";"Chuva";"Dupla";"Aclive;Curva";"Não";7;0;0;0;7;0;0;2;-16,148698;-48,609898;"SPRF-GO";"DEL02-GO";"UOP01-DEL02-GO"
747965;2026-01-25;"domingo";"14:00:00";"PE";101;42,5;"IGARASSU";"Ausência de reação do condutor";"Colisão com objeto";"Com Vítimas Fatais";"Pleno dia";"Decrescente";"Céu Claro";"Múltipla";"Reta";"Sim";1;1;0;0;0;0;0;1;-7,843;-34,911;"SPRF-PE";"DEL01-PE";"UOP02-DEL01-PE"
747966;2026-01-25;"domingo";"15:25:00";"DF";20;6;"BRASILIA";"Acessar a via sem observar a presença dos outros veículos";"Colisão transversal";"Com Vítimas Feridas";"Pleno dia";"Crescente";"Nublado";"Múltipla";"Reta";"Sim";3;0;1;0;2;0;1;2;-15,66204118;-47,7994908;"SPRF-DF";"DEL02-DF";"UOP01-DEL02-DF"
747967;2026-01-25;"domingo";"12:12:00";"ES";101;147;"LINHARES";"Ausência de reação do condutor";"Colisão traseira";"Com Vítimas Feridas";"Pleno dia";"Crescente";"Céu Claro";"Dupla";"Reta";"Sim";2;0;0;1;1;0;1;2;-19,39490406;-40,06494999;"SPRF-ES";"DEL04-ES";"UOP01-DEL04-ES"
747968;2026-01-25;"domingo";"20:32:00";"GO";414;439,9;"ANAPOLIS";"Ingestão de álcool pelo condutor";"Colisão frontal";"Com Vítimas Fatais";"Plena Noite";"Crescente";"Céu Claro";"Simples";"Declive;Reta";"Sim";2;1;0;0;1;0;0;2;-16,280545;-48,942315;"SPRF-GO";"DEL02-GO";"UOP01-DEL02-GO"
747969;2026-01-25;"domingo";"20:00:00";"GO";80;1,7;"PADRE BERNARDO";"Ausência de reação do condutor";"Saída de leito carroçável";"Com Vítimas Feridas";"Plena Noite";"Decrescente";"Nublado";"Dupla";"Reta";"Não";5;0;5;0;0;0;5;1;-15,501622;-48,21539;"SPRF-DF";"DEL03-DF";"UOP02-DEL03-DF"
747970;2026-01-25;"domingo";"11:35:00";"MT";163;56,8;"RONDONOPOLIS";"Ausência de reação do condutor";"Saída de leito carroçável";"Com Vítimas Fatais";"Pleno dia";"Decrescente";"Nublado";"Dupla";"Reta";"Não";2;2;0;0;0;0;0;1;-17,011436;-54,758846;"SPRF-MT";"DEL02-MT";"UOP03-DEL02-MT"
747971;2026-01-25;"domingo";"12:00:00";"DF";70;6;"BRASILIA";"Ausência de reação do condutor";"Saída de leito carroçável";"Com Vítimas Feridas";"Pleno dia";"Crescente";"Chuva";"Dupla";"Reta";"Sim";1;0;1;0;0;0;1;1;-15,79149993;-48,15306187;"SPRF-DF";"DEL03-DF";"UOP02-DEL03-DF"
747972;2026-01-20;"terça-feira";"18:00:00";"AL";316;53,7;"CANAPI";"Objeto estático sobre o leito carroçável";"Colisão com objeto";"Com Vítimas Feridas";"Plena Noite";"Decrescente";"Céu Claro";"Simples";"Reta";"Não";2;0;2;0;0;0;2;1;-9,19929273;-37,50644356;"SPRF-AL";"DEL03-AL";"UOP02-DEL03-AL"
747973;2026-01-25;"domingo";"14:40:00";"GO";60;16;"ALEXANIA";"Ausência de reação do condutor";"Saída de leito carroçável";"Com Vítimas Feridas";"Pleno dia";"Decrescente";"Chuva";"Dupla";"Declive";"Não";1;0;0;1;0;0;1;1;-16,112974;-48,36712;"SPRF-DF";"DEL03-DF";"UOP01-DEL03-DF"
747974;2026-01-25;"domingo";"18:40:00";"RO";364;197,7;"PIMENTA BUENO";"Reação tardia ou ineficiente do condutor";"Colisão traseira";"Sem Vítimas";"Anoitecer";"Decrescente";"Céu Claro";"Simples";"Reta";"Sim";4;0;0;0;4;0;0;2;-11,673315;-61,19039;"SPRF-RO";"DEL02-RO";"UOP02-DEL02-RO"
747976;2026-01-25;"domingo";"10:20:00";"MS";262;318;"CAMPO GRANDE";"Velocidade Incompatível";"Colisão com objeto";"Com Vítimas Feridas";"Pleno dia";"Decrescente";"Céu Claro";"Simples";"Reta";"Não";1;0;0;1;0;0;1;1;-20,47132525;-54,44858551;"SPRF-MS";"DEL01-MS";"UOP01-DEL01-MS"
747977;2026-01-25;"domingo";"20:30:00";"PR";376;45,6;"NOVA LONDRINA";"Reação tardia ou ineficiente do condutor";"Colisão com objeto";"Com Vítimas Feridas";"Plena Noite";"Crescente";"Céu Claro";"Simples";"Rotatória;Reta";"Não";8;0;2;0;6;0;2;2;-22,86028196;-52,96635316;"SPRF-PR";"DEL09-PR";"UOP02-DEL09-PR"
747978;2026-01-25;"domingo";"17:09:00";"MT";174;8;"PONTES E LACERDA";"Ingestão de álcool pelo condutor";"Saída de leito carroçável";"Sem Vítimas";"Pleno dia";"Decrescente";"Nublado";"Simples";"Curva";"Não";2;0;0;0;1;1;0;2;-15,203163;-59,366312;"SPRF-MT";"DEL04-MT";"UOP01-DEL04-MT"
747979;2026-01-25;"domingo";"21:45:00";"MA";222;673;"ACAILANDIA";"Ingestão de álcool pelo condutor";"Colisão traseira";"Sem Vítimas";"Plena Noite";"Crescente";"Céu Claro";"Simples";"Reta";"Sim";2;0;0;0;2;0;0;2;-4,95481;-47,49008;"SPRF-MA";"DEL04-MA";"UOP03-DEL04-MA"
747982;2026-01-25;"domingo";"18:50:00";"BA";324;622;"SALVADOR";"Ingestão de álcool pelo condutor";"Colisão traseira";"Com Vítimas Feridas";"Plena Noite";"Decrescente";"Céu Claro";"Dupla";"Reta";"Sim";2;0;1;0;1;0;1;2;-12,931836;-38,471007;"SPRF-BA";"DEL01-BA";"UOP01-DEL01-BA"
747983;2026-01-25;"domingo";"11:20:00";"SP";153;258,4;"MARILIA";"Ausência de reação do condutor";"Queda de ocupante de veículo";"Com Vítimas Feridas";"Pleno dia";"Decrescente";"Céu Claro";"Simples";"Aclive";"Não";1;0;1;0;0;0;1;1;-22,255434;-49,921877;"SPRF-SP";"DEL07-SP";"UOP02-DEL07-SP"
747985;2026-01-25;"domingo";"14:40:00";"PR";376;385,2;"IMBAU";"Ausência de reação do condutor";"Tombamento";"Com Vítimas Feridas";"Pleno dia";"Crescente";"Sol";"Dupla";"Declive";"Não";2;0;1;1;0;0;2;1;-24,475686;-50,73767;"SPRF-PR";"DEL03-PR";"UOP02-DEL03-PR"
747986;2026-01-26;"segunda-feira";"01:06:00";"SP";116;230;"SAO PAULO";"Ingestão de álcool pelo condutor";"Colisão com objeto";"Com Vítimas Feridas";"Plena Noite";"Decrescente";"Nublado";"Múltipla";"Reta";"Sim";2;0;1;0;1;0;1;1;-23,518793;-46,581831;"SPRF-SP";"DEL01-SP";"UOP01-DEL01-SP"
747988;2026-01-26;"segunda-feira";"00:00:00";"SC";470;87,6;"ASCURRA";"Velocidade Incompatível";"Colisão traseira";"Com Vítimas Feridas";"Plena Noite";"Crescente";"Céu Claro";"Simples";"Reta";"Sim";6;0;2;0;4;0;2;2;-26,952047;-49,37081;"SPRF-SC";"DEL04-SC";"UOP01-DEL04-SC"
747989;2026-01-25;"domingo";"20:25:00";"PR";277;677,7;"MEDIANEIRA";"Pedestre cruzava a pista fora da faixa";"Atropelamento de Pedestre";"Com Vítimas Fatais";"Plena Noite";"Crescente";"Céu Claro";"Dupla";"Reta";"Sim";4;1;1;0;0;2;1;2;-25,30198947;-54,12928647;"SPRF-PR";"DEL05-PR";"UOP01-DEL05-PR"
747990;2026-01-25;"domingo";"19:30:00";"MG";381;378;"SAO GONCALO DO RIO ABAIXO";"Ausência de reação do condutor";"Colisão lateral sentido oposto";"Com Vítimas Feridas";"Plena Noite";"Decrescente";"Céu Claro";"Simples";"Curva;Declive";"Não";2;0;0;1;1;0;1;2;-19,83502313;-43,36878777;"SPRF-MG";"DEL01-MG";"UOP01-DEL01-MG"
747991;2026-01-25;"domingo";"19:00:00";"CE";222;324,2;"TIANGUA";"Entrada inopinada do pedestre";"Atropelamento de Pedestre";"Com Vítimas Fatais";"Plena Noite";"Decrescente";"Nublado";"Simples";"Reta";"Não";2;1;0;0;0;1;0;2;-3,79837692;-41,07100368;"SPRF-CE";"DEL04-CE";"UOP02-DEL04-CE"
747992;2026-01-25;"domingo";"18:40:00";"CE";222;40;"CAUCAIA";"Animais na Pista";"Atropelamento de Animal";"Com Vítimas Feridas";"Plena Noite";"Crescente";"Céu Claro";"Simples";"Reta";"Não";2;0;2;0;0;0;2;1;-3,68263;-38,921125;"SPRF-CE";"DEL01-CE";"UOP03-DEL01-CE"
747993;2026-01-25;"domingo";"15:39:00";"PR";277;662,8;"MATELANDIA";"Reação tardia ou ineficiente do condutor";"Saída de leito carroçável";"Com Vítimas Feridas";"Pleno dia";"Crescente";"Céu Claro";"Dupla";"Reta";"Não";1;0;1;0;0;0;1;1;-25,25248724;-54,00258478;"SPRF-PR";"DEL05-PR";"UOP02-DEL05-PR"
747994;2026-01-25;"domingo";"20:55:00";"PB";230;7,1;"CABEDELO";"Ausência de reação do condutor";"Colisão com objeto";"Com Vítimas Feridas";"Plena Noite";"Decrescente";"Céu Claro";"Múltipla";"Reta;Em Obras";"Sim";1;0;0;1;0;0;1;1;-7,02919;-34,839912;"SPRF-PB";"DEL01-PB";"UOP01-DEL01-PB"
747995;2026-01-25;"domingo";"12:10:00";"RS";386;435,5;"NOVA SANTA RITA";"Ausência de reação do condutor";"Saída de leito carroçável";"Com Vítimas Feridas";"Pleno dia";"Decrescente";"Sol";"Dupla";"Reta";"Sim";1;0;1;0;0;0;1;1;-29,849785;-51,267532;"SPRF-RS";"DEL04-RS";"UOP02-DEL04-RS"
747997;2026-01-25;"domingo";"14:50:00";"PR";376;467,3;"PONTA GROSSA";"Manobra de mudança de faixa";"Colisão traseira";"Com Vítimas Feridas";"Pleno dia";"Crescente";"Sol";"Dupla";"Reta";"Não";5;0;1;0;4;0;1;2;-25,03068;-50,30967;"SPRF-PR";"DEL03-PR";"UOP01-DEL03-PR"
747998;2026-01-25;"domingo";"12:45:00";"RS";116;252;"SAPUCAIA DO SUL";"Demais falhas mecânicas ou elétricas";"Tombamento";"Com Vítimas Feridas";"Pleno dia";"Crescente";"Céu Claro";"Dupla";"Viaduto;Reta;Declive";"Sim";2;0;2;0;0;0;2;1;-29,8195404;-51,170735;"SPRF-RS";"DEL01-RS";"UOP02-DEL01-RS"
747999;2026-01-25;"domingo";"19:20:00";"SE";101;87,6;"NOSSA SENHORA DO SOCORRO";"Ausência de reação do condutor";"Colisão com objeto";"Sem Vítimas";"Plena Noite";"Decrescente";"Céu Claro";"Dupla";"Declive;Reta";"Não";1;0;0;0;1;0;0;1;-10,869317;-37,134499;"SPRF-SE";"DEL01-SE";"UOP01-DEL01-SE"
748000;2026-01-25;"domingo";"16:00:00";"PR";376;491,6;"PONTA GROSSA";"Mal súbito do condutor";"Saída de leito carroçável";"Com Vítimas Feridas";"Pleno dia";"Decrescente";"Sol";"Dupla";"Aclive;Reta";"Sim";1;0;0;1;0;0;1;1;-25,145578;-50,152593;"SPRF-PR";"DEL03-PR";"UOP04-DEL03-PR"
748003;2026-01-26;"segunda-feira";"02:00:00";"SC";101;204,5;"SAO JOSE";"Ingestão de álcool pelo condutor";"Tombamento";"Com Vítimas Feridas";"Plena Noite";"Decrescente";"Céu Claro";"Múltipla";"Reta";"Sim";1;0;0;1;0;0;1;1;-27,57861;-48,6136;"SPRF-SC";"DEL01-SC";"UOP01-DEL01-SC"
748004;2026-01-26;"segunda-feira";"02:00:00";"RS";158;331;"SANTA MARIA";"Reação tardia ou ineficiente do condutor";"Tombamento";"Com Vítimas Feridas";"Plena Noite";"Crescente";"Céu Claro";"Dupla";"Rotatória";"Sim";1;0;1;0;0;0;1;1;-29,700901;-53,841793;"SPRF-RS";"DEL09-RS";"UOP01-DEL09-RS"
748005;2026-01-26;"segunda-feira";"03:20:00";"CE";20;307,6;"CANINDE";"Condutor Dormindo";"Colisão frontal";"Com Vítimas Feridas";"Plena Noite";"Crescente";"Céu Claro";"Simples";"Reta";"Sim";5;0;1;1;3;0;2;2;-4,350518;-39,300177;"SPRF-CE";"DEL02-CE";"UOP01-DEL02-CE"
748007;2026-01-25;"domingo";"17:05:00";"SC";101;154,8;"PORTO BELO";"Ultrapassagem Indevida";"Colisão lateral mesmo sentido";"Com Vítimas Feridas";"Anoitecer";"Decrescente";"Sol";"Dupla";"Reta";"Não";4;0;2;0;1;1;2;3;-27,162003;-48,61114;"SPRF-SC";"DEL04-SC";"UOP03-DEL04-SC"
748009;2026-01-25;"domingo";"21:20:00";"MG";116;752,3;"LEOPOLDINA";"Demais falhas mecânicas ou elétricas";"Incêndio";"Sem Vítimas";"Plena Noite";"Decrescente";"Nublado";"Simples";"Reta";"Não";1;0;0;0;1;0;0;1;-21,42462711;-42,50988007;"SPRF-MG";"DEL07-MG";"UOP01-DEL07-MG"
748010;2026-01-25;"domingo";"13:54:00";"SC";101;25;"JOINVILLE";"Afundamento ou ondulação no pavimento";"Eventos atípicos";"Com Vítimas Feridas";"Pleno dia";"Decrescente";"Nublado";"Simples";"Reta";"Sim";2;0;2;0;0;0;2;1;-26,18058194;-48,90908285;"SPRF-SC";"DEL03-SC";"UOP01-DEL03-SC"
748011;2026-01-25;"domingo";"18:10:00";"SC";101;147,7;"ITAPEMA";"Reação tardia ou ineficiente do condutor";"Tombamento";"Com Vítimas Feridas";"Anoitecer";"Decrescente";"Sol";"Múltipla";"Reta";"Sim";1;0;1;0;0;0;1;1;-27,088817;-48,612445;"SPRF-SC";"DEL04-SC";"UOP03-DEL04-SC"
748012;2026-01-26;"segunda-feira";"03:00:00";"MS";60;67;"PARAISO DAS AGUAS";"Ausência de reação do condutor";"Saída de leito carroçável";"Sem Vítimas";"Plena Noite";"Crescente";"Nublado";"Simples";"Curva";"Não";1;0;0;0;0;1;0;1;-19,065062;-53,029499;"SPRF-MS";"DEL06-MS";"UOP02-DEL06-MS"
748013;2026-01-26;"segunda-feira";"02:02:00";"SC";101;149,8;"ITAPEMA";"Velocidade Incompatível";"Saída de leito carroçável";"Com Vítimas Feridas";"Plena Noite";"Crescente";"Céu Claro";"Múltipla";"Reta";"Sim";1;0;1;0;0;0;1;1;-27,115423;-48,60989;"SPRF-SC";"DEL04-SC";"UOP03-DEL04-SC"
748016;2026-01-25;"domingo";"15:50:00";"PR";153;352,8;"REBOUCAS";"Reação tardia ou ineficiente do condutor";"Saída de leito carroçável";"Com Vítimas Feridas";"Pleno dia";"Decrescente";"Céu Claro";"Simples";"Reta";"Não";3;0;2;0;0;1;2;1;-25,626926;-50,722799;"SPRF-PR";"DEL08-PR";"UOP02-DEL08-PR"
748017;2026-01-25;"domingo";"17:15:00";"PE";101;56,8;"RECIFE";"Ausência de reação do condutor";"Colisão traseira";"Com Vítimas Feridas";"Pleno dia";"Crescente";"Céu Claro";"Dupla";"Reta";"Sim";2;0;0;1;1;0;1;2;-7,9626978;-34,915416;"SPRF-PE";"DEL01-PE";"UOP02-DEL01-PE"
748018;2026-01-26;"segunda-feira";"05:15:00";"GO";50;266,7;"CATALAO";"Condutor Dormindo";"Saída de leito carroçável";"Sem Vítimas";"Amanhecer";"Decrescente";"Céu Claro";"Dupla";"Reta";"Não";2;0;0;0;2;0;0;1;-18,085652;-47,870113;"SPRF-GO";"DEL06-GO";"UOP01-DEL06-GO"
748019;2026-01-26;"segunda-feira";"04:45:00";"SP";116;281;"EMBU DAS ARTES";"Ausência de reação do condutor";"Colisão traseira";"Com Vítimas Feridas";"Plena Noite";"Decrescente";"Nublado";"Dupla";"Reta";"Não";2;0;1;0;1;0;1;2;-23,65389079;-46,84843912;"SPRF-SP";"DEL04-SP";"UOP01-DEL04-SP"
748020;2026-01-25;"domingo";"12:40:00";"RJ";116;238;"PIRAI";"Demais falhas mecânicas ou elétricas";"Incêndio";"Sem Vítimas";"Pleno dia";"Crescente";"Nublado";"Dupla";"Reta";"Não";1;0;0;0;1;0;0;1;-22,61987977;-43,92687798;"SPRF-RJ";"DEL07-RJ";"UOP01-DEL07-RJ"
748022;2026-01-25;"domingo";"19:00:00";"RJ";101;95;"CAMPOS DOS GOYTACAZES";"Pedestre andava na pista";"Atropelamento de Pedestre";"Com Vítimas Fatais";"Plena Noite";"Crescente";"Ignorado";"Dupla";"Reta";"Não";2;1;0;0;0;1;0;2;-21,869922;-41,552745;"SPRF-RJ";"DEL08-RJ";"UOP02-DEL08-RJ"
748023;2026-01-26;"segunda-feira";"05:00:00";"SC";101;30;"JOINVILLE";"Ingestão de álcool pelo condutor";"Colisão com objeto";"Com Vítimas Feridas";"Plena Noite";"Decrescente";"Céu Claro";"Múltipla";"Reta";"Não";1;0;1;0;0;0;1;1;-26,22927835;-48,91660452;"SPRF-SC";"DEL03-SC";"UOP01-DEL03-SC"
748024;2026-01-25;"domingo";"19:30:00";"SC";101;109,9;"PENHA";"Condutor deixou de manter distância do veículo da frente";"Tombamento";"Com Vítimas Feridas";"Anoitecer";"Crescente";"Céu Claro";"Dupla";"Reta";"Não";2;0;1;1;0;0;2;1;-26,83509992;-48,70651245;"SPRF-SC";"DEL03-SC";"UOP02-DEL03-SC"
748025;2026-01-25;"domingo";"10:00:00";"MA";10;241,5;"IMPERATRIZ";"Acessar a via sem observar a presença dos outros veículos";"Colisão frontal";"Com Vítimas Fatais";"Pleno dia";"Decrescente";"Sol";"Simples";"Reta";"Não";3;1;0;0;2;0;0;2;-5,614128;-47,41684;"SPRF-MA";"DEL04-MA";"UOP01-DEL04-MA"
748026;2026-01-26;"segunda-feira";"05:00:00";"BA";101;705;"EUNAPOLIS";"Acessar a via sem observar a presença dos outros veículos";"Colisão transversal";"Com Vítimas Feridas";"Amanhecer";"Decrescente";"Céu Claro";"Simples";"Reta";"Não";4;0;0;2;2;0;2;2;-16,291291;-39,586735;"SPRF-BA";"DEL09-BA";"UOP01-DEL09-BA"
748027;2026-01-25;"domingo";"15:10:00";"GO";60;236,1;"INDIARA";"Acumulo de água sobre o pavimento";"Saída de leito carroçável";"Com Vítimas Feridas";"Pleno dia";"Crescente";"Chuva";"Dupla";"Aclive;Reta";"Não";2;0;2;0;0;0;2;1;-17,090286;-49,855346;"SPRF-GO";"DEL01-GO";"UOP02-DEL01-GO"
748030;2026-01-25;"domingo";"06:30:00";"SC";282;368,8;"ERVAL VELHO";"Ingestão de álcool pelo condutor";"Saída de leito carroçável";"Com Vítimas Feridas";"Pleno dia";"Decrescente";"Céu Claro";"Simples";"Reta";"Sim";1;0;1;0;0;0;1;1;-27,284264;-51,433896;"SPRF-SC";"DEL07-SC";"UOP05-DEL07-SC"
748031;2026-01-25;"domingo";"07:00:00";"MG";381;776;"CAMPANHA";"Chuva";"Colisão com objeto";"Com Vítimas Feridas";"Pleno dia";"Decrescente";"Chuva";"Dupla";"Curva";"Não";2;0;1;0;1;0;1;1;-21,795633;-45,453604;"SPRF-MG";"DEL16-MG";"UOP02-DEL16-MG"
748033;2026-01-25;"domingo";"09:15:00";"MS";163;187,7;"JUTI";"Ausência de reação do condutor";"Tombamento";"Com Vítimas Feridas";"Pleno dia";"Decrescente";"Céu Claro";"Simples";"Reta;Aclive";"Não";2;0;2;0;0;0;2;1;-22,798924;-54,740115;"SPRF-MS";"DEL09-MS";"UOP01-DEL09-MS"
748034;2026-01-25;"domingo";"21:12:00";"TO";153;136;"ARAGUAINA";"Ausência de reação do condutor";"Queda de ocupante de veículo";"Com Vítimas Feridas";"Plena Noite";"Crescente";"Céu Claro";"Dupla";"Reta";"Sim";1;0;1;0;0;0;1;1;-7,153842;-48,203963;"SPRF-TO";"DEL02-TO";"UOP01-DEL02-TO"
748035;2026-01-25;"domingo";"18:40:00";"BA";420;232;"LAJE";"Ausência de reação do condutor";"Colisão lateral sentido oposto";"Com Vítimas Feridas";"Plena Noite";"Decrescente";"Céu Claro";"Simples";"Reta";"Não";2;0;1;0;1;0;1;2;-13,170592;-39,350608;"SPRF-BA";"DEL01-BA";"UOP02-DEL01-BA"
748036;2026-01-25;"domingo";"19:15:00";"MA";10;245,6;"IMPERATRIZ";"Transitar no Acostamento";"Colisão frontal";"Com Vítimas Feridas";"Plena Noite";"Decrescente";"Nublado";"Dupla";"Aclive";"Não";2;0;2;0;0;0;2;2;-5,583745;-47,437212;"SPRF-MA";"DEL04-MA";"UOP01-DEL04-MA"
748037;2026-01-25;"domingo";"19:00:00";"PI";230;309;"FLORIANO";"Acessar a via sem observar a presença dos outros veículos";"Colisão transversal";"Sem Vítimas";"Plena Noite";"Crescente";"Céu Claro";"Simples";"Reta";"Sim";2;0;0;0;2;0;0;2;-6,77235253;-43,00715089;"SPRF-PI";"DEL03-PI";"UOP01-DEL03-PI"
748038;2026-01-25;"domingo";"18:30:00";"BA";367;23;"PORTO SEGURO";"Acessar a via sem observar a presença dos outros veículos";"Queda de ocupante de veículo";"Sem Vítimas";"Plena Noite";"Crescente";"Céu Claro";"Simples";"Reta";"Sim";2;0;0;0;2;0;0;2;-16,4368055;-39,07817602;"SPRF-BA";"DEL09-BA";"UOP03-DEL09-BA"
748039;2026-01-25;"domingo";"21:10:00";"RS";285;220,4;"CASEIROS";"Ingestão de álcool pelo condutor";"Capotamento";"Com Vítimas Feridas";"Pleno dia";"Crescente";"Céu Claro";"Simples";"Reta";"Não";1;0;1;0;0;0;1;1;-28,2515792;-51,72533736;"SPRF-RS";"DEL08-RS";"UOP05-DEL08-RS"
748040;2026-01-25;"domingo";"23:30:00";"RS";116;108;"SAO MARCOS";"Animais na Pista";"Atropelamento de Animal";"Com Vítimas Fatais";"Plena Noite";"Crescente";"Céu Claro";"Simples";"Reta";"Não";1;1;0;0;0;0;0;1;-28,92473444;-51,10031812;"SPRF-RS";"DEL05-RS";"UOP01-DEL05-RS"
748041;2026-01-25;"domingo";"21:15:00";"MG";381;719,7;"CARMO DA CACHOEIRA";"Velocidade Incompatível";"Saída de leito carroçável";"Com Vítimas Feridas";"Plena Noite";"Crescente";"Chuva";"Dupla";"Aclive;Curva";"Não";2;0;1;0;1;0;1;1;-21,422037;-45,212888;"SPRF-MG";"DEL04-MG";"UOP02-DEL04-MG"