"id";"data_inversa";"dia_semana";"horario";"uf";"br";"km";"municipio";"causa_acidente";"tipo_acidente";"classificacao_acidente";"fase_dia";"sentido_via";"condicao_metereologica";"tipo_pista";"tracado_via";"uso_solo";"pessoas";"mortos";"feridos_leves";"feridos_graves";"ilesos";"ignorados";"feridos";"veiculos";"latitude";"longitude";"regional";"delegacia";"uop"
748393;2026-01-12;"segunda-feira";"05:50:00";"BA";101;810;"ITAMARAJU";"Reação tardia ou ineficiente do condutor";"Queda de ocupante de veículo";"Com Vítimas Feridas";"Pleno dia";"Crescente";"Céu Claro";"Simples";"Curva";"Não";2;0;0;1;0;1;1;2;-17,0376519;-39,54425454;"SPRF-BA";"DEL09-BA";"UOP01-DEL09-BA"
748394;2026-01-27;"terça-feira";"21:08:00";"SP";116;279,1;"EMBU DAS ARTES";"Trafegar com motocicleta (ou similar) entre as faixas";"Colisão lateral mesmo sentido";"Com Vítimas Feridas";"Plena Noite";"Crescente";"Céu Claro";"Dupla";"Reta";"Sim";3;0;2;0;1;0;2;2;-23,63909894;-46,83544636;"SPRF-SP";"DEL04-SP";"UOP01-DEL04-SP"
748395;2026-01-27;"terça-feira";"18:55:00";"PI";343;347,8;"TERESINA";"Conversão proibida";"Colisão frontal";"Com Vítimas Feridas";"Plena Noite";"Decrescente";"Chuva";"Dupla";"Reta";"Sim";2;0;1;0;1;0;1;2;-5,119513;-42,788008;"SPRF-PI";"DEL01-PI";"UOP01-DEL01-PI"
748396;2026-01-27;"terça-feira";"20:40:00";"GO";40;13;"LUZIANIA";"Pedestre cruzava a pista fora da faixa";"Atropelamento de Pedestre";"Com Vítimas Feridas";"Plena Noite";"Decrescente";"Céu Claro";"Dupla";"Reta";"Sim";2;0;1;0;1;0;1;2;-16,14853;-47,94191;"SPRF-DF";"DEL01-DF";"UOP01-DEL01-DF"
748397;2026-01-27;"terça-feira";"21:00:00";"SC";101;6;"ARARANGUA";"Acessar a via sem observar a presença dos outros veículos";"Colisão lateral mesmo sentido";"Com Vítimas Feridas";"Plena Noite";"Crescente";"Ignorado";"Simples";"Interseção de Vias";"Sim";2;0;1;0;1;0;1;2;-28,958;-49,513;"SPRF-SC";"DEL03-SC";"UOP01-DEL03-SC"
748398;2026-01-27;"terça-feira";"20:50:00";"BA";116;12;"VITORIA DA CONQUISTA";"Entrada inopinada do pedestre";"Atropelamento de Pedestre";"Com Vítimas Feridas";"Plena Noite";"Decrescente";"Nublado";"Simples";"Reta";"Sim";2;0;1;0;1;0;1;2;-14,88171154;-40,87092805;"SPRF-BA";"DEL08-BA";"UOP01-DEL08-BA"
748399;2026-01-27;"terça-feira";"19:08:00";"PR";163;220,3;"CASCAVEL";"Reação tardia ou ineficiente do condutor";"Saída de leito carroçável";"Com Vítimas Feridas";"Anoitecer";"Decrescente";"Céu Claro";"Dupla";"Reta";"Não";4;0;2;2;0;0;4;1;-24,854578;-53,595249;"SPRF-PR";"DEL04-PR";"UOP01-DEL04-PR"
748401;2026-01-27;"terça-feira";"18:30:00";"SP";116;484;"CAJATI";"Ausência de reação do condutor";"Saída de leito carroçável";"Com Vítimas Feridas";"Plena Noite";"Crescente";"Céu Claro";"Dupla";"Reta";"Não";1;0;1;0;0;0;1;1;-24,72141748;-48,0787468;"SPRF-SP";"DEL05-SP";"UOP01-DEL05-SP"
748402;2026-01-27;"terça-feira";"20:30:00";"MG";381;265;"CORONEL FABRICIANO";"Reação tardia ou ineficiente do condutor";"Colisão com objeto";"Com Vítimas Fatais";"Plena Noite";"Crescente";"Nublado";"Simples";"Reta";"Não";1;1;0;0;0;0;0;1;-19,52589885;-42,66609192;"SPRF-MG";"DEL03-MG";"UOP02-DEL03-MG"
748405;2026-01-27;"terça-feira";"20:50:00";"RJ";40;109;"DUQUE DE CAXIAS";"Ausência de reação do condutor";"Colisão lateral mesmo sentido";"Com Vítimas Feridas";"Plena Noite";"Crescente";"Céu Claro";"Dupla";"Curva";"Sim";1;0;1;0;0;0;1;1;-22,672742;-43,284523;"SPRF-RJ";"DEL01-RJ";"UOP02-DEL01-RJ"
748406;2026-01-27;"terça-feira";"21:30:00";"PE";101;70;"RECIFE";"Pedestre andava na pista";"Atropelamento de Pedestre";"Com Vítimas Feridas";"Plena Noite";"Decrescente";"Céu Claro";"Simples";"Curva";"Sim";2;0;1;0;1;0;1;2;-8,076505;-34,939978;"SPRF-PE";"DEL01-PE";"UOP01-DEL01-PE"
748408;2026-01-27;"terça-feira";"20:22:00";"MT";70;504;"CUIABA";"Ausência de reação do condutor";"Queda de ocupante de veículo";"Com Vítimas Feridas";"Plena Noite";"Decrescente";"Céu Claro";"Simples";"Reta";"Sim";1;0;1;0;0;0;1;1;-15,700695;-56,047113;"SPRF-MT";"DEL01-MT";"UOP02-DEL01-MT"
748409;2026-01-27;"terça-feira";"21:20:00";"RS";287;327;"SAO VICENTE DO SUL";"Demais falhas mecânicas ou elétricas";"Incêndio";"Sem Vítimas";"Plena Noite";"Crescente";"Céu Claro";"Simples";"Reta";"Não";5;0;0;0;5;0;0;1;-29,681483;-54,63849;"SPRF-RS";"DEL09-RS";"UOP01-DEL09-RS"
748410;2026-01-27;"terça-feira";"22:35:00";"MG";381;147;"GOVERNADOR VALADARES";"Animais na Pista";"Atropelamento de Animal";"Sem Vítimas";"Plena Noite";"Decrescente";"Nublado";"Simples";"Curva";"Não";2;0;0;0;2;0;0;1;-18,8475057;-41,98304527;"SPRF-MG";"DEL06-MG";"UOP01-DEL06-MG"
748411;2026-01-27;"terça-feira";"21:45:00";"MG";116;496,9;"INHAPIM";"Animais na Pista";"Atropelamento de Animal";"Com Vítimas Feridas";"Plena Noite";"Decrescente";"Céu Claro";"Simples";"Reta";"Sim";1;0;1;0;0;0;1;1;-19,53734925;-42,12647081;"SPRF-MG";"DEL06-MG";"UOP02-DEL06-MG"
748413;2026-01-27;"terça-feira";"23:05:00";"PR";369;160;"CAMBE";"Transitar no Acostamento";"Colisão traseira";"Com Vítimas Fatais";"Plena Noite";"Crescente";"Céu Claro";"Simples";"Reta";"Não";2;1;0;0;1;0;0;2;-23,284096;-51,258464;"SPRF-PR";"DEL07-PR";"UOP01-DEL07-PR"
748414;2026-01-27;"terça-feira";"21:12:00";"MT";163;607;"NOVA MUTUM";"Reação tardia ou ineficiente do condutor";"Colisão traseira";"Com Vítimas Feridas";"Plena Noite";"Crescente";"Chuva";"Dupla";"Reta";"Não";3;0;0;2;1;0;2;2;-13,740266;-56,050163;"SPRF-MT";"DEL01-MT";"UOP01-DEL01-MT"
748416;2026-01-28;"quarta-feira";"01:00:00";"RS";293;198;"HULHA NEGRA";"Condutor Dormindo";"Saída de leito carroçável";"Com Vítimas Feridas";"Plena Noite";"Decrescente";"Nublado";"Simples";"Reta";"Não";1;0;1;0;0;0;1;1;-31,3253863;-53,9855566;"SPRF-RS";"DEL11-RS";"UOP03-DEL11-RS"
748420;2026-01-27;"terça-feira";"19:00:00";"SC";282;567;"NOVA ERECHIM";"Ingestão de álcool pelo condutor";"Colisão transversal";"Com Vítimas Feridas";"Anoitecer";"Crescente";"Céu Claro";"Simples";"Interseção de Vias";"Sim";2;0;1;0;1;0;1;2;-26,896136;-52,918775;"SPRF-SC";"DEL07-SC";"UOP02-DEL07-SC"
748421;2026-01-28;"quarta-feira";"06:20:00";"ES";101;293;"CARIACICA";"Ausência de reação do condutor";"Queda de ocupante de veículo";"Com Vítimas Feridas";"Pleno dia";"Crescente";"Céu Claro";"Dupla";"Curva";"Sim";1;0;0;1;0;0;1;1;-20,320399;-40,396286;"SPRF-ES";"DEL01-ES";"UOP01-DEL01-ES"
748423;2026-01-28;"quarta-feira";"06:35:00";"SP";381;6;"VARGEM";"Manobra de mudança de faixa";"Tombamento";"Com Vítimas Feridas";"Pleno dia";"Decrescente";"Garoa/Chuvisco";"Dupla";"Reta";"Não";2;0;1;0;0;1;1;2;-22,90569;-46,422567;"SPRF-SP";"DEL03-SP";"UOP02-DEL03-SP"
748426;2026-01-28;"quarta-feira";"03:30:00";"MA";135;34,4;"BACABEIRA";"Objeto estático sobre o leito carroçável";"Colisão com objeto";"Sem Vítimas";"Plena Noite";"Decrescente";"Nublado";"Dupla";"Reta";"Não";1;0;0;0;1;0;0;1;-2,845945;-44,374575;"SPRF-MA";"DEL01-MA";"UOP01-DEL01-MA"
748428;2026-01-28;"quarta-feira";"06:44:00";"PE";101;68,2;"RECIFE";"Manobra de mudança de faixa";"Colisão lateral mesmo sentido";"Com Vítimas Feridas";"Pleno dia";"Decrescente";"Nublado";"Dupla";"Viaduto";"Sim";3;0;2;0;1;0;2;2;-8,05204;-34,94616;"SPRF-PE";"DEL01-PE";"UOP01-DEL01-PE"
748429;2026-01-28;"quarta-feira";"06:35:00";"SC";101;207;"SAO JOSE";"Condutor deixou de manter distância do veículo da frente";"Colisão traseira";"Com Vítimas Feridas";"Pleno dia";"Crescente";"Céu Claro";"Múltipla";"Aclive;Curva";"Sim";2;0;1;0;1;0;1;2;-27,599038;-48,623728;"SPRF-SC";"DEL01-SC";"UOP01-DEL01-SC"
748432;2026-01-28;"quarta-feira";"07:25:00";"RJ";101;322;"NITEROI";"Acumulo de óleo sobre o pavimento";"Queda de ocupante de veículo";"Com Vítimas Feridas";"Pleno dia";"Decrescente";"Céu Claro";"Dupla";"Curva";"Sim";1;0;1;0;0;0;1;1;-22,87921973;-43,11155319;"SPRF-RJ";"DEL02-RJ";"UOP01-DEL02-RJ"
748434;2026-01-28;"quarta-feira";"06:50:00";"SP";116;86,4;"PINDAMONHANGABA";"Demais falhas mecânicas ou elétricas";"Incêndio";"Sem Vítimas";"Amanhecer";"Decrescente";"Nublado";"Dupla";"Reta";"Sim";1;0;0;0;1;0;0;1;-22,92536308;-45,35202485;"SPRF-SP";"DEL08-SP";"UOP01-DEL08-SP"
748435;2026-01-28;"quarta-feira";"06:00:00";"SE";101;136,5;"ESTANCIA";"Velocidade Incompatível";"Capotamento";"Sem Vítimas";"Pleno dia";"Decrescente";"Céu Claro";"Dupla";"Curva";"Não";1;0;0;0;0;1;0;1;-11,143037;-37,400623;"SPRF-SE";"DEL02-SE";"UOP01-DEL02-SE"
748437;2026-01-28;"quarta-feira";"07:40:00";"PB";230;12;"CABEDELO";"Demais falhas mecânicas ou elétricas";"Queda de ocupante de veículo";"Com Vítimas Feridas";"Pleno dia";"Crescente";"Sol";"Simples";"Reta";"Sim";1;0;1;0;0;0;1;1;-7,073935;-34,849791;"SPRF-PB";"DEL01-PB";"UOP01-DEL01-PB"
748438;2026-01-28;"quarta-feira";"07:50:00";"PE";101;52;"ABREU E LIMA";"Frear bruscamente";"Queda de ocupante de veículo";"Com Vítimas Feridas";"Pleno dia";"Crescente";"Chuva";"Dupla";"Reta";"Sim";1;0;1;0;0;0;1;1;-7,924613;-34,896867;"SPRF-PE";"DEL01-PE";"UOP02-DEL01-PE"
748439;2026-01-28;"quarta-feira";"06:10:00";"MG";364;4,9;"PLANURA";"Demais falhas mecânicas ou elétricas";"Incêndio";"Sem Vítimas";"Pleno dia";"Decrescente";"Nublado";"Simples";"Reta";"Sim";1;0;0;0;1;0;0;1;-20,130121;-48,70873;"SPRF-MG";"DEL13-MG";"UOP02-DEL13-MG"
748441;2026-01-28;"quarta-feira";"07:50:00";"PR";277;77;"SAO JOSE DOS PINHAIS";"Trafegar com motocicleta (ou similar) entre as faixas";"Colisão lateral mesmo sentido";"Com Vítimas Feridas";"Amanhecer";"Crescente";"Céu Claro";"Dupla";"Reta";"Sim";2;0;1;0;1;0;1;2;-25,48465573;-49,18808699;"SPRF-PR";"DEL01-PR";"UOP07-DEL01-PR"
748442;2026-01-28;"quarta-feira";"07:30:00";"DF";20;8,2;"BRASILIA";"Pedestre cruzava a pista fora da faixa";"Atropelamento de Pedestre";"Com Vítimas Feridas";"Pleno dia";"Decrescente";"Céu Claro";"Dupla";"Declive;Reta";"Sim";3;0;1;0;2;0;1;3;-15,656755;-47,788523;"SPRF-DF";"DEL02-DF";"UOP01-DEL02-DF"
748445;2026-01-28;"quarta-feira";"08:10:00";"SP";101;44,9;"UBATUBA";"Conversão proibida";"Colisão transversal";"Com Vítimas Feridas";"Pleno dia";"Crescente";"Sol";"Simples";"Interseção de Vias;Curva";"Sim";2;0;1;0;1;0;1;2;-23,41394687;-45,06773451;"SPRF-SP";"DEL06-SP";"UOP01-DEL06-SP"
748447;2026-01-28;"quarta-feira";"08:22:00";"PE";101;49;"ABREU E LIMA";"Reação tardia ou ineficiente do condutor";"Colisão transversal";"Com Vítimas Feridas";"Pleno dia";"Crescente";"Céu Claro";"Múltipla";"Interseção de Vias";"Sim";2;0;1;0;1;0;1;2;-7,905107;-34,902348;"SPRF-PE";"DEL01-PE";"UOP02-DEL01-PE"
748449;2026-01-28;"quarta-feira";"08:50:00";"SC";282;4,7;"SAO JOSE";"Condutor deixou de manter distância do veículo da frente";"Colisão traseira";"Com Vítimas Feridas";"Pleno dia";"Decrescente";"Céu Claro";"Múltipla";"Reta";"Sim";3;0;1;0;2;0;1;3;-27,59039561;-48,60881416;"SPRF-SC";"DEL01-SC";"UOP01-DEL01-SC"
748451;2026-01-28;"quarta-feira";"08:30:00";"PB";405;47;"SAO JOAO DO RIO DO PEIXE";"Conversão proibida";"Colisão traseira";"Com Vítimas Feridas";"Pleno dia";"Decrescente";"Céu Claro";"Simples";"Curva";"Não";2;0;0;1;0;1;1;2;-6,833972;-38,39941;"SPRF-PB";"DEL03-PB";"UOP03-DEL03-PB"
748452;2026-01-28;"quarta-feira";"08:00:00";"MS";163;486;"CAMPO GRANDE";"Desrespeitar a preferência no cruzamento";"Colisão transversal";"Com Vítimas Feridas";"Pleno dia";"Crescente";"Céu Claro";"Simples";"Reta";"Não";3;0;1;0;2;0;1;2;-20,43296397;-54,54384294;"SPRF-MS";"DEL01-MS";"UOP02-DEL01-MS"
748453;2026-01-28;"quarta-feira";"09:10:00";"PE";101;58;"RECIFE";"Demais falhas mecânicas ou elétricas";"Colisão com objeto";"Sem Vítimas";"Pleno dia";"Crescente";"Céu Claro";"Dupla";"Curva;Declive";"Não";1;0;0;0;0;1;0;1;-7,974392;-34,921773;"SPRF-PE";"DEL01-PE";"UOP02-DEL01-PE"
748454;2026-01-28;"quarta-feira";"09:44:00";"DF";70;15;"BRASILIA";"Avarias e/ou desgaste excessivo no pneu";"Saída de leito carroçável";"Sem Vítimas";"Pleno dia";"Crescente";"Céu Claro";"Dupla";"Reta;Declive";"Sim";1;0;0;0;1;0;0;1;-15,79704745;-48,19085866;"SPRF-DF";"DEL03-DF";"UOP02-DEL03-DF"
748455;2026-01-28;"quarta-feira";"08:20:00";"BA";101;750;"ITABELA";"Ausência de reação do condutor";"Queda de ocupante de veículo";"Com Vítimas Feridas";"Pleno dia";"Crescente";"Céu Claro";"Simples";"Curva";"Não";1;0;0;1;0;0;1;1;-16,59172;-39,554227;"SPRF-BA";"DEL09-BA";"UOP01-DEL09-BA"
748456;2026-01-28;"quarta-feira";"08:50:00";"SP";381;89,6;"GUARULHOS";"Ausência de reação do condutor";"Colisão lateral mesmo sentido";"Com Vítimas Feridas";"Pleno dia";"Crescente";"Céu Claro";"Dupla";"Reta";"Sim";2;0;1;0;1;0;1;2;-23,4917735;-46,55956205;"SPRF-SP";"DEL03-SP";"UOP01-DEL03-SP"
748457;2026-01-24;"sábado";"15:00:00";"PE";232;112,8;"BEZERROS";"Demais falhas mecânicas ou elétricas";"Queda de ocupante de veículo";"Com Vítimas Feridas";"Pleno dia";"Crescente";"Céu Claro";"Dupla";"Reta";"Sim";1;0;0;1;0;0;1;1;-8,299821;-35,843765;"SPRF-PE";"DEL02-PE";"UOP03-DEL02-PE"
748458;2026-01-28;"quarta-feira";"08:10:00";"RS";153;47,6;"ERECHIM";"Demais falhas mecânicas ou elétricas";"Tombamento";"Com Vítimas Feridas";"Pleno dia";"Crescente";"Céu Claro";"Simples";"Reta";"Sim";1;0;1;0;0;0;1;1;-27,63744484;-52,23994195;"SPRF-RS";"DEL08-RS";"UOP04-DEL08-RS"
748460;2026-01-28;"quarta-feira";"09:36:00";"PE";101;21;"GOIANA";"Condutor usando celular";"Capotamento";"Com Vítimas Feridas";"Pleno dia";"Crescente";"Céu Claro";"Dupla";"Reta";"Não";2;0;2;0;0;0;2;1;-7,6722848;-34,9298157;"SPRF-PE";"DEL01-PE";"UOP02-DEL01-PE"
748466;2026-01-28;"quarta-feira";"10:15:00";"SC";280;133,1;"RIO NEGRINHO";"Reação tardia ou ineficiente do condutor";"Saída de leito carroçável";"Com Vítimas Feridas";"Pleno dia";"Decrescente";"Sol";"Simples";"Rotatória";"Sim";1;0;1;0;0;0;1;1;-26,26830541;-49,55404155;"SPRF-SC";"DEL06-SC";"UOP03-DEL06-SC"
748467;2026-01-28;"quarta-feira";"10:10:00";"GO";153;425;"ANAPOLIS";"Demais falhas mecânicas ou elétricas";"Tombamento";"Com Vítimas Feridas";"Pleno dia";"Crescente";"Céu Claro";"Dupla";"Reta";"Não";1;0;1;0;0;0;1;1;-16,2378651;-49,0044904;"SPRF-GO";"DEL02-GO";"UOP01-DEL02-GO"
748469;2026-01-28;"quarta-feira";"10:30:00";"PB";230;156,7;"CAMPINA GRANDE";"Acessar a via sem observar a presença dos outros veículos";"Colisão transversal";"Com Vítimas Feridas";"Pleno dia";"Decrescente";"Sol";"Simples";"Reta;Interseção de Vias";"Sim";3;0;2;0;1;0;2;2;-7,268188;-35,915375;"SPRF-PB";"DEL02-PB";"UOP01-DEL02-PB"
748470;2026-01-28;"quarta-feira";"10:15:00";"PE";101;51;"PAULISTA";"Condutor deixou de manter distância do veículo da frente";"Colisão lateral mesmo sentido";"Com Vítimas Feridas";"Pleno dia";"Crescente";"Nublado";"Múltipla";"Curva";"Sim";3;0;1;0;2;0;1;2;-7,919279;-34,8947453;"SPRF-PE";"DEL01-PE";"UOP02-DEL01-PE"
748473;2026-01-28;"quarta-feira";"07:40:00";"RO";364;426;"JARU";"Ausência de reação do condutor";"Colisão traseira";"Com Vítimas Feridas";"Pleno dia";"Decrescente";"Céu Claro";"Dupla";"Retorno Regulamentado";"Sim";3;0;1;0;2;0;1;2;-10,43140284;-62,48140672;"SPRF-RO";"DEL03-RO";"UOP02-DEL03-RO"
748475;2026-01-28;"quarta-feira";"10:00:00";"PE";232;20;"MORENO";"Acumulo de água sobre o pavimento";"Saída de leito carroçável";"Com Vítimas Feridas";"Pleno dia";"Crescente";"Chuva";"Dupla";"Reta";"Não";1;0;1;0;0;0;1;1;-8,095425;-35,073077;"SPRF-PE";"DEL01-PE";"UOP01-DEL01-PE"
748476;2026-01-28;"quarta-feira";"10:10:00";"MS";163;270;"DOURADOS";"Reação tardia ou ineficiente do condutor";"Tombamento";"Com Vítimas Feridas";"Pleno dia";"Decrescente";"Céu Claro";"Dupla";"Reta";"Não";1;0;1;0;0;0;1;1;-22,19633481;-54,69457325;"SPRF-MS";"DEL04-MS";"UOP01-DEL04-MS"
748477;2026-01-28;"quarta-feira";"08:33:00";"MT";163;899;"CLAUDIA";"Reação tardia ou ineficiente do condutor";"Colisão com objeto";"Com Vítimas Feridas";"Pleno dia";"Decrescente";"Céu Claro";"Simples";"Reta";"Não";3;0;1;0;2;0;1;1;-11,319431;-55,326148;"SPRF-MT";"DEL06-MT";"UOP02-DEL06-MT"
748478;2026-01-28;"quarta-feira";"11:20:00";"ES";101;290;"CARIACICA";"Ausência de reação do condutor";"Queda de ocupante de veículo";"Com Vítimas Feridas";"Pleno dia";"Decrescente";"Céu Claro";"Dupla";"Reta";"Sim";1;0;1;0;0;0;1;1;-20,29261486;-40,39218519;"SPRF-ES";"DEL01-ES";"UOP01-DEL01-ES"
748480;2026-01-28;"quarta-feira";"11:45:00";"PR";277;5;"PARANAGUA";"Avarias e/ou desgaste excessivo no pneu";"Colisão com objeto";"Com Vítimas Feridas";"Pleno dia";"Decrescente";"Sol";"Dupla";"Reta";"Não";1;0;1;0;0;0;1;1;-25,559652;-48,578097;"SPRF-PR";"DEL01-PR";"UOP05-DEL01-PR"
748481;2026-01-28;"quarta-feira";"10:10:00";"MG";40;628;"CONSELHEIRO LAFAIETE";"Condutor deixou de manter distância do veículo da frente";"Colisão lateral mesmo sentido";"Com Vítimas Feridas";"Pleno dia";"Crescente";"Céu Claro";"Simples";"Reta";"Não";3;0;0;1;2;0;1;2;-20,74898164;-43,80099803;"SPRF-MG";"DEL05-MG";"UOP02-DEL05-MG"
748482;2026-01-28;"quarta-feira";"12:00:00";"RS";285;598;"SANTO ANTONIO DAS MISSOES";"Acessar a via sem observar a presença dos outros veículos";"Colisão transversal";"Com Vítimas Feridas";"Pleno dia";"Decrescente";"Céu Claro";"Simples";"Reta";"Não";2;0;2;0;0;0;2;2;-28,48905617;-55,25104729;"SPRF-RS";"DEL12-RS";"UOP01-DEL12-RS"
748483;2026-01-28;"quarta-feira";"11:50:00";"PE";101;68;"RECIFE";"Ausência de reação do condutor";"Colisão traseira";"Com Vítimas Feridas";"Pleno dia";"Crescente";"Céu Claro";"Dupla";"Reta";"Sim";2;0;1;0;1;0;1;2;-8,0542519;-34,9464219;"SPRF-PE";"DEL01-PE";"UOP01-DEL01-PE"
748484;2026-01-28;"quarta-feira";"12:25:00";"SC";101;177;"GOVERNADOR CELSO RAMOS";"Ausência de reação do condutor";"Colisão lateral mesmo sentido";"Com Vítimas Feridas";"Pleno dia";"Crescente";"Céu Claro";"Múltipla";"Curva;Interseção de Vias";"Não";6;0;0;1;5;0;1;2;-27,35142299;-48,63245901;"SPRF-SC";"DEL01-SC";"UOP01-DEL01-SC"
748486;2026-01-28;"quarta-feira";"12:00:00";"RS";116;245,8;"SAO LEOPOLDO";"Manobra de mudança de faixa";"Colisão lateral mesmo sentido";"Com Vítimas Feridas";"Pleno dia";"Crescente";"Céu Claro";"Múltipla";"Reta";"Sim";2;0;1;0;1;0;1;2;-29,75533276;-51,15186866;"SPRF-RS";"DEL01-RS";"UOP02-DEL01-RS"
748488;2026-01-28;"quarta-feira";"09:45:00";"MT";70;284;"PRIMAVERA DO LESTE";"Condutor deixou de manter distância do veículo da frente";"Colisão traseira";"Com Vítimas Feridas";"Pleno dia";"Decrescente";"Céu Claro";"Simples";"Reta";"Não";2;0;0;1;1;0;1;2;-15,5779072;-54,3653888;"SPRF-MT";"DEL05-MT";"UOP01-DEL05-MT"
748490;2026-01-28;"quarta-feira";"12:50:00";"MG";262;353;"BETIM";"Demais falhas mecânicas ou elétricas";"Incêndio";"Sem Vítimas";"Pleno dia";"Decrescente";"Céu Claro";"Dupla";"Reta";"Não";1;0;0;0;1;0;0;1;-19,97738671;-44,25615756;"SPRF-MG";"DEL01-MG";"UOP03-DEL01-MG"
748492;2026-01-28;"quarta-feira";"10:55:00";"MG";116;277;"TEOFILO OTONI";"Ausência de sinalização";"Atropelamento de Pedestre";"Com Vítimas Feridas";"Pleno dia";"Decrescente";"Céu Claro";"Simples";"Reta;Interseção de Vias";"Sim";2;0;2;0;0;0;2;2;-17,859968;-41,515147;"SPRF-MG";"DEL11-MG";"UOP01-DEL11-MG"
748494;2026-01-28;"quarta-feira";"11:50:00";"SC";101;38,8;"JOINVILLE";"Avarias e/ou desgaste excessivo no pneu";"Queda de ocupante de veículo";"Com Vítimas Feridas";"Pleno dia";"Crescente";"Céu Claro";"Múltipla";"Reta;Declive;Viaduto";"Sim";1;0;1;0;0;0;1;1;-26,28943095;-48,88580672;"SPRF-SC";"DEL03-SC";"UOP01-DEL03-SC"
748495;2026-01-28;"quarta-feira";"10:20:00";"MG";116;267,2;"TEOFILO OTONI";"Velocidade Incompatível";"Saída de leito carroçável";"Com Vítimas Feridas";"Pleno dia";"Crescente";"Céu Claro";"Simples";"Curva;Declive";"Não";4;0;1;2;1;0;3;1;-17,780478;-41,500087;"SPRF-MG";"DEL11-MG";"UOP01-DEL11-MG"
748496;2026-01-28;"quarta-feira";"13:40:00";"SP";116;220;"GUARULHOS";"Reação tardia ou ineficiente do condutor";"Colisão traseira";"Com Vítimas Feridas";"Pleno dia";"Decrescente";"Nublado";"Múltipla";"Reta";"Sim";1;0;1;0;0;0;1;1;-23,4703660784;-46,5147575276;"SPRF-SP";"DEL01-SP";"UOP01-DEL01-SP"
748497;2026-01-28;"quarta-feira";"13:40:00";"ES";101;4;"ICONHA";"Manobra de mudança de faixa";"Colisão transversal";"Com Vítimas Feridas";"Pleno dia";"Decrescente";"Céu Claro";"Dupla";"Reta";"Não";2;0;1;0;1;0;1;2;-20,80876938;-40,80574649;"SPRF-ES";"DEL03-ES";"UOP02-DEL03-ES"
748499;2026-01-28;"quarta-feira";"13:50:00";"SP";116;69,9;"APARECIDA";"Reação tardia ou ineficiente do condutor";"Tombamento";"Com Vítimas Feridas";"Pleno dia";"Crescente";"Sol";"Dupla";"Curva";"Sim";1;0;1;0;0;0;1;1;-22,84720197;-45,22731112;"SPRF-SP";"DEL08-SP";"UOP01-DEL08-SP"
748501;2026-01-17;"sábado";"03:00:00";"PR";376;176,3;"MARINGA";"Ingestão de álcool pelo condutor";"Colisão traseira";"Sem Vítimas";"Pleno dia";"Crescente";"Céu Claro";"Dupla";"Reta;Interseção de Vias";"Sim";4;0;0;0;1;3;0;2;-23,41116348;-51,93667531;"SPRF-PR";"DEL09-PR";"UOP01-DEL09-PR"
748502;2026-01-12;"segunda-feira";"09:00:00";"GO";452;187;"ITUMBIARA";"Condutor deixou de manter distância do veículo da frente";"Engavetamento";"Com Vítimas Feridas";"Pleno dia";"Crescente";"Nublado";"Dupla";"Retorno Regulamentado";"Sim";4;0;2;0;2;0;2;3;-18,39627192;-49,29585725;"SPRF-GO";"DEL03-GO";"UOP02-DEL03-GO"
748504;2026-01-28;"quarta-feira";"13:00:00";"PB";230;19,2;"JOAO PESSOA";"Ausência de reação do condutor";"Engavetamento";"Com Vítimas Feridas";"Pleno dia";"Crescente";"Céu Claro";"Múltipla";"Reta";"Não";4;0;1;0;3;0;1;3;-7,130115;-34,851133;"SPRF-PB";"DEL01-PB";"UOP01-DEL01-PB"
748507;2026-01-28;"quarta-feira";"12:30:00";"SP";116;284;"EMBU DAS ARTES";"Avarias e/ou desgaste excessivo no pneu";"Queda de ocupante de veículo";"Com Vítimas Feridas";"Pleno dia";"Decrescente";"Nublado";"Dupla";"Reta";"Sim";2;0;2;0;0;0;2;1;-23,68056894;-46,85853481;"SPRF-SP";"DEL04-SP";"UOP01-DEL04-SP"
748508;2026-01-28;"quarta-feira";"13:24:00";"RO";364;237,8;"CACOAL";"Velocidade Incompatível";"Colisão lateral mesmo sentido";"Com Vítimas Feridas";"Pleno dia";"Crescente";"Sol";"Simples";"Reta";"Sim";4;0;1;0;3;0;1;4;-11,439183;-61,453785;"SPRF-RO";"DEL02-RO";"UOP02-DEL02-RO"
748509;2026-01-28;"quarta-feira";"14:15:00";"SC";282;22,6;"SANTO AMARO DA IMPERATRIZ";"Velocidade Incompatível";"Atropelamento de Pedestre";"Com Vítimas Feridas";"Pleno dia";"Decrescente";"Céu Claro";"Simples";"Curva";"Sim";2;0;0;1;1;0;1;2;-27,689717;-48,733575;"SPRF-SC";"DEL01-SC";"UOP02-DEL01-SC"
748510;2026-01-28;"quarta-feira";"13:10:00";"RJ";101;523,5;"ANGRA DOS REIS";"Manobra de mudança de faixa";"Colisão lateral mesmo sentido";"Com Vítimas Feridas";"Pleno dia";"Decrescente";"Nublado";"Simples";"Curva";"Não";3;0;1;0;0;2;1;3;-22,99983376;-44,47333636;"SPRF-RJ";"DEL03-RJ";"UOP03-DEL03-RJ"
748511;2026-01-28;"quarta-feira";"12:00:00";"RJ";40;104;"DUQUE DE CAXIAS";"Condutor deixou de manter distância do veículo da frente";"Colisão traseira";"Com Vítimas Feridas";"Pleno dia";"Crescente";"Céu Claro";"Dupla";"Reta;Em Obras";"Sim";4;0;1;0;3;0;1;3;-22,63079225;-43,28518887;"SPRF-RJ";"DEL01-RJ";"UOP02-DEL01-RJ"