"id";"data_inversa";"dia_semana";"horario";"uf";"br";"km";"municipio";"causa_acidente";"tipo_acidente";"classificacao_acidente";"fase_dia";"sentido_via";"condicao_metereologica";"tipo_pista";"tracado_via";"uso_solo";"pessoas";"mortos";"feridos_leves";"feridos_graves";"ilesos";"ignorados";"feridos";"veiculos";"latitude";"longitude";"regional";"delegacia";"uop"
749120;2026-01-27;"terça-feira";"15:30:00";"RJ";116;184;"NOVA IGUACU";"Manobra de mudança de faixa";"Colisão lateral mesmo sentido";"Com Vítimas Feridas";"Pleno dia";"Decrescente";"Nublado";"Dupla";"Reta";"Não";2;0;1;0;1;0;1;2;-22,74096057;-43,49967957;"SPRF-RJ";"DEL06-RJ";"UOP01-DEL06-RJ"
749122;2026-01-31;"sábado";"09:00:00";"SP";101;44;"UBATUBA";"Acessar a via sem observar a presença dos outros veículos";"Colisão transversal";"Com Vítimas Feridas";"Pleno dia";"Crescente";"Sol";"Simples";"Curva";"Sim";2;0;1;0;1;0;1;2;-23,40836191;-45,06156055;"SPRF-SP";"DEL06-SP";"UOP01-DEL06-SP"
749123;2026-01-31;"sábado";"07:53:00";"SC";101;94;"BARRA VELHA";"Condutor deixou de manter distância do veículo da frente";"Engavetamento";"Com Vítimas Feridas";"Pleno dia";"Crescente";"Céu Claro";"Dupla";"Declive;Reta";"Não";7;0;3;0;4;0;3;4;-26,70512782;-48,70078174;"SPRF-SC";"DEL03-SC";"UOP02-DEL03-SC"
749124;2026-01-31;"sábado";"10:00:00";"MG";381;369;"SAO GONCALO DO RIO ABAIXO";"Transitar na contramão";"Colisão frontal";"Com Vítimas Feridas";"Pleno dia";"Decrescente";"Nublado";"Simples";"Curva";"Não";5;0;4;0;1;0;4;2;-19,84419679;-43,30835223;"SPRF-MG";"DEL03-MG";"UOP01-DEL03-MG"
749127;2026-01-27;"terça-feira";"23:40:00";"RJ";101;297;"ITABORAI";"Chuva";"Queda de ocupante de veículo";"Com Vítimas Feridas";"Plena Noite";"Decrescente";"Chuva";"Simples";"Curva";"Não";2;0;2;0;0;0;2;1;-22,77147294;-42,92383855;"SPRF-RJ";"DEL02-RJ";"UOP02-DEL02-RJ"
749128;2026-01-31;"sábado";"10:30:00";"SP";116;306;"SAO LOURENCO DA SERRA";"Ausência de reação do condutor";"Saída de leito carroçável";"Com Vítimas Feridas";"Pleno dia";"Crescente";"Céu Claro";"Dupla";"Curva;Declive";"Não";1;0;1;0;0;0;1;1;-23,84556555;-46,93715878;"SPRF-SP";"DEL04-SP";"UOP01-DEL04-SP"
749129;2026-01-26;"segunda-feira";"16:30:00";"RS";116;150;"CAXIAS DO SUL";"Reação tardia ou ineficiente do condutor";"Colisão traseira";"Com Vítimas Feridas";"Pleno dia";"Crescente";"Céu Claro";"Dupla";"Interseção de Vias";"Sim";2;0;1;0;1;0;1;2;-29,171408;-51,15997;"SPRF-RS";"DEL05-RS";"UOP01-DEL05-RS"
749131;2026-01-31;"sábado";"09:15:00";"RS";153;52;"ERECHIM";"Condutor deixou de manter distância do veículo da frente";"Tombamento";"Com Vítimas Feridas";"Pleno dia";"Crescente";"Céu Claro";"Simples";"Retorno Regulamentado;Reta;Interseção de Vias";"Sim";2;0;1;0;1;0;1;2;-27,66326557;-52,28751747;"SPRF-RS";"DEL08-RS";"UOP04-DEL08-RS"
749132;2026-01-31;"sábado";"10:32:00";"GO";414;301,6;"VILA PROPICIO";"Reação tardia ou ineficiente do condutor";"Saída de leito carroçável";"Com Vítimas Feridas";"Pleno dia";"Crescente";"Céu Claro";"Simples";"Reta";"Não";2;0;2;0;0;0;2;1;-15,2231;-48,69595;"SPRF-GO";"DEL02-GO";"UOP01-DEL02-GO"
749133;2026-01-31;"sábado";"11:16:00";"SP";116;5;"GUARULHOS";"Reação tardia ou ineficiente do condutor";"Colisão traseira";"Com Vítimas Feridas";"Pleno dia";"Crescente";"Sol";"Dupla";"Reta";"Sim";2;0;1;0;1;0;1;2;-23,4213418;-46,47803271;"SPRF-SP";"DEL01-SP";"UOP01-DEL01-SP"
749134;2026-01-03;"sábado";"08:35:00";"MA";222;260;"ARARI";"Condutor deixou de manter distância do veículo da frente";"Engavetamento";"Com Vítimas Feridas";"Pleno dia";"Crescente";"Céu Claro";"Simples";"Reta";"Não";13;0;5;0;7;1;5;4;-3,583184;-44,6403008;"SPRF-MA";"DEL01-MA";"UOP02-DEL01-MA"
749136;2026-01-31;"sábado";"11:28:00";"PE";101;46,7;"IGARASSU";"Condutor deixou de manter distância do veículo da frente";"Engavetamento";"Sem Vítimas";"Pleno dia";"Crescente";"Céu Claro";"Múltipla";"Reta";"Sim";3;0;0;0;3;0;0;3;-7,878028;-34,905606;"SPRF-PE";"DEL01-PE";"UOP02-DEL01-PE"
749137;2026-01-31;"sábado";"11:20:00";"SC";282;47,4;"AGUAS MORNAS";"Reação tardia ou ineficiente do condutor";"Engavetamento";"Com Vítimas Feridas";"Pleno dia";"Crescente";"Céu Claro";"Simples";"Reta;Em Obras";"Não";4;0;1;0;3;0;1;3;-27,718763;-48,93821;"SPRF-SC";"DEL01-SC";"UOP03-DEL01-SC"
749138;2026-01-31;"sábado";"11:30:00";"PB";230;17,7;"JOAO PESSOA";"Trafegar com motocicleta (ou similar) entre as faixas";"Colisão traseira";"Com Vítimas Feridas";"Pleno dia";"Decrescente";"Céu Claro";"Dupla";"Curva";"Sim";2;0;0;1;1;0;1;2;-7,12003698;-34,84500468;"SPRF-PB";"DEL01-PB";"UOP01-DEL01-PB"
749139;2026-01-31;"sábado";"11:35:00";"SP";381;25;"BRAGANCA PAULISTA";"Reação tardia ou ineficiente do condutor";"Colisão traseira";"Com Vítimas Feridas";"Pleno dia";"Decrescente";"Céu Claro";"Dupla";"Reta;Aclive";"Não";3;0;1;1;1;0;2;2;-23,01375942;-46,52385807;"SPRF-SP";"DEL03-SP";"UOP02-DEL03-SP"
749140;2026-01-31;"sábado";"04:50:00";"ES";262;155;"IBATIBA";"Ingestão de álcool pelo condutor";"Colisão lateral sentido oposto";"Sem Vítimas";"Amanhecer";"Decrescente";"Nublado";"Simples";"Reta";"Sim";2;0;0;0;2;0;0;2;-20,22767;-41,47321;"SPRF-ES";"DEL01-ES";"UOP02-DEL01-ES"
749141;2026-01-31;"sábado";"05:30:00";"MA";316;112;"SANTA LUZIA DO PARUA";"Ingestão de álcool pelo condutor";"Colisão frontal";"Com Vítimas Feridas";"Amanhecer";"Crescente";"Céu Claro";"Simples";"Reta";"Sim";2;0;1;0;0;1;1;2;-2,53015262;-45,78071594;"SPRF-MA";"DEL02-MA";"UOP02-DEL02-MA"
749142;2026-01-31;"sábado";"12:20:00";"MG";40;462,9;"SETE LAGOAS";"Velocidade Incompatível";"Saída de leito carroçável";"Com Vítimas Feridas";"Pleno dia";"Crescente";"Chuva";"Dupla";"Reta;Declive";"Não";3;0;1;0;2;0;1;1;-19,42111;-44,33904;"SPRF-MG";"DEL02-MG";"UOP01-DEL02-MG"
749143;2026-01-31;"sábado";"11:00:00";"SC";101;149;"ITAPEMA";"Ultrapassagem Indevida";"Colisão transversal";"Com Vítimas Feridas";"Pleno dia";"Decrescente";"Céu Claro";"Simples";"Reta";"Sim";2;0;0;1;1;0;1;2;-27,11466;-48,60939;"SPRF-SC";"DEL04-SC";"UOP03-DEL04-SC"
749144;2026-01-29;"quinta-feira";"01:15:00";"MS";163;610;"SAO GABRIEL DO OESTE";"Animais na Pista";"Atropelamento de Animal";"Com Vítimas Feridas";"Plena Noite";"Crescente";"Nublado";"Simples";"Aclive";"Não";1;0;1;0;0;0;1;1;-19,43167882;-54,53944869;"SPRF-MS";"DEL06-MS";"UOP02-DEL06-MS"
749145;2026-01-31;"sábado";"12:20:00";"MG";40;500,2;"ESMERALDAS";"Trafegar com motocicleta (ou similar) entre as faixas";"Tombamento";"Com Vítimas Feridas";"Pleno dia";"Decrescente";"Chuva";"Dupla";"Reta;Declive";"Não";2;0;0;1;1;0;1;2;-19,7022;-44,17233;"SPRF-MG";"DEL02-MG";"UOP01-DEL02-MG"
749146;2026-01-31;"sábado";"12:15:00";"PB";230;117;"INGA";"Condutor Dormindo";"Saída de leito carroçável";"Com Vítimas Feridas";"Pleno dia";"Crescente";"Sol";"Dupla";"Reta";"Não";3;0;1;0;2;0;1;1;-7,2418643;-35,6147143;"SPRF-PB";"DEL01-PB";"UOP02-DEL01-PB"
749147;2026-01-31;"sábado";"12:45:00";"SC";101;224,8;"PALHOCA";"Condutor deixou de manter distância do veículo da frente";"Colisão traseira";"Com Vítimas Feridas";"Pleno dia";"Crescente";"Céu Claro";"Dupla";"Reta";"Sim";2;0;1;0;1;0;1;2;-27,74119383;-48,63868207;"SPRF-SC";"DEL01-SC";"UOP02-DEL01-SC"
749148;2026-01-31;"sábado";"12:10:00";"RN";101;99,4;"PARNAMIRIM";"Reação tardia ou ineficiente do condutor";"Colisão traseira";"Com Vítimas Feridas";"Pleno dia";"Decrescente";"Sol";"Múltipla";"Viaduto;Retorno Regulamentado";"Sim";2;0;1;0;0;1;1;2;-5,87604237;-35,22213427;"SPRF-RN";"DEL01-RN";"UOP01-DEL01-RN"
749149;2026-01-31;"sábado";"11:00:00";"MS";163;502;"JARAGUARI";"Ausência de reação do condutor";"Atropelamento de Pedestre";"Com Vítimas Feridas";"Pleno dia";"Crescente";"Céu Claro";"Dupla";"Reta;Aclive";"Não";3;0;0;1;1;1;1;2;-20,30413445;-54,50589627;"SPRF-MS";"DEL01-MS";"UOP02-DEL01-MS"
749150;2026-01-31;"sábado";"12:00:00";"MG";153;2,5;"ARAPORA";"Condutor usando celular";"Saída de leito carroçável";"Com Vítimas Fatais";"Pleno dia";"Crescente";"Nublado";"Dupla";"Reta;Declive";"Sim";3;1;2;0;0;0;2;1;-18,43738;-49,189849;"SPRF-MG";"DEL15-MG";"UOP03-DEL15-MG"
749151;2026-01-31;"sábado";"10:50:00";"SE";101;91;"NOSSA SENHORA DO SOCORRO";"Ausência de reação do condutor";"Capotamento";"Sem Vítimas";"Pleno dia";"Crescente";"Céu Claro";"Simples";"Curva;Declive";"Não";1;0;0;0;1;0;0;1;-10,90141822;-37,13284342;"SPRF-SE";"DEL01-SE";"UOP01-DEL01-SE"
749152;2026-01-31;"sábado";"12:30:00";"SC";101;224,9;"PALHOCA";"Reação tardia ou ineficiente do condutor";"Colisão traseira";"Com Vítimas Feridas";"Pleno dia";"Crescente";"Céu Claro";"Múltipla";"Reta";"Sim";3;0;1;0;2;0;1;2;-27,74201579;-48,63809936;"SPRF-SC";"DEL01-SC";"UOP02-DEL01-SC"
749153;2026-01-31;"sábado";"13:15:00";"SC";280;28;"ARAQUARI";"Transitar na contramão";"Colisão transversal";"Com Vítimas Feridas";"Pleno dia";"Decrescente";"Céu Claro";"Simples";"Reta";"Sim";2;0;1;0;1;0;1;2;-26,40731056;-48,74863076;"SPRF-SC";"DEL03-SC";"UOP03-DEL03-SC"
749154;2026-01-31;"sábado";"12:50:00";"SP";116;221;"GUARULHOS";"Avarias e/ou desgaste excessivo no pneu";"Queda de ocupante de veículo";"Com Vítimas Feridas";"Pleno dia";"Crescente";"Nublado";"Múltipla";"Reta";"Sim";2;0;1;0;1;0;1;1;-23,4673643;-46,50643766;"SPRF-SP";"DEL01-SP";"UOP01-DEL01-SP"
749155;2026-01-31;"sábado";"09:05:00";"RJ";101;330;"RIO DE JANEIRO";"Ausência de reação do condutor";"Colisão traseira";"Com Vítimas Feridas";"Pleno dia";"Decrescente";"Céu Claro";"Dupla";"Reta";"Não";3;0;2;0;1;0;2;2;-22,86795064;-43,19309235;"SPRF-RJ";"DEL02-RJ";"UOP01-DEL02-RJ"
749156;2026-01-31;"sábado";"06:31:00";"PE";232;71;"GRAVATA";"Ausência de reação do condutor";"Colisão com objeto";"Com Vítimas Feridas";"Pleno dia";"Decrescente";"Céu Claro";"Dupla";"Reta;Aclive";"Não";2;0;0;2;0;0;2;1;-8,18515768;-35,49589203;"SPRF-PE";"DEL02-PE";"UOP02-DEL02PE"
749159;2026-01-31;"sábado";"13:45:00";"BA";135;204;"SAO DESIDERIO";"Ausência de reação do condutor";"Colisão com objeto";"Com Vítimas Feridas";"Pleno dia";"Crescente";"Céu Claro";"Simples";"Curva";"Não";1;0;1;0;0;0;1;1;-12,3492072;-44,9912553;"SPRF-BA";"DEL10-BA";"UOP01-DEL10-BA"
749161;2026-01-31;"sábado";"11:45:00";"SP";381;90,2;"GUARULHOS";"Manobra de mudança de faixa";"Colisão lateral mesmo sentido";"Com Vítimas Fatais";"Pleno dia";"Crescente";"Céu Claro";"Múltipla";"Reta;Interseção de Vias";"Sim";3;1;0;0;2;0;0;2;-23,497376;-46,559998;"SPRF-SP";"DEL03-SP";"UOP01-DEL03-SP"
749162;2026-01-31;"sábado";"12:00:00";"SC";282;379;"HERVAL DOESTE";"Velocidade Incompatível";"Saída de leito carroçável";"Com Vítimas Feridas";"Pleno dia";"Decrescente";"Céu Claro";"Simples";"Reta";"Não";2;0;2;0;0;0;2;1;-27,21759897;-51,46868259;"SPRF-SC";"DEL07-SC";"UOP05-DEL07-SC"
749164;2026-01-31;"sábado";"13:55:00";"RS";116;148;"CAXIAS DO SUL";"Reação tardia ou ineficiente do condutor";"Colisão lateral mesmo sentido";"Com Vítimas Feridas";"Pleno dia";"Decrescente";"Céu Claro";"Dupla";"Curva";"Sim";2;0;1;0;1;0;1;2;-29,15863588;-51,15546292;"SPRF-RS";"DEL05-RS";"UOP01-DEL05-RS"
749165;2026-01-31;"sábado";"12:30:00";"GO";60;46,2;"ALEXANIA";"Velocidade Incompatível";"Saída de leito carroçável";"Com Vítimas Feridas";"Pleno dia";"Crescente";"Chuva";"Dupla";"Curva;Declive";"Não";1;0;1;0;0;0;1;1;-16,145125;-48,602165;"SPRF-GO";"DEL02-GO";"UOP01-DEL02-GO"
749167;2026-01-31;"sábado";"11:05:00";"SC";101;144,6;"ITAPEMA";"Reação tardia ou ineficiente do condutor";"Colisão traseira";"Com Vítimas Feridas";"Pleno dia";"Decrescente";"Céu Claro";"Dupla";"Reta";"Não";3;0;2;0;1;0;2;2;-27,07736;-48,59894;"SPRF-SC";"DEL04-SC";"UOP03-DEL04-SC"
749168;2026-01-31;"sábado";"13:00:00";"RS";470;282,5;"MONTENEGRO";"Desrespeitar a preferência no cruzamento";"Colisão transversal";"Com Vítimas Feridas";"Pleno dia";"Decrescente";"Nublado";"Simples";"Curva;Interseção de Vias;Em Obras";"Não";3;0;1;0;2;0;1;2;-29,61986604;-51,47450924;"SPRF-RS";"DEL06-RS";"UOP01-DEL06-RS"
749169;2026-01-31;"sábado";"14:30:00";"ES";101;66,3;"SAO MATEUS";"Acessar a via sem observar a presença dos outros veículos";"Colisão lateral mesmo sentido";"Com Vítimas Feridas";"Pleno dia";"Crescente";"Céu Claro";"Simples";"Retorno Regulamentado";"Sim";2;0;1;0;0;1;1;2;-18,7177432;-39,8721014;"SPRF-ES";"DEL04-ES";"UOP02-DEL04-ES"
749170;2026-01-31;"sábado";"14:22:00";"RJ";116;180;"NOVA IGUACU";"Trafegar com motocicleta (ou similar) entre as faixas";"Colisão traseira";"Sem Vítimas";"Pleno dia";"Crescente";"Céu Claro";"Múltipla";"Reta";"Sim";2;0;0;0;2;0;0;2;-22,76410872;-43,4174417;"SPRF-RJ";"DEL06-RJ";"UOP01-DEL06-RJ"
749171;2026-01-31;"sábado";"07:40:00";"RO";364;425;"JARU";"Conversão proibida";"Colisão traseira";"Com Vítimas Feridas";"Pleno dia";"Decrescente";"Céu Claro";"Simples";"Declive;Reta";"Sim";2;0;1;0;1;0;1;2;-10,436952;-62,472407;"SPRF-RO";"DEL03-RO";"UOP02-DEL03-RO"
749173;2026-01-31;"sábado";"12:30:00";"SC";280;25,7;"ARAQUARI";"Ausência de reação do condutor";"Colisão traseira";"Sem Vítimas";"Pleno dia";"Decrescente";"Céu Claro";"Simples";"Reta";"Não";3;0;0;0;3;0;0;2;-26,38682834;-48,73062937;"SPRF-SC";"DEL03-SC";"UOP03-DEL03-SC"
749174;2026-01-31;"sábado";"13:17:00";"PB";427;14;"PAULISTA";"Reação tardia ou ineficiente do condutor";"Saída de leito carroçável";"Com Vítimas Fatais";"Pleno dia";"Decrescente";"Céu Claro";"Simples";"Reta";"Não";3;1;1;1;0;0;2;1;-6,692588;-37,6069937;"SPRF-PB";"DEL03-PB";"UOP02-DEL03-PB"
749175;2026-01-31;"sábado";"13:10:00";"MG";381;635,8;"SANTO ANTONIO DO AMPARO";"Ausência de reação do condutor";"Saída de leito carroçável";"Com Vítimas Feridas";"Pleno dia";"Decrescente";"Céu Claro";"Dupla";"Curva;Aclive";"Não";5;0;5;0;0;0;5;1;-20,86442606;-44,84138489;"SPRF-MG";"DEL04-MG";"UOP01-DEL04-MG"
749176;2026-01-31;"sábado";"15:05:00";"PE";101;70;"RECIFE";"Ausência de reação do condutor";"Saída de leito carroçável";"Com Vítimas Feridas";"Pleno dia";"Decrescente";"Sol";"Simples";"Curva";"Não";1;0;1;0;0;0;1;1;-8,075568;-34,939667;"SPRF-PE";"DEL01-PE";"UOP01-DEL01-PE"
749177;2026-01-31;"sábado";"12:15:00";"MT";70;3;"BARRA DO GARCAS";"Reação tardia ou ineficiente do condutor";"Colisão lateral mesmo sentido";"Com Vítimas Feridas";"Pleno dia";"Decrescente";"Céu Claro";"Dupla";"Rotatória";"Sim";2;0;2;0;0;0;2;2;-15,87928574;-52,31393337;"SPRF-MT";"DEL07-MT";"UOP01-DEL07-MT"
749178;2026-01-31;"sábado";"14:50:00";"MG";40;523,6;"CONTAGEM";"Reação tardia ou ineficiente do condutor";"Colisão traseira";"Com Vítimas Feridas";"Pleno dia";"Crescente";"Nublado";"Dupla";"Reta";"Sim";3;0;2;0;1;0;2;2;-19,87277144;-44,05580044;"SPRF-MG";"DEL01-MG";"UOP02-DEL01-MG"
749179;2026-01-31;"sábado";"14:00:00";"SE";101;21,4;"SAO FRANCISCO";"Demais falhas mecânicas ou elétricas";"Incêndio";"Sem Vítimas";"Pleno dia";"Decrescente";"Céu Claro";"Dupla";"Aclive;Curva";"Não";1;0;0;0;1;0;0;1;-10,36891;-36,91211;"SPRF-SE";"DEL02-SE";"UOP02-DEL02-SE"
749180;2026-01-31;"sábado";"14:10:00";"RJ";40;117;"DUQUE DE CAXIAS";"Reação tardia ou ineficiente do condutor";"Colisão traseira";"Com Vítimas Feridas";"Pleno dia";"Decrescente";"Nublado";"Dupla";"Reta";"Sim";3;0;1;0;2;0;1;2;-22,75359;-43,28706;"SPRF-RJ";"DEL01-RJ";"UOP02-DEL01-RJ"
749182;2026-01-31;"sábado";"15:20:00";"BA";101;715;"EUNAPOLIS";"Condutor deixou de manter distância do veículo da frente";"Colisão traseira";"Com Vítimas Feridas";"Pleno dia";"Decrescente";"Céu Claro";"Simples";"Reta";"Sim";2;0;1;0;1;0;1;2;-16,358947;-39,579557;"SPRF-BA";"DEL09-BA";"UOP01-DEL09-BA"
749183;2026-01-31;"sábado";"15:35:00";"RS";386;347,4;"LAJEADO";"Objeto estático sobre o leito carroçável";"Colisão com objeto";"Com Vítimas Fatais";"Pleno dia";"Crescente";"Nublado";"Dupla";"Reta;Declive";"Sim";1;1;0;0;0;0;0;1;-29,453205;-51,96221;"SPRF-RS";"DEL04-RS";"UOP01-DEL04-RS"
749184;2026-01-31;"sábado";"15:15:00";"SC";101;150;"ITAPEMA";"Manobra de mudança de faixa";"Colisão lateral mesmo sentido";"Com Vítimas Feridas";"Pleno dia";"Decrescente";"Nublado";"Múltipla";"Reta";"Sim";2;0;0;1;1;0;1;2;-27,11749;-48,609237;"SPRF-SC";"DEL04-SC";"UOP03-DEL04-SC"
749186;2026-01-31;"sábado";"15:05:00";"PB";230;28;"JOAO PESSOA";"Condutor deixou de manter distância do veículo da frente";"Engavetamento";"Sem Vítimas";"Pleno dia";"Crescente";"Céu Claro";"Dupla";"Reta";"Sim";4;0;0;0;4;0;0;4;-7,16421395;-34,90047455;"SPRF-PB";"DEL01-PB";"UOP01-DEL01-PB"
749187;2026-01-31;"sábado";"15:15:00";"ES";101;367,9;"ANCHIETA";"Ultrapassagem Indevida";"Colisão lateral mesmo sentido";"Com Vítimas Feridas";"Pleno dia";"Decrescente";"Céu Claro";"Simples";"Reta";"Não";2;0;1;0;0;1;1;2;-20,75141106;-40,75959653;"SPRF-ES";"DEL03-ES";"UOP01-DEL03-ES"
749189;2026-01-31;"sábado";"15:50:00";"SC";101;196,3;"BIGUACU";"Ingestão de álcool pelo condutor";"Colisão traseira";"Com Vítimas Feridas";"Pleno dia";"Decrescente";"Nublado";"Dupla";"Reta";"Não";2;0;1;0;1;0;1;2;-27,513055;-48,640833;"SPRF-SC";"DEL01-SC";"UOP01-DEL01-SC"
749190;2026-01-31;"sábado";"14:20:00";"RJ";116;181;"NOVA IGUACU";"Ausência de reação do condutor";"Colisão traseira";"Com Vítimas Feridas";"Pleno dia";"Decrescente";"Céu Claro";"Dupla";"Reta";"Não";4;0;1;0;3;0;1;2;-22,76249443;-43,42197983;"SPRF-RJ";"DEL06-RJ";"UOP01-DEL06-RJ"
749192;2026-01-31;"sábado";"15:05:00";"SC";470;31;"GASPAR";"Ausência de reação do condutor";"Saída de leito carroçável";"Com Vítimas Feridas";"Pleno dia";"Crescente";"Nublado";"Dupla";"Reta";"Não";2;0;0;2;0;0;2;1;-26,90044616;-48,93011979;"SPRF-SC";"DEL04-SC";"UOP01-DEL04-SC"
749193;2026-01-31;"sábado";"15:00:00";"GO";153;585;"PROFESSOR JAMIL";"Demais falhas mecânicas ou elétricas";"Saída de leito carroçável";"Sem Vítimas";"Pleno dia";"Decrescente";"Nublado";"Dupla";"Reta";"Não";4;0;0;0;4;0;0;1;-17,415207;-49,227805;"SPRF-GO";"DEL03-GO";"UOP01-DEL03-GO"
749197;2026-01-31;"sábado";"16:00:00";"PR";376;160;"MANDAGUACU";"Ingestão de álcool pelo condutor";"Colisão lateral mesmo sentido";"Com Vítimas Feridas";"Pleno dia";"Crescente";"Céu Claro";"Dupla";"Curva";"Não";2;0;0;1;1;0;1;2;-23,36531439;-52,08205104;"SPRF-PR";"DEL09-PR";"UOP02-DEL09-PR"
749199;2026-01-31;"sábado";"12:00:00";"MG";365;198,6;"BURITIZEIRO";"Demais falhas mecânicas ou elétricas";"Incêndio";"Sem Vítimas";"Pleno dia";"Decrescente";"Céu Claro";"Simples";"Reta";"Não";1;0;0;0;1;0;0;1;-17,48592;-45,20729;"SPRF-MG";"DEL10-MG";"UOP02-DEL010-MG"
749200;2026-01-31;"sábado";"13:25:00";"RO";364;58;"VILHENA";"Demais falhas mecânicas ou elétricas";"Queda de ocupante de veículo";"Com Vítimas Feridas";"Pleno dia";"Crescente";"Céu Claro";"Simples";"Reta";"Não";2;0;2;0;0;0;2;1;-12,518;-60,418;"SPRF-RO";"DEL04-RO";"UOP01-DEL04-RO"
749201;2026-01-31;"sábado";"16:00:00";"SC";101;85;"BARRA VELHA";"Condutor deixou de manter distância do veículo da frente";"Colisão traseira";"Sem Vítimas";"Pleno dia";"Decrescente";"Céu Claro";"Dupla";"Reta";"Não";2;0;0;0;2;0;0;2;-26,63919295;-48,69313037;"SPRF-SC";"DEL03-SC";"UOP02-DEL03-SC"
749202;2026-01-31;"sábado";"15:50:00";"PI";316;5;"TERESINA";"Ausência de reação do condutor";"Atropelamento de Pedestre";"Com Vítimas Feridas";"Pleno dia";"Crescente";"Céu Claro";"Múltipla";"Reta";"Sim";2;0;1;0;0;1;1;2;-5,14290312;-42,77973552;"SPRF-PI";"DEL01-PI";"UOP02-DEL01-PI"
749203;2026-01-31;"sábado";"16:40:00";"RS";285;339;"CARAZINHO";"Desrespeitar a preferência no cruzamento";"Colisão transversal";"Com Vítimas Feridas";"Pleno dia";"Crescente";"Céu Claro";"Simples";"Reta";"Não";6;0;3;0;3;0;3;2;-28,3179653;-52,8090555;"SPRF-RS";"DEL08-RS";"UOP03-DEL08-RS"
749204;2026-01-31;"sábado";"15:00:00";"MG";381;242;"SANTANA DO PARAISO";"Acumulo de areia ou detritos sobre o pavimento";"Tombamento";"Com Vítimas Feridas";"Pleno dia";"Crescente";"Nublado";"Simples";"Interseção de Vias;Curva";"Não";1;0;1;0;0;0;1;1;-19,44356765;-42,51331329;"SPRF-MG";"DEL06-MG";"UOP01-DEL06-MG"
749206;2026-01-31;"sábado";"17:00:00";"RS";153;45,5;"ERECHIM";"Condutor deixou de manter distância do veículo da frente";"Colisão traseira";"Com Vítimas Feridas";"Pleno dia";"Crescente";"Céu Claro";"Simples";"Reta;Aclive";"Sim";4;0;1;0;2;1;1;2;-27,63209313;-52,23631946;"SPRF-RS";"DEL08-RS";"UOP04-DEL08-RS"
749207;2026-01-31;"sábado";"15:05:00";"GO";60;297;"ACREUNA";"Chuva";"Saída de leito carroçável";"Com Vítimas Feridas";"Pleno dia";"Crescente";"Chuva";"Dupla";"Curva;Retorno Regulamentado";"Não";1;0;1;0;0;0;1;1;-17,359888;-50,332742;"SPRF-GO";"DEL04-GO";"UOP02-DEL04-GO"
749209;2026-01-31;"sábado";"18:00:00";"MG";40;517;"RIBEIRAO DAS NEVES";"Desrespeitar a preferência no cruzamento";"Colisão transversal";"Com Vítimas Feridas";"Anoitecer";"Crescente";"Céu Claro";"Dupla";"Reta";"Sim";2;0;0;1;1;0;1;2;-19,84063257;-44,07657337;"SPRF-MG";"DEL01-MG";"UOP02-DEL01-MG"
749210;2026-01-31;"sábado";"18:00:00";"GO";60;109;"GOIANAPOLIS";"Chuva";"Saída de leito carroçável";"Com Vítimas Feridas";"Anoitecer";"Decrescente";"Chuva";"Dupla";"Curva";"Não";4;0;1;0;3;0;1;1;-16,451227;-49,038834;"SPRF-GO";"DEL01-GO";"UOP01-DEL01-GO"
749211;2026-01-31;"sábado";"16:50:00";"SC";163;67,9;"SAO MIGUEL DO OESTE";"Velocidade Incompatível";"Colisão traseira";"Com Vítimas Feridas";"Pleno dia";"Decrescente";"Céu Claro";"Dupla";"Reta;Interseção de Vias";"Sim";4;0;0;1;3;0;1;2;-26,7515452;-53,50080583;"SPRF-SC";"DEL07-SC";"UOP03-DEL07-SC"
749212;2026-01-31;"sábado";"17:00:00";"SC";101;67;"ARAQUARI";"Condutor usando celular";"Colisão lateral mesmo sentido";"Com Vítimas Feridas";"Pleno dia";"Decrescente";"Céu Claro";"Dupla";"Curva";"Não";3;0;2;0;1;0;2;2;-26,481297;-48,735874;"SPRF-SC";"DEL03-SC";"UOP02-DEL03-SC"
749213;2026-01-31;"sábado";"16:03:00";"BA";101;527;"BUERAREMA";"Transitar na contramão";"Saída de leito carroçável";"Com Vítimas Feridas";"Pleno dia";"Crescente";"Céu Claro";"Simples";"Aclive";"Não";1;0;0;1;0;0;1;1;-14,96739;-39,31813;"SPRF-BA";"DEL05-BA";"UOP01-DEL05-BA"
749214;2026-01-31;"sábado";"17:54:00";"GO";60;72;"ABADIANIA";"Ingestão de álcool pelo condutor";"Saída de leito carroçável";"Com Vítimas Feridas";"Pleno dia";"Decrescente";"Garoa/Chuvisco";"Dupla";"Reta";"Não";1;0;1;0;0;0;1;1;-16,261322;-48,763415;"SPRF-GO";"DEL02-GO";"UOP01-DEL02-GO"
749215;2026-01-31;"sábado";"16:45:00";"PI";343;316;"ALTOS";"Ausência de reação do condutor";"Tombamento";"Com Vítimas Feridas";"Pleno dia";"Decrescente";"Nublado";"Simples";"Aclive";"Não";1;0;1;0;0;0;1;1;-5,04606308;-42,5088828;"SPRF-PI";"DEL01-PI";"UOP01-DEL01-PI"
749216;2026-01-31;"sábado";"15:20:00";"RO";364;342;"JI-PARANA";"Reação tardia ou ineficiente do condutor";"Colisão traseira";"Com Vítimas Feridas";"Pleno dia";"Decrescente";"Céu Claro";"Múltipla";"Reta";"Sim";2;0;1;0;1;0;1;2;-10,879062;-61,94505;"SPRF-RO";"DEL02-RO";"UOP01-DEL02-RO"