"id";"data_inversa";"dia_semana";"horario";"uf";"br";"km";"municipio";"causa_acidente";"tipo_acidente";"classificacao_acidente";"fase_dia";"sentido_via";"condicao_metereologica";"tipo_pista";"tracado_via";"uso_solo";"pessoas";"mortos";"feridos_leves";"feridos_graves";"ilesos";"ignorados";"feridos";"veiculos";"latitude";"longitude";"regional";"delegacia";"uop"
749217;2026-01-31;"sábado";"18:00:00";"RJ";101;462;"ANGRA DOS REIS";"Avarias e/ou desgaste excessivo no pneu";"Colisão frontal";"Com Vítimas Feridas";"Anoitecer";"Crescente";"Céu Claro";"Simples";"Curva";"Não";4;0;3;0;1;0;3;2;-23,030257;-44,20742;"SPRF-RJ";"DEL03-RJ";"UOP03-DEL03-RJ"
749220;2026-01-31;"sábado";"13:15:00";"SC";101;1,8;"GARUVA";"Reação tardia ou ineficiente do condutor";"Tombamento";"Com Vítimas Feridas";"Pleno dia";"Decrescente";"Nublado";"Dupla";"Reta;Declive";"Não";1;0;1;0;0;0;1;1;-25,99597716;-48,87894329;"SPRF-SC";"DEL03-SC";"UOP01-DEL03-SC"
749221;2026-01-31;"sábado";"19:00:00";"PE";101;81;"JABOATAO DOS GUARARAPES";"Animais na Pista";"Atropelamento de Animal";"Com Vítimas Feridas";"Plena Noite";"Crescente";"Céu Claro";"Dupla";"Reta";"Sim";2;0;1;1;0;0;2;1;-8,16139;-34,94003;"SPRF-PE";"DEL01-PE";"UOP01-DEL01-PE"
749224;2026-01-31;"sábado";"18:40:00";"MG";381;425;"SABARA";"Velocidade Incompatível";"Saída de leito carroçável";"Com Vítimas Feridas";"Pleno dia";"Crescente";"Chuva";"Simples";"Curva";"Não";1;0;1;0;0;0;1;1;-19,786785;-43,701048;"SPRF-MG";"DEL01-MG";"UOP01-DEL01-MG"
749226;2026-01-31;"sábado";"17:00:00";"SC";101;311,3;"LAGUNA";"Condutor deixou de manter distância do veículo da frente";"Tombamento";"Com Vítimas Feridas";"Pleno dia";"Decrescente";"Céu Claro";"Simples";"Aclive";"Sim";1;0;0;1;0;0;1;1;-28,44062803;-48,81356176;"SPRF-SC";"DEL02-SC";"UOP01-DEL02-SC"
749228;2026-01-31;"sábado";"18:50:00";"RS";470;219,2;"BENTO GONCALVES";"Manobra de mudança de faixa";"Colisão lateral mesmo sentido";"Com Vítimas Feridas";"Anoitecer";"Decrescente";"Céu Claro";"Simples";"Curva";"Sim";3;0;1;0;2;0;1;2;-29,188815;-51,521975;"SPRF-RS";"DEL06-RS";"UOP01-DEL06-RS"
749229;2026-01-31;"sábado";"19:27:00";"SP";116;415,7;"JUQUIA";"Reação tardia ou ineficiente do condutor";"Tombamento";"Com Vítimas Feridas";"Plena Noite";"Decrescente";"Céu Claro";"Dupla";"Reta";"Não";2;0;2;0;0;0;2;1;-24,335966;-47,642123;"SPRF-SP";"DEL05-SP";"UOP01-DEL05-SP"
749230;2026-01-31;"sábado";"19:15:00";"PI";343;26;"PARNAIBA";"Ausência de reação do condutor";"Queda de ocupante de veículo";"Com Vítimas Feridas";"Plena Noite";"Crescente";"Céu Claro";"Simples";"Reta";"Não";1;0;1;0;0;0;1;1;-3,038375;-41,772843;"SPRF-PI";"DEL05-PI";"UOP01-DEL05-PI"
749231;2026-01-31;"sábado";"19:30:00";"PE";101;50;"ABREU E LIMA";"Reação tardia ou ineficiente do condutor";"Colisão traseira";"Com Vítimas Feridas";"Plena Noite";"Decrescente";"Céu Claro";"Múltipla";"Reta;Retorno Regulamentado";"Sim";2;0;1;0;1;0;1;2;-7,9129357;-34,900362;"SPRF-PE";"DEL01-PE";"UOP02-DEL01-PE"
749232;2026-01-31;"sábado";"18:40:00";"MS";376;86,3;"DEODAPOLIS";"Transitar no Acostamento";"Saída de leito carroçável";"Com Vítimas Fatais";"Plena Noite";"Crescente";"Céu Claro";"Simples";"Reta";"Não";2;1;0;1;0;0;1;1;-22,296208;-54,117528;"SPRF-MS";"DEL04-MS";"UOP04-DEL04-MS"
749233;2026-01-31;"sábado";"19:35:00";"PR";277;0;"FOZ DO IGUACU";"Acumulo de areia ou detritos sobre o pavimento";"Tombamento";"Com Vítimas Feridas";"Plena Noite";"Decrescente";"Céu Claro";"Simples";"Declive;Curva";"Sim";1;0;1;0;0;0;1;1;-25,49176426;-54,51646686;"SPRF-PR";"DEL01-PR";"UOP05-DEL01-PR"
749234;2026-01-31;"sábado";"19:15:00";"RS";470;59,2;"LAGOA VERMELHA";"Ultrapassagem Indevida";"Saída de leito carroçável";"Com Vítimas Feridas";"Anoitecer";"Crescente";"Céu Claro";"Simples";"Reta";"Não";4;0;1;1;2;0;2;1;-28,08503;-51,46796;"SPRF-RS";"DEL08-RS";"UOP05-DEL08-RS"
749237;2026-01-31;"sábado";"19:46:00";"RN";101;84;"NATAL";"Ausência de reação do condutor";"Colisão traseira";"Sem Vítimas";"Plena Noite";"Crescente";"Céu Claro";"Dupla";"Reta";"Sim";2;0;0;0;1;1;0;2;-5,774417;-35,257161;"SPRF-RN";"DEL02-RN";"UOP01-DEL02-RN"
749238;2026-01-31;"sábado";"18:50:00";"BA";418;100;"NOVA VICOSA";"Transitar na contramão";"Colisão frontal";"Com Vítimas Feridas";"Plena Noite";"Decrescente";"Nublado";"Simples";"Reta";"Não";6;0;0;1;5;0;1;3;-17,90749312;-39,94352198;"SPRF-BA";"DEL09-BA";"UOP02-DEL09-BA"
749240;2026-01-31;"sábado";"19:00:00";"RS";386;73,7;"BOA VISTA DAS MISSOES";"Transitar na contramão";"Colisão transversal";"Sem Vítimas";"Pleno dia";"Crescente";"Céu Claro";"Simples";"Reta;Interseção de Vias";"Sim";3;0;0;0;3;0;0;2;-27,66813071;-53,31270067;"SPRF-RS";"DEL08-RS";"UOP02-DEL08-RS"
749241;2026-01-31;"sábado";"19:40:00";"RJ";101;407;"ITAGUAI";"Ausência de reação do condutor";"Colisão lateral mesmo sentido";"Com Vítimas Feridas";"Plena Noite";"Decrescente";"Nublado";"Dupla";"Viaduto";"Não";2;0;1;0;1;0;1;2;-22,879848;-43,822163;"SPRF-RJ";"DEL03-RJ";"UOP01-DEL03-RJ"
749244;2026-01-31;"sábado";"19:20:00";"SP";381;4;"VARGEM";"Ausência de reação do condutor";"Colisão com objeto";"Sem Vítimas";"Plena Noite";"Decrescente";"Céu Claro";"Dupla";"Reta;Declive";"Sim";1;0;0;0;1;0;0;1;-22,88406495;-46,40967965;"SPRF-SP";"DEL03-SP";"UOP02-DEL03-SP"
749246;2026-01-31;"sábado";"20:50:00";"RJ";116;284;"BARRA MANSA";"Condutor Dormindo";"Capotamento";"Com Vítimas Feridas";"Plena Noite";"Crescente";"Nublado";"Dupla";"Reta";"Não";1;0;1;0;0;0;1;1;-22,5119843;-44,2166517;"SPRF-RJ";"DEL07-RJ";"UOP02-DEL07-RJ"
749247;2026-01-31;"sábado";"21:00:00";"RJ";465;13;"SEROPEDICA";"Reação tardia ou ineficiente do condutor";"Colisão transversal";"Com Vítimas Feridas";"Plena Noite";"Crescente";"Nublado";"Simples";"Reta;Interseção de Vias";"Sim";4;0;2;0;2;0;2;3;-22,795702;-43,647693;"SPRF-RJ";"DEL06-RJ";"UOP02-DEL06-RJ"
749249;2026-01-31;"sábado";"21:30:00";"PB";101;92;"JOAO PESSOA";"Ingestão de álcool pelo condutor";"Tombamento";"Com Vítimas Feridas";"Plena Noite";"Decrescente";"Nublado";"Dupla";"Reta";"Não";1;0;1;0;0;0;1;1;-7,1637;-34,905907;"SPRF-PB";"DEL01-PB";"UOP01-DEL01-PB"
749250;2026-01-31;"sábado";"21:30:00";"CE";116;46;"PACAJUS";"Condutor usando celular";"Colisão com objeto";"Com Vítimas Feridas";"Plena Noite";"Decrescente";"Céu Claro";"Dupla";"Reta;Aclive;Retorno Regulamentado";"Não";2;0;1;1;0;0;2;1;-4,14451377;-38,47774744;"SPRF-CE";"DEL01-CE";"UOP02-DEL01-CE"
749251;2026-01-31;"sábado";"20:47:00";"GO";60;109;"GOIANAPOLIS";"Reação tardia ou ineficiente do condutor";"Saída de leito carroçável";"Sem Vítimas";"Plena Noite";"Crescente";"Chuva";"Dupla";"Declive";"Não";1;0;0;0;1;0;0;1;-16,447912;-49,023975;"SPRF-GO";"DEL01-GO";"UOP01-DEL01-GO"
749252;2026-01-31;"sábado";"19:40:00";"MT";70;153;"GENERAL CARNEIRO";"Ultrapassagem Indevida";"Atropelamento de Pedestre";"Com Vítimas Feridas";"Plena Noite";"Decrescente";"Nublado";"Simples";"Reta";"Sim";3;0;1;0;1;1;1;2;-15,57184347;-53,41768384;"SPRF-MT";"DEL07-MT";"UOP01-DEL07-MT"
749253;2026-01-31;"sábado";"21:02:00";"PE";423;96;"GARANHUNS";"Ausência de reação do condutor";"Colisão traseira";"Com Vítimas Feridas";"Plena Noite";"Crescente";"Céu Claro";"Simples";"Reta";"Não";4;0;2;0;0;2;2;3;-8,87943;-36,494992;"SPRF-PE";"DEL03-PE";"UOP01-DEL03-PE"
749254;2026-01-31;"sábado";"18:57:00";"PI";407;426;"PICOS";"Transitar na contramão";"Colisão frontal";"Com Vítimas Feridas";"Plena Noite";"Crescente";"Céu Claro";"Simples";"Reta";"Não";3;0;1;1;0;1;2;2;-7,09923935;-41,41989291;"SPRF-PI";"DEL04-PI";"UOP01-DEL04-PI"
749255;2026-01-31;"sábado";"22:00:00";"MG";40;481,5;"SETE LAGOAS";"Ausência de sinalização";"Colisão traseira";"Com Vítimas Feridas";"Plena Noite";"Decrescente";"Chuva";"Dupla";"Reta;Em Obras";"Não";3;0;2;0;1;0;2;2;-19,55462;-44,24265;"SPRF-MG";"DEL02-MG";"UOP01-DEL02-MG"
749256;2026-01-31;"sábado";"22:10:00";"RJ";101;268;"RIO BONITO";"Manobra de mudança de faixa";"Colisão transversal";"Com Vítimas Fatais";"Plena Noite";"Crescente";"Céu Claro";"Dupla";"Reta";"Sim";2;1;0;0;1;0;0;2;-22,71440361;-42,67792799;"SPRF-RJ";"DEL02-RJ";"UOP03-DEL02-RJ"
749257;2026-01-31;"sábado";"21:00:00";"BA";367;33,4;"PORTO SEGURO";"Deficiência do Sistema de Iluminação/Sinalização";"Tombamento";"Com Vítimas Feridas";"Plena Noite";"Decrescente";"Céu Claro";"Simples";"Reta";"Não";1;0;0;1;0;0;1;1;-16,416835;-39,156725;"SPRF-BA";"DEL09-BA";"UOP03-DEL09-BA"
749258;2026-01-31;"sábado";"17:20:00";"RS";285;212,2;"CASEIROS";"Reação tardia ou ineficiente do condutor";"Colisão traseira";"Sem Vítimas";"Plena Noite";"Decrescente";"Céu Claro";"Simples";"Reta;Declive";"Não";2;0;0;0;0;2;0;2;-28,24032;-51,64222;"SPRF-RS";"DEL08-RS";"UOP05-DEL08-RS"
749259;2026-01-31;"sábado";"21:40:00";"ES";101;97;"JAGUARE";"Ausência de reação do condutor";"Colisão traseira";"Com Vítimas Feridas";"Plena Noite";"Crescente";"Céu Claro";"Simples";"Reta";"Não";8;0;4;0;4;0;4;2;-18,9559383;-39,9833333;"SPRF-ES";"DEL04-ES";"UOP02-DEL04-ES"
749260;2026-01-31;"sábado";"20:35:00";"MT";174;2;"PONTES E LACERDA";"Reação tardia ou ineficiente do condutor";"Queda de ocupante de veículo";"Com Vítimas Feridas";"Plena Noite";"Decrescente";"Céu Claro";"Simples";"Reta;Interseção de Vias";"Sim";1;0;1;0;0;0;1;1;-15,25227669;-59,32935745;"SPRF-MT";"DEL04-MT";"UOP01-DEL04-MT"
749263;2026-01-31;"sábado";"22:15:00";"SE";101;185;"UMBAUBA";"Pedestre cruzava a pista fora da faixa";"Atropelamento de Pedestre";"Com Vítimas Fatais";"Plena Noite";"Decrescente";"Céu Claro";"Simples";"Reta";"Não";2;1;0;0;1;0;0;2;-11,39614309;-37,67775983;"SPRF-SE";"DEL02-SE";"UOP03-DEL02-SE"
749264;2026-01-31;"sábado";"22:42:00";"PI";343;339;"TERESINA";"Acessar a via sem observar a presença dos outros veículos";"Colisão traseira";"Com Vítimas Feridas";"Plena Noite";"Crescente";"Céu Claro";"Dupla";"Reta";"Sim";2;0;2;0;0;0;2;2;-5,07305;-42,73556;"SPRF-PI";"DEL01-PI";"UOP01-DEL01-PI"
749265;2026-01-31;"sábado";"23:00:00";"MG";381;480,8;"CONTAGEM";"Pedestre cruzava a pista fora da faixa";"Atropelamento de Pedestre";"Com Vítimas Fatais";"Plena Noite";"Crescente";"Céu Claro";"Dupla";"Curva";"Sim";2;1;0;0;1;0;0;2;-19,95850516;-44,05792236;"SPRF-MG";"DEL01-MG";"UOP03-DEL01-MG"
749266;2026-01-31;"sábado";"22:40:00";"SC";101;134,6;"BALNEARIO CAMBORIU";"Reação tardia ou ineficiente do condutor";"Tombamento";"Com Vítimas Feridas";"Plena Noite";"Crescente";"Nublado";"Dupla";"Reta";"Sim";1;0;1;0;0;0;1;1;-27,00408;-48,63123;"SPRF-SC";"DEL04-SC";"UOP03-DEL04-SC"
749267;2026-01-31;"sábado";"23:10:00";"SE";349;18;"NEOPOLIS";"Ingestão de álcool pelo condutor";"Colisão frontal";"Com Vítimas Fatais";"Plena Noite";"Crescente";"Céu Claro";"Simples";"Reta";"Não";3;1;0;1;0;1;1;2;-10,35254;-36,71529;"SPRF-SE";"DEL02-SE";"UOP02-DEL02-SE"
749269;2026-01-31;"sábado";"22:20:00";"PR";277;58;"SAO JOSE DOS PINHAIS";"Demais falhas mecânicas ou elétricas";"Colisão com objeto";"Com Vítimas Feridas";"Plena Noite";"Crescente";"Céu Claro";"Dupla";"Aclive";"Não";4;0;1;0;3;0;1;1;-25,57257144;-48,99103817;"SPRF-PR";"DEL01-PR";"UOP01-DEL01-PR"
749271;2026-01-31;"sábado";"21:39:00";"RN";226;2,3;"NATAL";"Manobra de mudança de faixa";"Colisão frontal";"Com Vítimas Feridas";"Plena Noite";"Decrescente";"Céu Claro";"Simples";"Reta";"Sim";2;0;1;0;1;0;1;2;-5,816;-35,249;"SPRF-RN";"DEL01-RN";"UOP02-DEL01-RN"
749273;2026-02-01;"domingo";"00:20:00";"SC";282;521;"XAXIM";"Ingestão de álcool pelo condutor";"Capotamento";"Com Vítimas Feridas";"Plena Noite";"Crescente";"Céu Claro";"Simples";"Reta;Declive";"Não";5;0;3;1;1;0;4;1;-26,9500347;-52,5326215;"SPRF-SC";"DEL07-SC";"UOP01-DEL07-SC"
749274;2026-02-01;"domingo";"00:30:00";"RJ";101;276;"TANGUA";"Transitar na contramão";"Colisão frontal";"Com Vítimas Feridas";"Plena Noite";"Decrescente";"Ignorado";"Dupla";"Reta";"Não";3;0;1;0;2;0;1;2;-22,73904372;-42,74332023;"SPRF-RJ";"DEL02-RJ";"UOP03-DEL02-RJ"
749276;2026-02-01;"domingo";"01:00:00";"ES";101;152,8;"LINHARES";"Condutor Dormindo";"Saída de leito carroçável";"Sem Vítimas";"Plena Noite";"Decrescente";"Céu Claro";"Simples";"Curva";"Não";1;0;0;0;1;0;0;1;-19,42223468;-40,07755629;"SPRF-ES";"DEL04-ES";"UOP01-DEL04-ES"
749277;2026-01-31;"sábado";"19:30:00";"PI";343;233,2;"COCAL DE TELHA";"Transitar na contramão";"Colisão frontal";"Com Vítimas Feridas";"Plena Noite";"Crescente";"Céu Claro";"Simples";"Curva";"Não";3;0;2;0;1;0;2;3;-4,61992223;-42,00104714;"SPRF-PI";"DEL01-PI";"UOP03-DEL01-PI"
749278;2026-01-31;"sábado";"22:00:00";"BA";101;342;"TEOLANDIA";"Ausência de reação do condutor";"Saída de leito carroçável";"Com Vítimas Feridas";"Plena Noite";"Crescente";"Nublado";"Simples";"Reta";"Não";1;0;1;0;0;0;1;1;-13,568231;-39,473929;"SPRF-BA";"DEL05-BA";"UOP03-DEL05-BA"
749279;2026-02-01;"domingo";"01:00:00";"SP";116;156;"SAO JOSE DOS CAMPOS";"Ausência de reação do condutor";"Queda de ocupante de veículo";"Com Vítimas Fatais";"Plena Noite";"Crescente";"Céu Claro";"Dupla";"Reta";"Sim";1;1;0;0;0;0;0;1;-23,24972531;-45,93534756;"SPRF-SP";"DEL02-SP";"UOP01-DEL02-SP"
749280;2026-02-01;"domingo";"02:19:00";"RS";116;247;"SAO LEOPOLDO";"Ingestão de álcool pelo condutor";"Saída de leito carroçável";"Sem Vítimas";"Plena Noite";"Crescente";"Céu Claro";"Dupla";"Curva";"Sim";2;0;0;0;2;0;0;1;-29,76188523;-51,15253431;"SPRF-RS";"DEL01-RS";"UOP02-DEL01-RS"
749281;2026-02-01;"domingo";"01:50:00";"SC";101;142,3;"ITAPEMA";"Reação tardia ou ineficiente do condutor";"Saída de leito carroçável";"Sem Vítimas";"Plena Noite";"Crescente";"Nublado";"Dupla";"Curva;Declive";"Não";1;0;0;0;1;0;0;1;-27,05754;-48,598;"SPRF-SC";"DEL04-SC";"UOP03-DEL04-SC"
749282;2026-02-01;"domingo";"02:16:00";"PI";230;306,9;"FLORIANO";"Ausência de reação do condutor";"Colisão transversal";"Com Vítimas Feridas";"Plena Noite";"Decrescente";"Céu Claro";"Simples";"Rotatória";"Sim";2;0;0;1;1;0;1;2;-6,787128;-42,993143;"SPRF-PI";"DEL03-PI";"UOP01-DEL03-PI"
749283;2026-02-01;"domingo";"02:15:00";"PR";277;726;"FOZ DO IGUACU";"Ingestão de álcool pelo condutor";"Saída de leito carroçável";"Com Vítimas Feridas";"Plena Noite";"Crescente";"Céu Claro";"Dupla";"Reta";"Sim";2;0;1;1;0;0;2;1;-25,5086358;-54,5467383;"SPRF-PR";"DEL05-PR";"UOP03-DEL05-PR"
749284;2026-02-01;"domingo";"01:00:00";"PI";316;5;"TERESINA";"Condutor deixou de manter distância do veículo da frente";"Colisão traseira";"Sem Vítimas";"Plena Noite";"Decrescente";"Ignorado";"Múltipla";"Reta;Interseção de Vias";"Sim";3;0;0;0;2;1;0;3;-5,14229832;-42,78032033;"SPRF-PI";"DEL01-PI";"UOP02-DEL01-PI"
749285;2026-02-01;"domingo";"03:00:00";"PR";277;1,1;"PARANAGUA";"Ausência de reação do condutor";"Tombamento";"Com Vítimas Feridas";"Plena Noite";"Crescente";"Chuva";"Dupla";"Reta";"Sim";1;0;0;1;0;0;1;1;-25,55306418;-48,55441745;"SPRF-PR";"DEL01-PR";"UOP05-DEL01-PR"
749287;2026-02-01;"domingo";"02:50:00";"SP";381;53;"ATIBAIA";"Avarias e/ou desgaste excessivo no pneu";"Saída de leito carroçável";"Com Vítimas Feridas";"Plena Noite";"Crescente";"Céu Claro";"Dupla";"Reta";"Sim";2;0;1;0;1;0;1;1;-23,2034797;-46,59011006;"SPRF-SP";"DEL03-SP";"UOP01-DEL03-SP"
749289;2026-02-01;"domingo";"04:15:00";"RJ";356;160;"SAO JOAO DA BARRA";"Transitar na contramão";"Colisão frontal";"Com Vítimas Feridas";"Amanhecer";"Crescente";"Céu Claro";"Simples";"Curva";"Não";5;0;2;1;1;1;3;3;-21,72329907;-41,17799012;"SPRF-RJ";"DEL08-RJ";"UOP02-DEL08-RJ"
749290;2026-02-01;"domingo";"03:15:00";"MT";163;751;"SORRISO";"Ingestão de álcool pelo condutor";"Saída de leito carroçável";"Sem Vítimas";"Plena Noite";"Decrescente";"Céu Claro";"Múltipla";"Reta";"Sim";1;0;0;0;1;0;0;1;-12,564992;-55,722505;"SPRF-MT";"DEL06-MT";"UOP01-DEL06-MT"
749291;2026-02-01;"domingo";"02:30:00";"MT";163;759;"SORRISO";"Ausência de reação do condutor";"Queda de ocupante de veículo";"Com Vítimas Feridas";"Plena Noite";"Crescente";"Céu Claro";"Dupla";"Aclive;Reta";"Não";1;0;1;0;0;0;1;1;-12,499853;-55,68815;"SPRF-MT";"DEL06-MT";"UOP01-DEL06-MT"
749292;2026-02-01;"domingo";"04:40:00";"SP";116;215;"GUARULHOS";"Ausência de reação do condutor";"Tombamento";"Sem Vítimas";"Amanhecer";"Crescente";"Céu Claro";"Múltipla";"Reta";"Sim";1;0;0;0;0;1;0;1;-23,45272932;-46,46319254;"SPRF-SP";"DEL01-SP";"UOP01-DEL01-SP"
749294;2026-02-01;"domingo";"03:58:00";"RJ";101;323;"NITEROI";"Ausência de reação do condutor";"Tombamento";"Com Vítimas Feridas";"Plena Noite";"Decrescente";"Céu Claro";"Dupla";"Reta";"Não";1;0;0;1;0;0;1;1;-22,8818944;-43,106304;"SPRF-RJ";"DEL02-RJ";"UOP01-DEL02-RJ"
749295;2026-02-01;"domingo";"04:44:00";"PA";316;20;"BENEVIDES";"Ingestão de álcool pelo condutor";"Tombamento";"Com Vítimas Feridas";"Plena Noite";"Decrescente";"Nublado";"Dupla";"Reta";"Sim";1;0;0;1;0;0;1;1;-1,364211;-48,272198;"SPRF-PA";"DEL01-PA";"UOP01-DEL01-PA"
749296;2026-02-01;"domingo";"03:55:00";"SC";101;29,7;"JOINVILLE";"Velocidade Incompatível";"Colisão lateral mesmo sentido";"Com Vítimas Fatais";"Plena Noite";"Decrescente";"Nublado";"Dupla";"Declive;Reta";"Não";2;1;0;0;0;1;0;2;-26,225701;-48,9164231;"SPRF-SC";"DEL03-SC";"UOP01-DEL03-SC"
749297;2026-02-01;"domingo";"04:44:00";"PR";277;597;"CASCAVEL";"Condutor Dormindo";"Colisão frontal";"Com Vítimas Feridas";"Amanhecer";"Crescente";"Céu Claro";"Simples";"Curva";"Sim";5;0;1;1;3;0;2;2;-24,980368;-53,500097;"SPRF-PR";"DEL04-PR";"UOP01-DEL04-PR"
749298;2026-02-01;"domingo";"05:34:00";"SP";116;278,1;"EMBU DAS ARTES";"Ingestão de álcool pelo condutor";"Colisão com objeto";"Com Vítimas Feridas";"Amanhecer";"Decrescente";"Céu Claro";"Dupla";"Curva;Aclive";"Não";4;0;2;2;0;0;4;1;-23,63971445;-46,83542197;"SPRF-SP";"DEL04-SP";"UOP01-DEL04-SP"
749299;2026-02-01;"domingo";"04:30:00";"MG";40;508;"RIBEIRAO DAS NEVES";"Condutor Dormindo";"Saída de leito carroçável";"Sem Vítimas";"Plena Noite";"Crescente";"Nublado";"Dupla";"Reta";"Sim";1;0;0;0;1;0;0;1;-19,76067;-44,13486;"SPRF-MG";"DEL02-MG";"UOP01-DEL02-MG"
749300;2026-01-31;"sábado";"22:40:00";"PI";230;200;"OEIRAS";"Ausência de reação do condutor";"Tombamento";"Com Vítimas Feridas";"Plena Noite";"Crescente";"Nublado";"Simples";"Aclive";"Sim";1;0;0;1;0;0;1;1;-7,01696;-42,14996;"SPRF-PI";"DEL03-PI";"UOP01-DEL03-PI"
749301;2026-02-01;"domingo";"04:30:00";"DF";40;3;"BRASILIA";"Ingestão de álcool pelo condutor";"Colisão com objeto";"Sem Vítimas";"Plena Noite";"Crescente";"Céu Claro";"Dupla";"Viaduto";"Sim";1;0;0;0;1;0;0;1;-15,97829125;-47,98979972;"SPRF-DF";"DEL01-DF";"UOP01-DEL01-DF"
749302;2026-02-01;"domingo";"03:45:00";"RJ";493;50,5;"DUQUE DE CAXIAS";"Ausência de reação do condutor";"Colisão com objeto";"Com Vítimas Feridas";"Plena Noite";"Decrescente";"Nublado";"Dupla";"Reta";"Não";2;0;0;2;0;0;2;1;-22,66920448;-43,30840588;"SPRF-RJ";"DEL01-RJ";"UOP03-DEL01-RJ"
749303;2026-02-01;"domingo";"03:15:00";"SC";282;4,8;"SAO JOSE";"Velocidade Incompatível";"Saída de leito carroçável";"Sem Vítimas";"Plena Noite";"Decrescente";"Céu Claro";"Múltipla";"Reta";"Não";1;0;0;0;0;1;0;1;-27,589312;-48,61116;"SPRF-SC";"DEL01-SC";"UOP01-DEL01-SC"
749304;2026-02-01;"domingo";"05:50:00";"MG";381;447;"BELO HORIZONTE";"Reação tardia ou ineficiente do condutor";"Colisão traseira";"Com Vítimas Feridas";"Amanhecer";"Decrescente";"Nublado";"Simples";"Reta";"Sim";2;0;1;0;1;0;1;2;-19,84114906;-43,87340784;"SPRF-MG";"DEL01-MG";"UOP01-DEL01-MG"
749305;2026-02-01;"domingo";"04:30:00";"TO";153;722;"FIGUEIROPOLIS";"Ingestão de álcool pelo condutor";"Saída de leito carroçável";"Sem Vítimas";"Plena Noite";"Decrescente";"Garoa/Chuvisco";"Simples";"Reta;Em Obras";"Sim";1;0;0;0;1;0;0;1;-12,1441;-49,1671;"SPRF-TO";"DEL01-TO";"UOP02-DEL01-TO"
749306;2026-02-01;"domingo";"03:59:00";"PI";343;342;"TERESINA";"Ausência de reação do condutor";"Colisão com objeto";"Sem Vítimas";"Plena Noite";"Crescente";"Ignorado";"Dupla";"Reta;Em Obras;Ponte";"Sim";2;0;0;0;0;2;0;2;-5,08532;-42,75607;"SPRF-PI";"DEL01-PI";"UOP01-DEL01-PI"
749307;2026-02-01;"domingo";"06:20:00";"ES";262;86,6;"DOMINGOS MARTINS";"Transitar na contramão";"Colisão lateral sentido oposto";"Sem Vítimas";"Pleno dia";"Decrescente";"Céu Claro";"Simples";"Curva;Declive";"Não";2;0;0;0;2;0;0;2;-20,39525888;-40,99758673;"SPRF-ES";"DEL01-ES";"UOP02-DEL01-ES"
749308;2026-02-01;"domingo";"04:00:00";"RJ";116;106;"GUAPIMIRIM";"Avarias e/ou desgaste excessivo no pneu";"Colisão com objeto";"Com Vítimas Feridas";"Amanhecer";"Decrescente";"Céu Claro";"Simples";"Curva";"Sim";2;0;2;0;0;0;2;1;-22,52397777;-43,00054741;"SPRF-RJ";"DEL04-RJ";"UOP01-DEL04-RJ"
749309;2026-01-31;"sábado";"21:20:00";"SP";101;46;"UBATUBA";"Ausência de reação do condutor";"Colisão com objeto";"Sem Vítimas";"Plena Noite";"Crescente";"Céu Claro";"Simples";"Reta";"Sim";1;0;0;0;1;0;0;1;-23,42793841;-45,08009847;"SPRF-SP";"DEL06-SP";"UOP01-DEL06-SP"
749311;2026-01-31;"sábado";"20:45:00";"RO";364;275,4;"CACOAL";"Ingestão de álcool pelo condutor";"Saída de leito carroçável";"Sem Vítimas";"Plena Noite";"Decrescente";"Céu Claro";"Simples";"Curva";"Não";1;0;0;0;1;0;0;1;-11,388788;-61,763292;"SPRF-RO";"DEL02-RO";"UOP02-DEL02-RO"
749312;2026-02-01;"domingo";"02:20:00";"GO";452;9;"RIO VERDE";"Reação tardia ou ineficiente do condutor";"Saída de leito carroçável";"Sem Vítimas";"Plena Noite";"Decrescente";"Nublado";"Simples";"Reta";"Não";1;0;0;0;1;0;0;1;-17,828282;-50,829715;"SPRF-GO";"DEL04-GO";"UOP01-DEL04-GO"
749313;2026-02-01;"domingo";"05:00:00";"GO";153;312,5;"RIALMA";"Ingestão de álcool pelo condutor";"Colisão traseira";"Com Vítimas Feridas";"Amanhecer";"Crescente";"Chuva";"Simples";"Reta";"Não";3;0;1;1;1;0;2;2;-15,405185;-49,532372;"SPRF-GO";"DEL02-GO";"UOP02-DEL02-GO"
749314;2026-02-01;"domingo";"06:30:00";"SC";101;123;"ITAJAI";"Ausência de reação do condutor";"Tombamento";"Com Vítimas Feridas";"Pleno dia";"Decrescente";"Céu Claro";"Dupla";"Reta";"Não";1;0;1;0;0;0;1;1;-26,93304078;-48,70219644;"SPRF-SC";"DEL04-SC";"UOP04-DEL04-SC"
749315;2026-02-01;"domingo";"07:30:00";"ES";101;269,6;"SERRA";"Reação tardia ou ineficiente do condutor";"Colisão traseira";"Com Vítimas Feridas";"Pleno dia";"Decrescente";"Céu Claro";"Simples";"Reta";"Sim";3;0;1;0;0;2;1;2;-20,22248367;-40,27022392;"SPRF-ES";"DEL02-ES";"UOP01-DEL02-ES"
749317;2026-02-01;"domingo";"08:00:00";"MG";381;517;"IGARAPE";"Ausência de reação do condutor";"Tombamento";"Com Vítimas Feridas";"Pleno dia";"Crescente";"Céu Claro";"Dupla";"Curva";"Não";1;0;0;1;0;0;1;1;-20,10480352;-44,31991732;"SPRF-MG";"DEL01-MG";"UOP03-DEL01-MG"
749318;2026-01-28;"quarta-feira";"17:15:00";"PR";116;67;"QUATRO BARRAS";"Velocidade Incompatível";"Colisão traseira";"Sem Vítimas";"Pleno dia";"Decrescente";"Céu Claro";"Dupla";"Reta";"Não";2;0;0;0;0;2;0;2;-25,3145076;-49,01729719;"SPRF-PR";"DEL01-PR";"UOP02-DEL01-PR"