"id";"data_inversa";"dia_semana";"horario";"uf";"br";"km";"municipio";"causa_acidente";"tipo_acidente";"classificacao_acidente";"fase_dia";"sentido_via";"condicao_metereologica";"tipo_pista";"tracado_via";"uso_solo";"pessoas";"mortos";"feridos_leves";"feridos_graves";"ilesos";"ignorados";"feridos";"veiculos";"latitude";"longitude";"regional";"delegacia";"uop"
749319;2026-02-01;"domingo";"05:30:00";"MT";163;650;"LUCAS DO RIO VERDE";"Ausência de reação do condutor";"Saída de leito carroçável";"Com Vítimas Fatais";"Amanhecer";"Crescente";"Céu Claro";"Simples";"Desvio Temporário";"Não";1;1;0;0;0;0;0;1;-13,37358751;-56,07833862;"SPRF-MT";"DEL06-MT";"UOP01-DEL06-MT"
749320;2026-02-01;"domingo";"07:35:00";"PR";373;175;"PONTA GROSSA";"Condutor Dormindo";"Saída de leito carroçável";"Sem Vítimas";"Pleno dia";"Crescente";"Céu Claro";"Dupla";"Curva;Retorno Regulamentado";"Sim";1;0;0;0;0;1;0;1;-25,06475019;-50,21329018;"SPRF-PR";"DEL03-PR";"UOP01-DEL03-PR"
749321;2026-02-01;"domingo";"04:35:00";"PI";316;54,7;"MONSENHOR GIL";"Manobra de mudança de faixa";"Colisão frontal";"Com Vítimas Feridas";"Plena Noite";"Crescente";"Céu Claro";"Simples";"Reta;Aclive";"Não";5;0;0;1;4;0;1;2;-5,53412;-42,63049;"SPRF-PI";"DEL01-PI";"UOP02-DEL01-PI"
749322;2026-02-01;"domingo";"06:45:00";"RO";364;700;"PORTO VELHO";"Ausência de reação do condutor";"Queda de ocupante de veículo";"Com Vítimas Feridas";"Pleno dia";"Decrescente";"Céu Claro";"Dupla";"Reta";"Não";1;0;0;1;0;0;1;1;-8,800517;-63,77985;"SPRF-RO";"DEL01-RO";"UOP01-DEL01-RO"
749325;2026-02-01;"domingo";"08:00:00";"RJ";101;451,9;"MANGARATIBA";"Ausência de reação do condutor";"Saída de leito carroçável";"Com Vítimas Feridas";"Pleno dia";"Crescente";"Sol";"Simples";"Curva";"Não";2;0;1;1;0;0;2;1;-23,03194606;-44,1312089;"SPRF-RJ";"DEL03-RJ";"UOP02-DEL03-RJ"
749328;2026-02-01;"domingo";"08:30:00";"PR";277;33;"MORRETES";"Avarias e/ou desgaste excessivo no pneu";"Queda de ocupante de veículo";"Com Vítimas Feridas";"Pleno dia";"Decrescente";"Nublado";"Dupla";"Declive;Curva";"Não";1;0;1;0;0;0;1;1;-25,56632;-48,810836;"SPRF-PR";"DEL01-PR";"UOP05-DEL01-PR"
749329;2026-02-01;"domingo";"07:00:00";"RJ";40;85;"PETROPOLIS";"Pista Escorregadia";"Tombamento";"Com Vítimas Feridas";"Pleno dia";"Crescente";"Céu Claro";"Dupla";"Declive;Curva";"Não";1;0;1;0;0;0;1;1;-22,533005;-43,233507;"SPRF-RJ";"DEL01-RJ";"UOP01-DEL01-RJ"
749330;2026-02-01;"domingo";"07:00:00";"SC";101;19;"BIGUACU";"Ausência de reação do condutor";"Tombamento";"Com Vítimas Feridas";"Pleno dia";"Crescente";"Céu Claro";"Dupla";"Reta";"Não";1;0;1;0;0;0;1;1;-27,379069;-48,681402;"SPRF-SC";"DEL01-SC";"UOP01-DEL01-SC"
749331;2026-02-01;"domingo";"06:00:00";"RS";392;1,5;"CAPAO DO LEAO";"Ingestão de álcool pelo condutor";"Saída de leito carroçável";"Sem Vítimas";"Amanhecer";"Crescente";"Nublado";"Simples";"Curva";"Não";1;0;0;0;0;1;0;1;-31,764388;-52,41217;"SPRF-RS";"DEL07-RS";"UOP01-DEL07-RS"
749332;2026-02-01;"domingo";"07:10:00";"MS";463;88,9;"PONTA PORA";"Reação tardia ou ineficiente do condutor";"Saída de leito carroçável";"Sem Vítimas";"Pleno dia";"Crescente";"Nublado";"Simples";"Curva";"Não";1;0;0;0;0;1;0;1;-22,590185;-55,520432;"SPRF-MS";"DEL04-MS";"UOP03-DEL04-MS"
749333;2026-01-30;"sexta-feira";"17:50:00";"MG";50;69;"UBERLANDIA";"Manobra de mudança de faixa";"Tombamento";"Com Vítimas Feridas";"Pleno dia";"Crescente";"Céu Claro";"Dupla";"Reta;Aclive";"Sim";1;0;1;0;0;0;1;1;-18,8849634;-48,2650074;"SPRF-MG";"DEL15-MG";"UOP01-DEL15-MG"
749334;2026-02-01;"domingo";"09:49:00";"TO";10;461;"PALMAS";"Acumulo de água sobre o pavimento";"Colisão com objeto";"Sem Vítimas";"Pleno dia";"Crescente";"Garoa/Chuvisco";"Múltipla";"Reta";"Sim";1;0;0;0;1;0;0;1;-10,2557;-48,31118;"SPRF-TO";"DEL01-TO";"UOP03-DEL01-TO"
749336;2026-02-01;"domingo";"10:00:00";"DF";70;17;"BRASILIA";"Problema com o freio";"Capotamento";"Sem Vítimas";"Pleno dia";"Crescente";"Céu Claro";"Dupla";"Reta;Declive";"Sim";2;0;0;0;2;0;0;2;-15,790888;-48,212839;"SPRF-DF";"DEL03-DF";"UOP02-DEL03-DF"
749340;2026-02-01;"domingo";"09:00:00";"BA";324;622;"SALVADOR";"Demais falhas mecânicas ou elétricas";"Colisão lateral mesmo sentido";"Com Vítimas Feridas";"Pleno dia";"Decrescente";"Céu Claro";"Dupla";"Curva";"Sim";3;0;1;0;2;0;1;2;-12,93623;-38,47241;"SPRF-BA";"DEL01-BA";"UOP01-DEL01-BA"
749342;2026-02-01;"domingo";"10:50:00";"DF";60;13;"BRASILIA";"Ausência de reação do condutor";"Engavetamento";"Com Vítimas Feridas";"Pleno dia";"Decrescente";"Céu Claro";"Dupla";"Reta";"Não";12;0;0;1;11;0;1;4;-15,931466;-48,168353;"SPRF-DF";"DEL03-DF";"UOP01-DEL03-DF"
749343;2026-02-01;"domingo";"11:15:00";"CE";116;23,2;"AQUIRAZ";"Condutor deixou de manter distância do veículo da frente";"Colisão traseira";"Com Vítimas Feridas";"Pleno dia";"Crescente";"Céu Claro";"Dupla";"Retorno Regulamentado";"Não";2;0;1;0;1;0;1;2;-3,95267939;-38,51249814;"SPRF-CE";"DEL01-CE";"UOP02-DEL01-CE"
749345;2026-02-01;"domingo";"08:00:00";"MG";251;245;"SANTA CRUZ DE SALINAS";"Objeto estático sobre o leito carroçável";"Colisão com objeto";"Com Vítimas Feridas";"Pleno dia";"Decrescente";"Céu Claro";"Simples";"Curva";"Não";2;0;1;0;1;0;1;1;-16,007489;-41,807224;"SPRF-MG";"DEL12-MG";"UOP02-DEL12-MG"
749351;2026-02-01;"domingo";"12:30:00";"PE";101;58,8;"RECIFE";"Ausência de reação do condutor";"Tombamento";"Com Vítimas Feridas";"Pleno dia";"Crescente";"Céu Claro";"Dupla";"Reta";"Não";2;0;1;0;0;1;1;2;-7,978963;-34,928355;"SPRF-PE";"DEL01-PE";"UOP02-DEL01-PE"
749352;2026-02-01;"domingo";"13:20:00";"SC";101;363;"SANGAO";"Demais falhas na via";"Capotamento";"Com Vítimas Feridas";"Pleno dia";"Crescente";"Céu Claro";"Dupla";"Reta";"Não";1;0;1;0;0;0;1;1;-28,67942544;-49,14093421;"SPRF-SC";"DEL02-SC";"UOP01-DEL02-SC"
749353;2026-01-27;"terça-feira";"06:05:00";"SC";280;20,8;"ARAQUARI";"Acessar a via sem observar a presença dos outros veículos";"Colisão transversal";"Com Vítimas Feridas";"Pleno dia";"Crescente";"Céu Claro";"Dupla";"Reta";"Sim";2;0;1;0;1;0;1;2;-26,370282;-48,688605;"SPRF-SC";"DEL03-SC";"UOP03-DEL03-SC"
749355;2026-02-01;"domingo";"10:40:00";"PR";280;257,5;"MARMELEIRO";"Reação tardia ou ineficiente do condutor";"Saída de leito carroçável";"Com Vítimas Feridas";"Pleno dia";"Crescente";"Céu Claro";"Simples";"Curva;Aclive";"Não";1;0;0;1;0;0;1;1;-26,1631053;-53,04539269;"SPRF-PR";"DEL02-PR";"UOP01-DEL02-PR"
749356;2026-02-01;"domingo";"13:41:00";"SP";116;222;"GUARULHOS";"Trafegar com motocicleta (ou similar) entre as faixas";"Colisão traseira";"Com Vítimas Feridas";"Pleno dia";"Crescente";"Nublado";"Múltipla";"Reta";"Sim";2;0;1;0;1;0;1;2;-23,474303;-46,524182;"SPRF-SP";"DEL01-SP";"UOP01-DEL01-SP"
749357;2026-02-01;"domingo";"13:20:00";"RJ";116;147;"DUQUE DE CAXIAS";"Reação tardia ou ineficiente do condutor";"Colisão transversal";"Sem Vítimas";"Pleno dia";"Decrescente";"Céu Claro";"Dupla";"Reta";"Sim";3;0;0;0;2;1;0;3;-22,67261052;-43,27800424;"SPRF-RJ";"DEL01-RJ";"UOP02-DEL01-RJ"
749358;2026-02-01;"domingo";"12:00:00";"RJ";393;298;"VOLTA REDONDA";"Ultrapassagem Indevida";"Colisão lateral mesmo sentido";"Com Vítimas Feridas";"Pleno dia";"Decrescente";"Sol";"Simples";"Reta";"Sim";2;0;1;0;1;0;1;2;-22,5855479;-44,08056641;"SPRF-RJ";"DEL07-RJ";"UOP02-DEL07-RJ"
749359;2026-02-01;"domingo";"11:10:00";"MT";174;290;"PONTES E LACERDA";"Acessar a via sem observar a presença dos outros veículos";"Colisão transversal";"Com Vítimas Feridas";"Pleno dia";"Decrescente";"Nublado";"Simples";"Reta";"Sim";2;0;1;0;1;0;1;2;-15,22582783;-59,31867993;"SPRF-MT";"DEL04-MT";"UOP01-DEL04-MT"
749362;2026-02-01;"domingo";"13:40:00";"PE";104;61,2;"CARUARU";"Acessar a via sem observar a presença dos outros veículos";"Colisão transversal";"Com Vítimas Feridas";"Pleno dia";"Crescente";"Céu Claro";"Dupla";"Reta";"Sim";2;0;1;0;0;1;1;2;-8,24610446;-35,97532368;"SPRF-PE";"DEL02-PE";"UOP01-DEL02-PE"
749364;2026-02-01;"domingo";"13:32:00";"SP";116;461,9;"PARIQUERA-ACU";"Acumulo de água sobre o pavimento";"Queda de ocupante de veículo";"Com Vítimas Feridas";"Pleno dia";"Crescente";"Chuva";"Dupla";"Curva;Retorno Regulamentado";"Não";2;0;1;0;1;0;1;1;-24,62057253;-47,89348662;"SPRF-SP";"DEL05-SP";"UOP01-DEL05-SP"
749365;2026-01-19;"segunda-feira";"14:55:00";"PR";476;96;"BOCAIUVA DO SUL";"Ausência de reação do condutor";"Tombamento";"Com Vítimas Feridas";"Pleno dia";"Decrescente";"Céu Claro";"Simples";"Curva";"Sim";2;0;1;0;1;0;1;1;-25,230827;-49,120259;"SPRF-PR";"DEL01-PR";"UOP01-DEL01-PR"
749366;2026-02-01;"domingo";"14:50:00";"BA";324;512,5;"FEIRA DE SANTANA";"Retorno proibido";"Colisão transversal";"Com Vítimas Feridas";"Pleno dia";"Crescente";"Sol";"Simples";"Reta;Interseção de Vias";"Sim";2;0;0;1;1;0;1;2;-12,2319961;-38,9549301;"SPRF-BA";"DEL02-BA";"UOP01-DEL02-BA"
749367;2026-02-01;"domingo";"14:20:00";"SC";116;223,8;"CORREIA PINTO";"Reação tardia ou ineficiente do condutor";"Saída de leito carroçável";"Com Vítimas Feridas";"Pleno dia";"Crescente";"Céu Claro";"Simples";"Curva;Declive";"Não";2;0;1;0;1;0;1;1;-27,61529026;-50,34670713;"SPRF-SC";"DEL05-SC";"UOP03-DEL05-SC"
749368;2026-02-01;"domingo";"11:25:00";"MG";354;745,6;"POUSO ALTO";"Acessar a via sem observar a presença dos outros veículos";"Colisão transversal";"Com Vítimas Feridas";"Pleno dia";"Crescente";"Sol";"Simples";"Reta;Interseção de Vias";"Não";4;0;1;0;3;0;1;2;-22,25334504;-44,93063718;"SPRF-MG";"DEL17-MG";"UOP01-DEL17-MG"
749369;2026-02-01;"domingo";"14:52:00";"GO";153;297;"RIALMA";"Reação tardia ou ineficiente do condutor";"Saída de leito carroçável";"Com Vítimas Feridas";"Pleno dia";"Crescente";"Céu Claro";"Simples";"Reta";"Não";1;0;1;0;0;0;1;1;-15,284953;-49,563657;"SPRF-GO";"DEL02-GO";"UOP02-DEL02-GO"
749370;2026-02-01;"domingo";"15:10:00";"RN";427;111,7;"SAO FERNANDO";"Ausência de reação do condutor";"Queda de ocupante de veículo";"Com Vítimas Feridas";"Pleno dia";"Decrescente";"Céu Claro";"Simples";"Reta";"Não";2;0;1;1;0;0;2;1;-6,444338;-37,15826443;"SPRF-RN";"DEL03-RN";"UOP01-DEL03-RN"
749371;2026-02-01;"domingo";"13:50:00";"PR";376;223;"CAMBIRA";"Reação tardia ou ineficiente do condutor";"Saída de leito carroçável";"Com Vítimas Feridas";"Pleno dia";"Crescente";"Nublado";"Dupla";"Curva;Declive";"Não";1;0;1;0;0;0;1;1;-23,60232843;-51,59720585;"SPRF-PR";"DEL07-PR";"UOP03-DEL07-PR"
749373;2026-02-01;"domingo";"13:30:00";"ES";101;208;"JOAO NEIVA";"Acessar a via sem observar a presença dos outros veículos";"Colisão transversal";"Com Vítimas Feridas";"Pleno dia";"Decrescente";"Céu Claro";"Simples";"Curva";"Não";2;0;1;0;1;0;1;2;-19,779807;-40,371878;"SPRF-ES";"DEL02-ES";"UOP01-DEL02-ES"
749374;2026-02-01;"domingo";"15:30:00";"MG";381;334;"JOAO MONLEVADE";"Acessar a via sem observar a presença dos outros veículos";"Colisão lateral mesmo sentido";"Sem Vítimas";"Pleno dia";"Crescente";"Céu Claro";"Simples";"Reta";"Não";2;0;0;0;2;0;0;2;-19,850162;-43,15087931;"SPRF-MG";"DEL03-MG";"UOP01-DEL03-MG"
749376;2026-02-01;"domingo";"15:10:00";"RS";290;80;"GRAVATAI";"Ausência de reação do condutor";"Colisão com objeto";"Com Vítimas Feridas";"Pleno dia";"Decrescente";"Céu Claro";"Múltipla";"Reta";"Não";2;0;1;0;1;0;1;1;-29,95438523;-51,0642999;"SPRF-RS";"DEL01-RS";"UOP01-DEL01-RS"
749377;2026-02-01;"domingo";"15:30:00";"PE";101;43;"IGARASSU";"Manobra de mudança de faixa";"Colisão transversal";"Com Vítimas Feridas";"Pleno dia";"Crescente";"Céu Claro";"Múltipla";"Reta";"Sim";2;0;1;0;1;0;1;2;-7,844736;-34,9105084;"SPRF-PE";"DEL01-PE";"UOP02-DEL01-PE"
749379;2026-02-01;"domingo";"14:15:00";"GO";452;79;"MAURILANDIA";"Acessar a via sem observar a presença dos outros veículos";"Colisão transversal";"Com Vítimas Feridas";"Pleno dia";"Crescente";"Nublado";"Simples";"Reta;Interseção de Vias";"Não";6;0;2;2;2;0;4;2;-18,052485;-50,218968;"SPRF-GO";"DEL04-GO";"UOP01-DEL04-GO"
749380;2026-02-01;"domingo";"16:25:00";"RJ";116;131;"MAGE";"Ausência de reação do condutor";"Colisão traseira";"Com Vítimas Feridas";"Pleno dia";"Decrescente";"Céu Claro";"Simples";"Reta";"Não";2;0;1;0;1;0;1;2;-22,66280673;-43,11626198;"SPRF-RJ";"DEL04-RJ";"UOP02-DEL04-RJ"
749381;2026-02-01;"domingo";"15:58:00";"RN";304;244;"RIACHUELO";"Transitar na contramão";"Colisão lateral sentido oposto";"Com Vítimas Feridas";"Pleno dia";"Crescente";"Céu Claro";"Simples";"Reta;Declive";"Não";17;0;1;0;16;0;1;2;-5,822291;-35,800667;"SPRF-RN";"DEL01-RN";"UOP02-DEL01-RN"
749382;2026-02-01;"domingo";"16:00:00";"PR";376;17;"MARINGA";"Avarias e/ou desgaste excessivo no pneu";"Queda de ocupante de veículo";"Com Vítimas Feridas";"Pleno dia";"Decrescente";"Nublado";"Dupla";"Curva";"Sim";2;0;0;2;0;0;2;1;-23,431168;-51,887247;"SPRF-PR";"DEL09-PR";"UOP01-DEL09-PR"
749383;2026-02-01;"domingo";"14:30:00";"MG";381;147,9;"GOVERNADOR VALADARES";"Velocidade Incompatível";"Saída de leito carroçável";"Com Vítimas Feridas";"Pleno dia";"Decrescente";"Céu Claro";"Simples";"Curva";"Não";2;0;1;1;0;0;2;1;-18,84781221;-41,98356628;"SPRF-MG";"DEL06-MG";"UOP01-DEL06-MG"
749384;2026-02-01;"domingo";"14:55:00";"SP";116;490,1;"CAJATI";"Chuva";"Saída de leito carroçável";"Com Vítimas Feridas";"Pleno dia";"Decrescente";"Chuva";"Dupla";"Reta";"Sim";4;0;1;0;3;0;1;1;-24,73499535;-48,1165522;"SPRF-SP";"DEL05-SP";"UOP01-DEL05-SP"
749385;2026-02-01;"domingo";"16:55:00";"SP";116;214;"GUARULHOS";"Reação tardia ou ineficiente do condutor";"Capotamento";"Sem Vítimas";"Pleno dia";"Decrescente";"Chuva";"Múltipla";"Reta";"Sim";1;0;0;0;0;1;0;1;-23,446577;-46,453135;"SPRF-SP";"DEL01-SP";"UOP01-DEL01-SP"
749386;2026-02-01;"domingo";"17:00:00";"BA";324;7;"FEIRA DE SANTANA";"Ingestão de álcool pelo condutor";"Colisão traseira";"Com Vítimas Feridas";"Pleno dia";"Crescente";"Sol";"Dupla";"Viaduto;Reta";"Sim";2;0;1;0;0;1;1;2;-12,2694758;-38,9863506;"SPRF-BA";"DEL02-BA";"UOP01-DEL02-BA"
749387;2026-02-01;"domingo";"16:50:00";"PR";376;621;"TIJUCAS DO SUL";"Condutor deixou de manter distância do veículo da frente";"Engavetamento";"Sem Vítimas";"Pleno dia";"Decrescente";"Sol";"Dupla";"Reta;Aclive";"Não";8;0;0;0;8;0;0;4;-25,853182;-48,977053;"SPRF-PR";"DEL01-PR";"UOP04-DEL01-PR"
749388;2026-02-01;"domingo";"16:00:00";"MG";50;136,5;"UBERABA";"Ingestão de álcool pelo condutor";"Tombamento";"Com Vítimas Feridas";"Pleno dia";"Crescente";"Nublado";"Dupla";"Reta";"Não";1;0;0;1;0;0;1;1;-19,462986;-48,058183;"SPRF-MG";"DEL13-MG";"UOP01-DEL13-MG"
749392;2026-02-01;"domingo";"17:00:00";"MG";381;924;"CAMANDUCAIA";"Chuva";"Colisão com objeto";"Com Vítimas Feridas";"Pleno dia";"Crescente";"Chuva";"Dupla";"Curva";"Não";2;0;2;0;0;0;2;1;-22,76089795;-46,16806626;"SPRF-MG";"DEL16-MG";"UOP03-DEL16-MG"
749393;2026-02-01;"domingo";"17:25:00";"RS";116;524,9;"PELOTAS";"Desrespeitar a preferência no cruzamento";"Colisão transversal";"Com Vítimas Feridas";"Pleno dia";"Decrescente";"Céu Claro";"Dupla";"Interseção de Vias;Viaduto";"Sim";4;0;2;0;2;0;2;2;-31,735563;-52,392547;"SPRF-RS";"DEL07-RS";"UOP01-DEL07-RS"
749394;2026-02-01;"domingo";"16:30:00";"SC";470;19;"ILHOTA";"Ingestão de álcool pelo condutor";"Saída de leito carroçável";"Sem Vítimas";"Pleno dia";"Decrescente";"Céu Claro";"Dupla";"Reta";"Não";1;0;0;0;1;0;0;1;-26,87036;-48,821675;"SPRF-SC";"DEL04-SC";"UOP04-DEL04-SC"
749396;2026-02-01;"domingo";"17:15:00";"SP";381;75;"SAO PAULO";"Chuva";"Saída de leito carroçável";"Sem Vítimas";"Pleno dia";"Decrescente";"Garoa/Chuvisco";"Dupla";"Curva;Aclive";"Não";4;0;0;0;2;2;0;4;-23,37950067;-46,56402675;"SPRF-SP";"DEL03-SP";"UOP01-DEL03-SP"
749397;2026-02-01;"domingo";"17:00:00";"PE";232;7,7;"RECIFE";"Manobra de mudança de faixa";"Colisão lateral mesmo sentido";"Sem Vítimas";"Anoitecer";"Crescente";"Céu Claro";"Dupla";"Reta";"Sim";2;0;0;0;2;0;0;2;-8,07495;-34,9675;"SPRF-PE";"DEL01-PE";"UOP01-DEL01-PE"
749399;2026-02-01;"domingo";"17:35:00";"PR";277;11;"PARANAGUA";"Condutor usando celular";"Saída de leito carroçável";"Com Vítimas Feridas";"Pleno dia";"Decrescente";"Nublado";"Dupla";"Reta";"Não";1;0;1;0;0;0;1;1;-25,563866;-48,633918;"SPRF-PR";"DEL01-PR";"UOP05-DEL01-PR"
749400;2026-02-01;"domingo";"15:40:00";"RJ";101;402;"ITAGUAI";"Reação tardia ou ineficiente do condutor";"Capotamento";"Com Vítimas Feridas";"Pleno dia";"Decrescente";"Nublado";"Dupla";"Reta";"Sim";4;0;1;0;3;0;1;1;-22,85517416;-43,78505453;"SPRF-RJ";"DEL03-RJ";"UOP01-DEL03-RJ"
749401;2026-02-01;"domingo";"17:20:00";"SC";101;59;"ARAQUARI";"Reação tardia ou ineficiente do condutor";"Saída de leito carroçável";"Com Vítimas Feridas";"Pleno dia";"Crescente";"Sol";"Múltipla";"Curva";"Não";1;0;1;0;0;0;1;1;-26,45073412;-48,7898916;"SPRF-SC";"DEL03-SC";"UOP02-DEL03-SC"
749403;2026-02-01;"domingo";"16:50:00";"MT";364;289;"JACIARA";"Acumulo de água sobre o pavimento";"Saída de leito carroçável";"Com Vítimas Feridas";"Pleno dia";"Decrescente";"Chuva";"Dupla";"Curva";"Não";2;0;2;0;0;0;2;1;-15,90657878;-55,08764863;"SPRF-MT";"DEL05-MT";"UOP02-DEL05-MT"
749406;2026-02-01;"domingo";"13:45:00";"SC";282;370,5;"ERVAL VELHO";"Condutor deixou de manter distância do veículo da frente";"Colisão traseira";"Com Vítimas Feridas";"Pleno dia";"Crescente";"Sol";"Simples";"Reta";"Não";9;0;2;0;7;0;2;3;-27,2688643;-51,4437087;"SPRF-SC";"DEL07-SC";"UOP05-DEL07-SC"
749408;2026-02-01;"domingo";"15:20:00";"SC";101;74;"ARAQUARI";"Ausência de reação do condutor";"Colisão com objeto";"Sem Vítimas";"Pleno dia";"Crescente";"Céu Claro";"Múltipla";"Reta";"Não";1;0;0;0;0;1;0;1;-26,54710541;-48,71294674;"SPRF-SC";"DEL03-SC";"UOP02-DEL03-SC"
749409;2026-02-01;"domingo";"14:50:00";"MG";116;573,8;"MANHUACU";"Condutor deixou de manter distância do veículo da frente";"Colisão traseira";"Com Vítimas Feridas";"Pleno dia";"Decrescente";"Céu Claro";"Simples";"Declive";"Não";5;0;2;2;1;0;4;4;-20,09358301;-42,18095112;"SPRF-MG";"DEL06-MG";"UOP03-DEL06-MG"
749412;2026-02-01;"domingo";"16:50:00";"PE";232;191,1;"SANHARO";"Transitar na contramão";"Colisão frontal";"Com Vítimas Fatais";"Anoitecer";"Crescente";"Céu Claro";"Simples";"Reta";"Não";5;1;2;2;0;0;4;2;-8,3584371;-36,5369337;"SPRF-PE";"DEL03-PE";"UOP02-DEL03-PE"
749414;2026-02-01;"domingo";"19:10:00";"PB";101;87,7;"JOAO PESSOA";"Pedestre cruzava a pista fora da faixa";"Atropelamento de Pedestre";"Com Vítimas Feridas";"Plena Noite";"Decrescente";"Céu Claro";"Dupla";"Reta";"Sim";2;0;0;1;0;1;1;2;-7,163267;-34,901553;"SPRF-PB";"DEL01-PB";"UOP01-DEL01-PB"
749415;2026-02-01;"domingo";"18:50:00";"SE";235;55;"ITABAIANA";"Ingestão de álcool pelo condutor";"Colisão lateral mesmo sentido";"Com Vítimas Feridas";"Plena Noite";"Crescente";"Céu Claro";"Simples";"Curva;Aclive";"Sim";3;0;1;0;1;1;1;2;-10,66287384;-37,44754013;"SPRF-SE";"DEL01-SE";"UOP02-DEL01-SE"
749418;2026-02-01;"domingo";"17:45:00";"MG";146;488,2;"POCOS DE CALDAS";"Acessar a via sem observar a presença dos outros veículos";"Colisão traseira";"Com Vítimas Feridas";"Pleno dia";"Crescente";"Garoa/Chuvisco";"Simples";"Reta;Interseção de Vias";"Sim";5;0;4;0;1;0;4;2;-21,8065733;-46,4906111;"SPRF-MG";"DEL09-MG";"UOP01-DEL09-MG"
749419;2026-02-01;"domingo";"18:40:00";"PR";277;305;"PRUDENTOPOLIS";"Manobra de mudança de faixa";"Colisão lateral sentido oposto";"Sem Vítimas";"Anoitecer";"Crescente";"Céu Claro";"Simples";"Reta";"Não";2;0;0;0;0;2;0;2;-25,29914;-51,14466;"SPRF-PR";"DEL08-PR";"UOP01-DEL08-PR"
749420;2026-02-01;"domingo";"11:15:00";"RJ";356;64;"ITAPERUNA";"Velocidade Incompatível";"Queda de ocupante de veículo";"Com Vítimas Feridas";"Pleno dia";"Crescente";"Chuva";"Dupla";"Curva";"Não";1;0;1;0;0;0;1;1;-21,28634986;-41,72038643;"SPRF-RJ";"DEL08-RJ";"UOP03-DEL08-RJ"
749422;2026-02-01;"domingo";"19:30:00";"ES";101;381;"GUARAPARI";"Acesso irregular";"Colisão frontal";"Com Vítimas Feridas";"Plena Noite";"Crescente";"Chuva";"Simples";"Reta";"Não";3;0;1;0;2;0;1;2;-20,65852481;-40,61454602;"SPRF-ES";"DEL03-ES";"UOP01-DEL03-ES"
749423;2026-02-01;"domingo";"19:30:00";"RJ";116;184;"NOVA IGUACU";"Ingestão de álcool pelo condutor";"Colisão traseira";"Sem Vítimas";"Plena Noite";"Decrescente";"Céu Claro";"Dupla";"Reta";"Sim";3;0;0;0;3;0;0;3;-22,73922355;-43,49509684;"SPRF-RJ";"DEL06-RJ";"UOP01-DEL06-RJ"
749424;2026-02-01;"domingo";"18:40:00";"MT";163;821;"SINOP";"Acessar a via sem observar a presença dos outros veículos";"Colisão transversal";"Com Vítimas Fatais";"Plena Noite";"Crescente";"Céu Claro";"Dupla";"Reta";"Sim";4;1;0;0;1;2;0;3;-11,99365654;-55,51704381;"SPRF-MT";"DEL06-MT";"UOP02-DEL06-MT"
749425;2026-02-01;"domingo";"12:10:00";"RJ";101;494;"ANGRA DOS REIS";"Acesso irregular";"Colisão transversal";"Com Vítimas Feridas";"Pleno dia";"Crescente";"Céu Claro";"Simples";"Reta";"Não";2;0;1;0;1;0;1;2;-22,938273;-44,319454;"SPRF-RJ";"DEL03-RJ";"UOP03-DEL03-RJ"
749427;2026-02-01;"domingo";"19:30:00";"SP";116;219;"GUARULHOS";"Demais falhas mecânicas ou elétricas";"Tombamento";"Com Vítimas Feridas";"Plena Noite";"Crescente";"Nublado";"Múltipla";"Reta";"Não";2;0;1;0;1;0;1;1;-23,461133;-46,489191;"SPRF-SP";"DEL01-SP";"UOP01-DEL01-SP"
749428;2026-02-01;"domingo";"20:05:00";"SC";282;373,9;"ERVAL VELHO";"Acessar a via sem observar a presença dos outros veículos";"Colisão transversal";"Com Vítimas Fatais";"Plena Noite";"Crescente";"Céu Claro";"Simples";"Rotatória;Curva";"Sim";4;1;0;1;2;0;1;2;-27,2429777;-51,447505;"SPRF-SC";"DEL07-SC";"UOP05-DEL07-SC"
749429;2026-02-01;"domingo";"17:15:00";"SC";101;376,4;"ICARA";"Ausência de reação do condutor";"Saída de leito carroçável";"Com Vítimas Feridas";"Pleno dia";"Crescente";"Céu Claro";"Múltipla";"Curva";"Não";4;0;2;0;2;0;2;1;-28,74288251;-49,2532412;"SPRF-SC";"DEL02-SC";"UOP01-DEL02-SC"
749431;2026-02-01;"domingo";"19:35:00";"PR";469;15;"FOZ DO IGUACU";"Ausência de reação do condutor";"Colisão traseira";"Sem Vítimas";"Anoitecer";"Decrescente";"Céu Claro";"Simples";"Reta;Em Obras;Viaduto";"Sim";3;0;0;0;3;0;0;2;-25,59927147;-54,50539899;"SPRF-PR";"DEL05-PR";"UOP04-DEL05-PR"
749432;2026-02-01;"domingo";"20:20:00";"BA";324;516;"FEIRA DE SANTANA";"Acessar a via sem observar a presença dos outros veículos";"Colisão transversal";"Com Vítimas Feridas";"Plena Noite";"Crescente";"Céu Claro";"Simples";"Reta;Declive;Interseção de Vias";"Sim";3;0;2;0;1;0;2;2;-12,2424223;-38,9372078;"SPRF-BA";"DEL02-BA";"UOP01-DEL02-BA"
749434;2026-02-01;"domingo";"19:10:00";"PR";373;175;"PONTA GROSSA";"Condutor usando celular";"Colisão traseira";"Sem Vítimas";"Anoitecer";"Crescente";"Céu Claro";"Dupla";"Curva;Aclive";"Sim";4;0;0;0;4;0;0;2;-25,06351;-50,214087;"SPRF-PR";"DEL03-PR";"UOP01-DEL03-PR"