"id";"data_inversa";"dia_semana";"horario";"uf";"br";"km";"municipio";"causa_acidente";"tipo_acidente";"classificacao_acidente";"fase_dia";"sentido_via";"condicao_metereologica";"tipo_pista";"tracado_via";"uso_solo";"pessoas";"mortos";"feridos_leves";"feridos_graves";"ilesos";"ignorados";"feridos";"veiculos";"latitude";"longitude";"regional";"delegacia";"uop"
749435;2026-02-01;"domingo";"15:50:00";"RO";364;86;"VILHENA";"Reação tardia ou ineficiente do condutor";"Saída de leito carroçável";"Com Vítimas Feridas";"Pleno dia";"Decrescente";"Céu Claro";"Simples";"Reta";"Não";1;0;1;0;0;0;1;1;-12,39013223;-60,6161627;"SPRF-RO";"DEL04-RO";"UOP01-DEL04-RO"
749436;2026-02-01;"domingo";"20:20:00";"RS";392;624,8;"SANTO ANGELO";"Transitar na contramão";"Colisão frontal";"Com Vítimas Feridas";"Plena Noite";"Crescente";"Céu Claro";"Simples";"Reta";"Não";2;0;1;0;1;0;1;2;-28,17927;-54,390605;"SPRF-RS";"DEL10-RS";"UOP01-DEL10-RS"
749437;2026-02-01;"domingo";"17:15:00";"SC";116;263,9;"CAPAO ALTO";"Acessar a via sem observar a presença dos outros veículos";"Colisão transversal";"Com Vítimas Feridas";"Pleno dia";"Crescente";"Céu Claro";"Simples";"Reta";"Não";4;0;1;0;3;0;1;2;-27,931148;-50,459182;"SPRF-SC";"DEL05-SC";"UOP02-DEL05-SC"
749438;2026-02-01;"domingo";"20:15:00";"PR";116;78;"PIRAQUARA";"Velocidade Incompatível";"Tombamento";"Com Vítimas Feridas";"Plena Noite";"Crescente";"Chuva";"Dupla";"Reta";"Não";1;0;1;0;0;0;1;1;-25,42758;-49,0791917;"SPRF-PR";"DEL01-PR";"UOP02-DEL01-PR"
749439;2026-02-01;"domingo";"21:00:00";"MG";40;521;"CONTAGEM";"Transitar na contramão";"Colisão lateral sentido oposto";"Sem Vítimas";"Plena Noite";"Decrescente";"Chuva";"Dupla";"Curva";"Não";5;0;0;0;5;0;0;2;-19,8535796;-44,07202482;"SPRF-MG";"DEL01-MG";"UOP02-DEL01-MG"
749441;2026-02-01;"domingo";"21:00:00";"RS";290;83;"CACHOEIRINHA";"Ausência de reação do condutor";"Colisão com objeto";"Com Vítimas Feridas";"Plena Noite";"Crescente";"Céu Claro";"Múltipla";"Retorno Regulamentado";"Não";1;0;1;0;0;0;1;1;-29,96102723;-51,09246109;"SPRF-RS";"DEL01-RS";"UOP01-DEL01-RS"
749442;2026-02-01;"domingo";"21:00:00";"SC";282;26,7;"SANTO AMARO DA IMPERATRIZ";"Desrespeitar a preferência no cruzamento";"Colisão transversal";"Com Vítimas Feridas";"Plena Noite";"Decrescente";"Céu Claro";"Simples";"Reta";"Sim";2;0;1;1;0;0;2;2;-27,67558003;-48,76788709;"SPRF-SC";"DEL01-SC";"UOP03-DEL01-SC"
749443;2026-02-01;"domingo";"21:15:00";"CE";116;39,9;"HORIZONTE";"Acessar a via sem observar a presença dos outros veículos";"Queda de ocupante de veículo";"Com Vítimas Feridas";"Plena Noite";"Crescente";"Céu Claro";"Dupla";"Reta";"Sim";1;0;1;0;0;0;1;1;-4,095696;-38,503418;"SPRF-CE";"DEL01-CE";"UOP02-DEL01-CE"
749444;2026-02-01;"domingo";"19:00:00";"PI";343;267;"CAMPO MAIOR";"Ausência de reação do condutor";"Colisão lateral sentido oposto";"Com Vítimas Feridas";"Plena Noite";"Decrescente";"Céu Claro";"Simples";"Reta";"Sim";4;0;4;0;0;0;4;2;-4,836767;-42,181902;"SPRF-PI";"DEL01-PI";"UOP03-DEL01-PI"
749445;2026-02-01;"domingo";"21:00:00";"RS";386;414,2;"MONTENEGRO";"Ausência de reação do condutor";"Saída de leito carroçável";"Sem Vítimas";"Plena Noite";"Crescente";"Céu Claro";"Simples";"Reta";"Não";1;0;0;0;1;0;0;1;-29,816417;-51,480692;"SPRF-RS";"DEL04-RS";"UOP02-DEL04-RS"
749446;2026-02-01;"domingo";"20:58:00";"PR";476;151,5;"ARAUCARIA";"Reação tardia ou ineficiente do condutor";"Saída de leito carroçável";"Com Vítimas Feridas";"Plena Noite";"Decrescente";"Nublado";"Dupla";"Reta";"Sim";5;0;1;0;4;0;1;3;-25,56638805;-49,3804872;"SPRF-PR";"DEL01-PR";"UOP06-DEL01-PR"
749447;2026-01-17;"sábado";"10:15:00";"MS";376;141;"IVINHEMA";"Acessar a via sem observar a presença dos outros veículos";"Colisão transversal";"Com Vítimas Feridas";"Pleno dia";"Decrescente";"Céu Claro";"Simples";"Reta";"Não";3;0;1;1;1;0;2;2;-22,389712;-53,61081;"SPRF-MS";"DEL04-MS";"UOP04-DEL04-MS"
749448;2026-02-01;"domingo";"21:30:00";"RS";392;37;"RIO GRANDE";"Ausência de reação do condutor";"Colisão com objeto";"Com Vítimas Feridas";"Plena Noite";"Crescente";"Céu Claro";"Dupla";"Reta";"Não";1;0;1;0;0;0;1;1;-31,98274236;-52,29518091;"SPRF-RS";"DEL07-RS";"UOP02-DEL07-RS"
749450;2026-02-01;"domingo";"21:00:00";"BA";324;543;"AMELIA RODRIGUES";"Ausência de reação do condutor";"Colisão com objeto";"Com Vítimas Fatais";"Plena Noite";"Crescente";"Céu Claro";"Múltipla";"Retorno Regulamentado";"Sim";2;1;0;1;0;0;1;1;-12,4040195;-38,7540296;"SPRF-BA";"DEL01-BA";"UOP03-DEL01-BA"
749451;2026-02-01;"domingo";"19:20:00";"MG";116;207;"CATUJI";"Condutor Dormindo";"Colisão com objeto";"Com Vítimas Feridas";"Pleno dia";"Decrescente";"Céu Claro";"Simples";"Reta";"Sim";1;0;1;0;0;0;1;1;-17,301177;-41,516496;"SPRF-MG";"DEL11-MG";"UOP01-DEL11-MG"
749453;2026-02-01;"domingo";"21:00:00";"RJ";101;442;"MANGARATIBA";"Ausência de reação do condutor";"Saída de leito carroçável";"Sem Vítimas";"Plena Noite";"Decrescente";"Garoa/Chuvisco";"Simples";"Curva";"Não";1;0;0;0;0;1;0;1;-22,93529186;-43,99873463;"SPRF-RJ";"DEL03-RJ";"UOP02-DEL03-RJ"
749454;2026-02-01;"domingo";"18:50:00";"RJ";101;535;"PARATY";"Reação tardia ou ineficiente do condutor";"Colisão traseira";"Com Vítimas Feridas";"Anoitecer";"Decrescente";"Nublado";"Simples";"Reta";"Não";11;0;1;0;10;0;1;3;-23,034125;-44,553116;"SPRF-RJ";"DEL03-RJ";"UOP04-DEL03-RJ"
749458;2026-02-01;"domingo";"20:30:00";"MG";40;779,5;"JUIZ DE FORA";"Reação tardia ou ineficiente do condutor";"Queda de ocupante de veículo";"Com Vítimas Feridas";"Plena Noite";"Crescente";"Nublado";"Dupla";"Declive;Ponte;Reta";"Não";1;0;1;0;0;0;1;1;-21,67193594;-43,44273627;"SPRF-MG";"DEL05-MG";"UOP01-DEL05-MG"
749459;2026-02-01;"domingo";"21:15:00";"PE";232;170;"TACAIMBO";"Ausência de reação do condutor";"Colisão lateral mesmo sentido";"Com Vítimas Feridas";"Plena Noite";"Crescente";"Céu Claro";"Simples";"Reta";"Não";2;0;0;1;0;1;1;2;-8,3399338;-36,32563591;"SPRF-PE";"DEL03-PE";"UOP02-DEL03-PE"
749463;2026-02-01;"domingo";"21:40:00";"BA";116;1;"VITORIA DA CONQUISTA";"Reação tardia ou ineficiente do condutor";"Colisão traseira";"Sem Vítimas";"Plena Noite";"Decrescente";"Chuva";"Simples";"Reta";"Não";3;0;0;0;3;0;0;2;-14,82578;-40,83218;"SPRF-BA";"DEL08-BA";"UOP01-DEL08-BA"
749465;2026-02-01;"domingo";"23:00:00";"PA";316;32,2;"SANTA IZABEL DO PARA";"Ausência de reação do condutor";"Saída de leito carroçável";"Com Vítimas Feridas";"Plena Noite";"Crescente";"Ignorado";"Dupla";"Reta";"Sim";1;0;0;1;0;0;1;1;-1,30580087;-48,20354462;"SPRF-PA";"DEL01-PA";"UOP01-DEL01-PA"
749466;2026-02-01;"domingo";"21:50:00";"RO";364;197,9;"PIMENTA BUENO";"Ingestão de álcool pelo condutor";"Saída de leito carroçável";"Com Vítimas Feridas";"Plena Noite";"Decrescente";"Céu Claro";"Simples";"Reta";"Sim";1;0;1;0;0;0;1;1;-11,671402;-61,191262;"SPRF-RO";"DEL02-RO";"UOP02-DEL02-RO"
749467;2026-02-01;"domingo";"21:20:00";"RS";468;73,2;"CAMPO NOVO";"Transitar na contramão";"Colisão lateral sentido oposto";"Com Vítimas Fatais";"Plena Noite";"Crescente";"Céu Claro";"Simples";"Reta";"Não";2;1;0;0;0;1;0;2;-27,68659394;-53,84694306;"SPRF-RS";"DEL08-RS";"UOP02-DEL08-RS"
749468;2026-02-01;"domingo";"16:40:00";"RJ";40;107;"DUQUE DE CAXIAS";"Reação tardia ou ineficiente do condutor";"Colisão lateral mesmo sentido";"Com Vítimas Feridas";"Pleno dia";"Decrescente";"Nublado";"Dupla";"Reta";"Sim";3;0;2;0;1;0;2;2;-22,661773;-43,284388;"SPRF-RJ";"DEL01-RJ";"UOP02-DEL01-RJ"
749469;2026-02-01;"domingo";"19:40:00";"MT";174;7;"PONTES E LACERDA";"Transitar na contramão";"Colisão frontal";"Com Vítimas Fatais";"Plena Noite";"Decrescente";"Nublado";"Simples";"Curva";"Não";3;1;1;1;0;0;2;3;-15,2144133;-59,3545;"SPRF-MT";"DEL04-MT";"UOP01-DEL04-MT"
749470;2026-02-01;"domingo";"20:40:00";"RJ";101;383;"RIO DE JANEIRO";"Condutor deixou de manter distância do veículo da frente";"Colisão traseira";"Com Vítimas Feridas";"Plena Noite";"Decrescente";"Chuva";"Múltipla";"Reta;Ponte";"Sim";3;0;3;0;0;0;3;2;-22,87611048;-43,61273853;"SPRF-RJ";"DEL03-RJ";"UOP01-DEL03-RJ"
749472;2026-02-01;"domingo";"19:00:00";"BA";116;29;"VITORIA DA CONQUISTA";"Ultrapassagem Indevida";"Colisão frontal";"Com Vítimas Feridas";"Plena Noite";"Crescente";"Chuva";"Múltipla";"Reta;Declive";"Sim";4;0;4;0;0;0;4;2;-14,86637754;-40,79984522;"SPRF-BA";"DEL08-BA";"UOP01-DEL08-BA"
749473;2026-02-02;"segunda-feira";"00:20:00";"RS";116;505,5;"PELOTAS";"Animais na Pista";"Atropelamento de Animal";"Com Vítimas Feridas";"Plena Noite";"Crescente";"Nublado";"Dupla";"Reta";"Não";5;0;4;1;0;0;5;1;-31,593563;-52,285627;"SPRF-RS";"DEL07-RS";"UOP01-DEL07-RS"
749474;2026-02-01;"domingo";"20:40:00";"SC";280;288,7;"PORTO UNIAO";"Ingestão de álcool pelo condutor";"Saída de leito carroçável";"Com Vítimas Feridas";"Plena Noite";"Decrescente";"Céu Claro";"Simples";"Reta;Declive";"Não";4;0;3;1;0;0;4;1;-26,296504;-50,913194;"SPRF-SC";"DEL06-SC";"UOP04-DEL06-SC"
749475;2026-02-01;"domingo";"21:50:00";"MT";364;514;"ROSARIO OESTE";"Ausência de reação do condutor";"Queda de ocupante de veículo";"Sem Vítimas";"Plena Noite";"Decrescente";"Chuva";"Simples";"Reta";"Não";1;0;0;0;1;0;0;1;-15,06794599;-56,5175097;"SPRF-MT";"DEL01-MT";"UOP01-DEL01-MT"
749476;2026-02-02;"segunda-feira";"00:10:00";"BA";101;283;"LAJE";"Ausência de reação do condutor";"Saída de leito carroçável";"Com Vítimas Feridas";"Plena Noite";"Decrescente";"Nublado";"Simples";"Curva";"Não";3;0;0;3;0;0;3;1;-13,137246;-39,294125;"SPRF-BA";"DEL01-BA";"UOP02-DEL01-BA"
749477;2026-02-02;"segunda-feira";"00:30:00";"RS";285;132,8;"VACARIA";"Velocidade Incompatível";"Saída de leito carroçável";"Com Vítimas Feridas";"Plena Noite";"Crescente";"Céu Claro";"Simples";"Reta";"Não";1;0;1;0;0;0;1;1;-28,43481324;-51,01026074;"SPRF-RS";"DEL05-RS";"UOP03-DEL05-RS"
749478;2026-02-02;"segunda-feira";"00:00:00";"RJ";116;125;"MAGE";"Animais na Pista";"Atropelamento de Animal";"Com Vítimas Feridas";"Plena Noite";"Decrescente";"Céu Claro";"Dupla";"Reta";"Não";1;0;0;1;0;0;1;1;-22,65160884;-43,0776953;"SPRF-RJ";"DEL04-RJ";"UOP02-DEL04-RJ"
749479;2026-02-01;"domingo";"23:20:00";"RJ";101;59;"CAMPOS DOS GOYTACAZES";"Ausência de reação do condutor";"Colisão traseira";"Sem Vítimas";"Plena Noite";"Crescente";"Chuva";"Simples";"Reta;Interseção de Vias";"Sim";3;0;0;0;3;0;0;2;-21,718231;-41,312068;"SPRF-RJ";"DEL08-RJ";"UOP01-DEL08-RJ"
749480;2026-02-02;"segunda-feira";"00:08:00";"MA";135;22;"SAO LUIS";"Ausência de reação do condutor";"Colisão lateral mesmo sentido";"Sem Vítimas";"Plena Noite";"Crescente";"Céu Claro";"Dupla";"Retorno Regulamentado;Reta;Interseção de Vias";"Sim";2;0;0;0;1;1;0;2;-2,56093;-44,315071;"SPRF-MA";"DEL01-MA";"UOP01-DEL01-MA"
749481;2026-02-02;"segunda-feira";"01:40:00";"SP";116;187,4;"SANTA ISABEL";"Pedestre andava na pista";"Atropelamento de Pedestre";"Com Vítimas Fatais";"Plena Noite";"Decrescente";"Nevoeiro/Neblina";"Dupla";"Declive;Reta";"Não";2;1;0;0;0;1;0;2;-23,357987;-46,21146;"SPRF-SP";"DEL01-SP";"UOP01-DEL01-SP"
749482;2026-02-02;"segunda-feira";"00:35:00";"RO";364;711;"PORTO VELHO";"Transitar na contramão";"Colisão com objeto";"Sem Vítimas";"Plena Noite";"Decrescente";"Céu Claro";"Dupla";"Reta";"Não";1;0;0;0;1;0;0;1;-8,78048591;-63,86674102;"SPRF-RO";"DEL01-RO";"UOP01-DEL01-RO"
749483;2026-02-02;"segunda-feira";"01:40:00";"PR";376;171;"MARINGA";"Ingestão de álcool pelo condutor";"Colisão com objeto";"Sem Vítimas";"Plena Noite";"Decrescente";"Nublado";"Dupla";"Interseção de Vias";"Sim";1;0;0;0;0;1;0;1;-23,40887731;-51,98880458;"SPRF-PR";"DEL09-PR";"UOP01-DEL09-PR"
749484;2026-02-01;"domingo";"19:50:00";"SE";101;158;"ESTANCIA";"Ingestão de álcool pelo condutor";"Colisão com objeto";"Sem Vítimas";"Plena Noite";"Crescente";"Céu Claro";"Simples";"Reta";"Não";1;0;0;0;1;0;0;1;-11,29255769;-37,47676849;"SPRF-SE";"DEL02-SE";"UOP01-DEL02-SE"
749485;2026-02-02;"segunda-feira";"01:30:00";"SP";459;26,8;"LORENA";"Ausência de reação do condutor";"Incêndio";"Sem Vítimas";"Plena Noite";"Crescente";"Nublado";"Simples";"Reta";"Não";1;0;0;0;0;1;0;1;-22,701066;-45,118589;"SPRF-SP";"DEL08-SP";"UOP02-DEL08-SP"
749486;2026-02-02;"segunda-feira";"01:55:00";"SC";101;367,5;"ICARA";"Condutor Dormindo";"Saída de leito carroçável";"Com Vítimas Feridas";"Plena Noite";"Crescente";"Céu Claro";"Dupla";"Declive";"Não";1;0;1;0;0;0;1;1;-28,69763391;-49,18278543;"SPRF-SC";"DEL02-SC";"UOP01-DEL02-SC"
749487;2026-02-01;"domingo";"20:45:00";"RO";364;10,4;"JI-PARANA";"Reação tardia ou ineficiente do condutor";"Saída de leito carroçável";"Com Vítimas Feridas";"Plena Noite";"Decrescente";"Nublado";"Simples";"Curva";"Sim";2;0;2;0;0;0;2;1;-10,86546987;-61,99943153;"SPRF-RO";"DEL02-RO";"UOP01-DEL02-RO"
749488;2026-02-01;"domingo";"21:20:00";"SC";282;292;"VARGEM";"Animais na Pista";"Atropelamento de Animal";"Com Vítimas Feridas";"Plena Noite";"Crescente";"Céu Claro";"Simples";"Reta;Aclive";"Não";2;0;1;1;0;0;2;1;-27,53783759;-50,86341469;"SPRF-SC";"DEL05-SC";"UOP02-DEL05-SC"
749489;2026-02-02;"segunda-feira";"03:20:00";"MG";40;760,9;"EWBANK DA CAMARA";"Velocidade Incompatível";"Saída de leito carroçável";"Com Vítimas Feridas";"Plena Noite";"Decrescente";"Nublado";"Simples";"Curva";"Sim";1;0;1;0;0;0;1;1;-21,54462432;-43,51132107;"SPRF-MG";"DEL05-MG";"UOP01-DEL05-MG"
749491;2026-02-02;"segunda-feira";"03:45:00";"GO";60;375;"RIO VERDE";"Ingestão de álcool pelo condutor";"Saída de leito carroçável";"Sem Vítimas";"Plena Noite";"Crescente";"Nublado";"Dupla";"Reta";"Não";1;0;0;0;1;0;0;1;-17,74051;-50,873337;"SPRF-GO";"DEL04-GO";"UOP02-DEL04-GO"
749492;2026-02-01;"domingo";"07:10:00";"RJ";101;316;"SAO GONCALO";"Avarias e/ou desgaste excessivo no pneu";"Queda de ocupante de veículo";"Com Vítimas Feridas";"Pleno dia";"Crescente";"Céu Claro";"Dupla";"Reta";"Sim";2;0;2;0;0;0;2;1;-22,82912352;-43,09281869;"SPRF-RJ";"DEL02-RJ";"UOP02-DEL02-RJ"
749493;2026-02-02;"segunda-feira";"02:30:00";"GO";364;163;"JATAI";"Ingestão de álcool pelo condutor";"Saída de leito carroçável";"Com Vítimas Feridas";"Plena Noite";"Crescente";"Céu Claro";"Simples";"Reta";"Não";1;0;0;1;0;0;1;1;-18,068795;-51,532795;"SPRF-GO";"DEL05-GO";"UOP01-DEL05-GO"
749494;2026-02-01;"domingo";"22:30:00";"PI";343;4,6;"TERESINA";"Condutor desrespeitou a iluminação vermelha do semáforo";"Colisão transversal";"Com Vítimas Feridas";"Plena Noite";"Crescente";"Céu Claro";"Dupla";"Interseção de Vias";"Sim";2;0;1;0;1;0;1;2;-5,080232;-42,789945;"SPRF-PI";"DEL01-PI";"UOP01-DEL01-PI"
749495;2026-02-02;"segunda-feira";"05:10:00";"GO";60;349;"SANTO ANTONIO DA BARRA";"Ingestão de álcool pelo condutor";"Colisão com objeto";"Com Vítimas Feridas";"Amanhecer";"Crescente";"Nublado";"Dupla";"Reta";"Sim";1;0;1;0;0;0;1;1;-17,589018;-50,705758;"SPRF-GO";"DEL04-GO";"UOP02-DEL04-GO"
749496;2026-02-02;"segunda-feira";"03:45:00";"RO";364;711;"PORTO VELHO";"Ausência de reação do condutor";"Saída de leito carroçável";"Sem Vítimas";"Plena Noite";"Crescente";"Céu Claro";"Dupla";"Reta";"Não";1;0;0;0;0;1;0;1;-8,78510402;-63,85912506;"SPRF-RO";"DEL01-RO";"UOP01-DEL01-RO"
749497;2026-02-02;"segunda-feira";"02:30:00";"RJ";116;173;"SAO JOAO DE MERITI";"Pedestre andava na pista";"Atropelamento de Pedestre";"Com Vítimas Feridas";"Plena Noite";"Crescente";"Chuva";"Dupla";"Reta";"Não";2;0;1;0;1;0;1;2;-22,79939122;-43,35479585;"SPRF-RJ";"DEL06-RJ";"UOP01-DEL06-RJ"
749500;2026-02-01;"domingo";"19:10:00";"BA";101;428,3;"MARAU";"Ausência de reação do condutor";"Colisão lateral sentido oposto";"Com Vítimas Feridas";"Plena Noite";"Decrescente";"Céu Claro";"Simples";"Curva";"Não";6;0;1;0;4;1;1;2;-14,172598;-39,323442;"SPRF-BA";"DEL05-BA";"UOP01-DEL05-BA"
749502;2026-02-02;"segunda-feira";"00:10:00";"PR";476;160,1;"ARAUCARIA";"Ausência de reação do condutor";"Saída de leito carroçável";"Com Vítimas Feridas";"Plena Noite";"Crescente";"Nublado";"Simples";"Reta";"Sim";1;0;1;0;0;0;1;1;-25,61871796;-49,43917321;"SPRF-PR";"DEL01-PR";"UOP06-DEL01-PR"
749504;2026-02-02;"segunda-feira";"06:35:00";"SC";282;4,3;"SAO JOSE";"Trafegar com motocicleta (ou similar) entre as faixas";"Colisão transversal";"Com Vítimas Feridas";"Pleno dia";"Decrescente";"Céu Claro";"Simples";"Reta";"Sim";2;0;1;0;1;0;1;2;-27,59099;-48,6074;"SPRF-SC";"DEL01-SC";"UOP01-DEL01-SC"
749505;2026-02-02;"segunda-feira";"05:50:00";"RS";290;133;"ELDORADO DO SUL";"Ultrapassagem Indevida";"Colisão frontal";"Com Vítimas Feridas";"Amanhecer";"Decrescente";"Céu Claro";"Simples";"Reta";"Não";3;0;2;0;0;1;2;3;-30,0619566;-51,53172843;"SPRF-RS";"DEL02-RS";"UOP01-DEL02-RS"
749506;2026-02-01;"domingo";"21:10:00";"MG";40;45;"PARACATU";"Velocidade Incompatível";"Saída de leito carroçável";"Com Vítimas Feridas";"Plena Noite";"Crescente";"Nublado";"Simples";"Reta";"Não";1;0;1;0;0;0;1;1;-17,237;-46,842;"SPRF-MG";"DEL14-MG";"UOP01-DEL14-MG"
749507;2026-02-02;"segunda-feira";"06:20:00";"SP";116;340;"JUQUITIBA";"Ausência de reação do condutor";"Colisão traseira";"Com Vítimas Feridas";"Pleno dia";"Decrescente";"Nublado";"Dupla";"Curva";"Não";4;0;1;0;3;0;1;2;-24,0037;-47,157568;"SPRF-SP";"DEL04-SP";"UOP03-DEL04-SP"
749508;2026-02-02;"segunda-feira";"03:20:00";"MS";158;191,4;"SELVIRIA";"Animais na Pista";"Atropelamento de Animal";"Com Vítimas Feridas";"Plena Noite";"Crescente";"Garoa/Chuvisco";"Simples";"Reta";"Não";1;0;1;0;0;0;1;1;-20,32334964;-51,41455959;"SPRF-MS";"DEL08-MS";"UOP01-DEL08-MS"
749509;2026-02-02;"segunda-feira";"06:40:00";"ES";262;78,5;"DOMINGOS MARTINS";"Ultrapassagem Indevida";"Colisão frontal";"Com Vítimas Feridas";"Pleno dia";"Crescente";"Chuva";"Simples";"Curva";"Não";2;0;1;1;0;0;2;2;-20,40971147;-40,92838168;"SPRF-ES";"DEL01-ES";"UOP02-DEL01-ES"
749510;2026-01-24;"sábado";"01:25:00";"PR";277;595;"CASCAVEL";"Desrespeitar a preferência no cruzamento";"Colisão frontal";"Com Vítimas Feridas";"Plena Noite";"Decrescente";"Céu Claro";"Simples";"Aclive;Reta;Interseção de Vias";"Sim";2;0;0;1;1;0;1;2;-24,983464;-53,472927;"SPRF-PR";"DEL04-PR";"UOP01-DEL04-PR"
749511;2026-02-02;"segunda-feira";"03:40:00";"MA";316;620;"TIMON";"Ingestão de álcool pelo condutor";"Colisão traseira";"Sem Vítimas";"Plena Noite";"Crescente";"Nublado";"Simples";"Rotatória";"Sim";2;0;0;0;2;0;0;2;-5,13089287;-42,82102887;"SPRF-MA";"DEL03-MA";"UOP02-DEL03-MA"
749512;2026-02-02;"segunda-feira";"05:00:00";"PR";163;183;"SANTA TEREZA DO OESTE";"Ausência de reação do condutor";"Saída de leito carroçável";"Sem Vítimas";"Plena Noite";"Decrescente";"Céu Claro";"Dupla";"Curva";"Não";1;0;0;0;1;0;0;1;-25,129138;-53,587685;"SPRF-PR";"DEL05-PR";"UOP05-DEL05-PR"
749513;2026-02-02;"segunda-feira";"06:30:00";"PR";277;60,3;"SAO JOSE DOS PINHAIS";"Demais falhas mecânicas ou elétricas";"Incêndio";"Sem Vítimas";"Pleno dia";"Decrescente";"Nublado";"Dupla";"Reta";"Não";1;0;0;0;1;0;0;1;-25,552375;-49,036248;"SPRF-PR";"DEL01-PR";"UOP01-DEL01-PR"
749514;2026-02-02;"segunda-feira";"07:00:00";"PE";101;86,1;"JABOATAO DOS GUARARAPES";"Pedestre cruzava a pista fora da faixa";"Atropelamento de Pedestre";"Com Vítimas Feridas";"Pleno dia";"Decrescente";"Céu Claro";"Dupla";"Reta";"Sim";5;0;2;3;0;0;5;3;-8,18459;-34,96802;"SPRF-PE";"DEL01-PE";"UOP01-DEL01-PE"
749515;2026-02-02;"segunda-feira";"07:08:00";"ES";101;213,9;"IBIRACU";"Desrespeitar a preferência no cruzamento";"Colisão transversal";"Com Vítimas Feridas";"Pleno dia";"Decrescente";"Nublado";"Simples";"Reta;Interseção de Vias";"Sim";4;0;2;0;2;0;2;2;-19,830058;-40,373137;"SPRF-ES";"DEL02-ES";"UOP01-DEL02-ES"
749517;2026-02-02;"segunda-feira";"07:00:00";"SC";280;128,5;"RIO NEGRINHO";"Acessar a via sem observar a presença dos outros veículos";"Colisão transversal";"Com Vítimas Feridas";"Pleno dia";"Crescente";"Nublado";"Simples";"Reta;Interseção de Vias";"Sim";2;0;1;0;1;0;1;2;-26,2438;-49,515356;"SPRF-SC";"DEL06-SC";"UOP03-DEL06-SC"
749518;2026-02-02;"segunda-feira";"06:10:00";"MS";163;210,9;"CAARAPO";"Reação tardia ou ineficiente do condutor";"Tombamento";"Com Vítimas Feridas";"Pleno dia";"Crescente";"Nublado";"Simples";"Reta";"Sim";1;0;1;0;0;0;1;1;-22,61435977;-54,81615908;"SPRF-MS";"DEL04-MS";"UOP02-DEL04-MS"
749519;2026-02-02;"segunda-feira";"07:00:00";"RS";290;81;"GRAVATAI";"Condutor deixou de manter distância do veículo da frente";"Colisão traseira";"Com Vítimas Feridas";"Pleno dia";"Crescente";"Céu Claro";"Dupla";"Reta";"Não";2;0;1;0;1;0;1;2;-29,95561967;-51,00876896;"SPRF-RS";"DEL01-RS";"UOP01-DEL01-RS"
749520;2026-02-02;"segunda-feira";"06:55:00";"MG";116;581,3;"MANHUACU";"Acessar a via sem observar a presença dos outros veículos";"Colisão transversal";"Com Vítimas Feridas";"Amanhecer";"Crescente";"Céu Claro";"Simples";"Reta";"Não";2;0;0;1;1;0;1;2;-20,20936749;-42,18235016;"SPRF-MG";"DEL06-MG";"UOP03-DEL06-MG"
749521;2026-02-02;"segunda-feira";"05:30:00";"PR";163;238,2;"TOLEDO";"Condutor Dormindo";"Saída de leito carroçável";"Com Vítimas Feridas";"Amanhecer";"Decrescente";"Nevoeiro/Neblina";"Dupla";"Reta;Retorno Regulamentado";"Não";1;0;1;0;0;0;1;1;-24,73781;-53,69558;"SPRF-PR";"DEL04-PR";"UOP01-DEL04-PR"
749523;2026-02-02;"segunda-feira";"04:34:00";"MA";402;15;"ROSARIO";"Avarias e/ou desgaste excessivo no pneu";"Saída de leito carroçável";"Com Vítimas Feridas";"Plena Noite";"Crescente";"Céu Claro";"Simples";"Reta";"Não";2;0;1;1;0;0;2;1;-2,934617;-44,2005;"SPRF-MA";"DEL01-MA";"UOP01-DEL01-MA"
749524;2026-02-02;"segunda-feira";"07:25:00";"SC";101;203,1;"SAO JOSE";"Reação tardia ou ineficiente do condutor";"Colisão traseira";"Sem Vítimas";"Pleno dia";"Crescente";"Céu Claro";"Dupla";"Reta";"Sim";2;0;0;0;2;0;0;2;-27,56717;-48,61398;"SPRF-SC";"DEL01-SC";"UOP01-DEL01-SC"
749525;2026-02-02;"segunda-feira";"06:53:00";"RS";470;215;"BENTO GONCALVES";"Conversão proibida";"Colisão frontal";"Com Vítimas Feridas";"Pleno dia";"Crescente";"Céu Claro";"Simples";"Reta;Retorno Regulamentado";"Sim";2;0;0;1;1;0;1;2;-29,16120699;-51,52657477;"SPRF-RS";"DEL06-RS";"UOP01-DEL06-RS"
749527;2026-02-02;"segunda-feira";"07:30:00";"RJ";116;196;"QUEIMADOS";"Condutor deixou de manter distância do veículo da frente";"Colisão traseira";"Com Vítimas Feridas";"Pleno dia";"Crescente";"Céu Claro";"Múltipla";"Reta";"Sim";2;0;1;0;1;0;1;2;-22,73287334;-43,55709879;"SPRF-RJ";"DEL06-RJ";"UOP01-DEL06-RJ"
749528;2026-02-01;"domingo";"23:50:00";"MG";50;176;"UBERABA";"Condutor Dormindo";"Colisão com objeto";"Com Vítimas Feridas";"Plena Noite";"Decrescente";"Nublado";"Dupla";"Reta";"Sim";1;0;1;0;0;0;1;1;-19,779306;-47,959296;"SPRF-MG";"DEL13-MG";"UOP01-DEL13-MG"