"id";"data_inversa";"dia_semana";"horario";"uf";"br";"km";"municipio";"causa_acidente";"tipo_acidente";"classificacao_acidente";"fase_dia";"sentido_via";"condicao_metereologica";"tipo_pista";"tracado_via";"uso_solo";"pessoas";"mortos";"feridos_leves";"feridos_graves";"ilesos";"ignorados";"feridos";"veiculos";"latitude";"longitude";"regional";"delegacia";"uop"
749529;2026-02-02;"segunda-feira";"07:30:00";"PE";101;70,3;"RECIFE";"Reação tardia ou ineficiente do condutor";"Colisão lateral mesmo sentido";"Com Vítimas Feridas";"Pleno dia";"Crescente";"Céu Claro";"Dupla";"Reta";"Não";2;0;0;1;1;0;1;2;-8,07321;-34,94298;"SPRF-PE";"DEL01-PE";"UOP01-DEL01-PE"
749530;2026-02-02;"segunda-feira";"06:10:00";"PI";343;342;"TERESINA";"Animais na Pista";"Atropelamento de Animal";"Com Vítimas Feridas";"Pleno dia";"Crescente";"Céu Claro";"Simples";"Reta";"Sim";2;0;2;0;0;0;2;1;-5,0785905;-42,7831996;"SPRF-PI";"DEL01-PI";"UOP01-DEL01-PI"
749531;2026-02-01;"domingo";"13:50:00";"PA";308;156;"QUATIPURU";"Velocidade Incompatível";"Saída de leito carroçável";"Com Vítimas Feridas";"Pleno dia";"Decrescente";"Céu Claro";"Simples";"Reta";"Não";1;0;1;0;0;0;1;1;-1;-47;"SPRF-PA";"DEL01-PA";"UOP03-DEL01-PA"
749532;2026-02-01;"domingo";"19:30:00";"SP";101;34;"UBATUBA";"Objeto estático sobre o leito carroçável";"Colisão com objeto";"Com Vítimas Feridas";"Anoitecer";"Decrescente";"Chuva";"Simples";"Reta";"Não";2;0;1;1;0;0;2;1;-23,38995009;-44,98780108;"SPRF-SP";"DEL06-SP";"UOP01-DEL06-SP"
749535;2026-02-02;"segunda-feira";"07:30:00";"DF";70;16;"BRASILIA";"Velocidade Incompatível";"Engavetamento";"Com Vítimas Feridas";"Pleno dia";"Decrescente";"Céu Claro";"Dupla";"Reta";"Sim";4;0;2;0;2;0;2;3;-15,79418447;-48,20181978;"SPRF-DF";"DEL03-DF";"UOP02-DEL03-DF"
749537;2026-02-02;"segunda-feira";"08:10:00";"BA";116;676;"JEQUIE";"Acessar a via sem observar a presença dos outros veículos";"Saída de leito carroçável";"Sem Vítimas";"Pleno dia";"Crescente";"Céu Claro";"Simples";"Curva;Interseção de Vias";"Não";1;0;0;0;1;0;0;1;-13,87331008;-40,12860847;"SPRF-BA";"DEL03-BA";"UOP01-DEL03-BA"
749538;2026-02-02;"segunda-feira";"07:40:00";"PR";153;41;"SANTO ANTONIO DA PLATINA";"Acessar a via sem observar a presença dos outros veículos";"Colisão transversal";"Com Vítimas Feridas";"Pleno dia";"Decrescente";"Garoa/Chuvisco";"Simples";"Reta";"Sim";2;0;1;0;0;1;1;2;-23,29384481;-50,06396627;"SPRF-PR";"DEL07-PR";"UOP04-DEL07-PR"
749540;2026-02-02;"segunda-feira";"07:30:00";"SC";163;70,3;"SAO MIGUEL DO OESTE";"Ausência de reação do condutor";"Tombamento";"Com Vítimas Feridas";"Pleno dia";"Crescente";"Céu Claro";"Dupla";"Reta";"Sim";1;0;1;0;0;0;1;1;-26,73333167;-53,50875556;"SPRF-SC";"DEL07-SC";"UOP03-DEL07-SC"
749541;2026-02-02;"segunda-feira";"05:44:00";"MG";381;698;"LAVRAS";"Ausência de reação do condutor";"Colisão com objeto";"Com Vítimas Feridas";"Pleno dia";"Decrescente";"Chuva";"Dupla";"Reta";"Não";1;0;1;0;0;0;1;1;-21,270847;-45,135767;"SPRF-MG";"DEL04-MG";"UOP02-DEL04-MG"
749542;2026-02-02;"segunda-feira";"08:00:00";"SC";101;89;"BARRA VELHA";"Manobra de mudança de faixa";"Colisão lateral mesmo sentido";"Com Vítimas Feridas";"Pleno dia";"Crescente";"Céu Claro";"Simples";"Reta";"Não";2;0;1;0;1;0;1;2;-26,6695502;-48,69003296;"SPRF-SC";"DEL03-SC";"UOP02-DEL03-SC"
749543;2026-02-02;"segunda-feira";"09:00:00";"SC";282;27;"SANTO AMARO DA IMPERATRIZ";"Acessar a via sem observar a presença dos outros veículos";"Colisão transversal";"Com Vítimas Feridas";"Pleno dia";"Crescente";"Céu Claro";"Simples";"Reta";"Sim";3;0;1;1;1;0;2;2;-27,676;-48,768;"SPRF-SC";"DEL01-SC";"UOP03-DEL01-SC"
749544;2026-02-02;"segunda-feira";"08:45:00";"RN";427;54,4;"JARDIM DO SERIDO";"Acessar a via sem observar a presença dos outros veículos";"Colisão transversal";"Com Vítimas Feridas";"Pleno dia";"Crescente";"Céu Claro";"Simples";"Reta;Aclive;Interseção de Vias";"Sim";2;0;1;1;0;0;2;2;-6,58838754;-36,76697016;"SPRF-RN";"DEL03-RN";"UOP01-DEL03-RN"
749545;2026-02-02;"segunda-feira";"09:40:00";"RN";101;107;"PARNAMIRIM";"Ultrapassagem Indevida";"Colisão traseira";"Com Vítimas Feridas";"Pleno dia";"Crescente";"Sol";"Dupla";"Reta";"Sim";2;0;0;1;1;0;1;2;-5,92646063;-35,26507728;"SPRF-RN";"DEL01-RN";"UOP01-DEL01-RN"
749546;2026-02-02;"segunda-feira";"08:58:00";"MG";381;482;"BETIM";"Manobra de mudança de faixa";"Colisão lateral mesmo sentido";"Com Vítimas Feridas";"Pleno dia";"Decrescente";"Chuva";"Dupla";"Reta";"Sim";3;0;1;0;0;2;1;3;-19,9585089;-44,0757002;"SPRF-MG";"DEL01-MG";"UOP03-DEL01-MG"
749547;2026-02-02;"segunda-feira";"08:40:00";"RJ";101;208;"CASIMIRO DE ABREU";"Reação tardia ou ineficiente do condutor";"Colisão transversal";"Com Vítimas Feridas";"Pleno dia";"Decrescente";"Céu Claro";"Simples";"Reta";"Não";5;0;1;0;4;0;1;2;-22,47558973;-42,17229033;"SPRF-RJ";"DEL08-RJ";"UOP04-DEL08-RJ"
749548;2026-02-02;"segunda-feira";"07:00:00";"MS";60;415;"SIDROLANDIA";"Condutor usando celular";"Colisão traseira";"Com Vítimas Feridas";"Pleno dia";"Crescente";"Garoa/Chuvisco";"Simples";"Reta";"Não";3;0;1;0;2;0;1;2;-20,897626;-54,878496;"SPRF-MS";"DEL01-MS";"UOP04-DEL01-MS"
749550;2026-02-02;"segunda-feira";"09:20:00";"SP";116;167;"JACAREI";"Reação tardia ou ineficiente do condutor";"Queda de ocupante de veículo";"Com Vítimas Feridas";"Pleno dia";"Crescente";"Nublado";"Simples";"Curva";"Sim";1;0;1;0;0;0;1;1;-23,30127048;-46,02035522;"SPRF-SP";"DEL02-SP";"UOP01-DEL02-SP"
749551;2026-02-02;"segunda-feira";"09:15:00";"PR";376;184;"SARANDI";"Reação tardia ou ineficiente do condutor";"Colisão traseira";"Com Vítimas Feridas";"Pleno dia";"Decrescente";"Céu Claro";"Dupla";"Reta;Viaduto";"Sim";4;0;2;0;2;0;2;2;-23,4405;-51,87277;"SPRF-PR";"DEL09-PR";"UOP01-DEL09-PR"
749552;2026-02-02;"segunda-feira";"09:15:00";"PR";376;139,2;"NOVA ESPERANCA";"Acesso irregular";"Saída de leito carroçável";"Com Vítimas Feridas";"Pleno dia";"Crescente";"Nublado";"Dupla";"Curva";"Não";1;0;1;0;0;0;1;1;-23,223639;-52,178459;"SPRF-PR";"DEL09-PR";"UOP02-DEL09-PR"
749553;2026-02-02;"segunda-feira";"09:25:00";"RS";290;233;"RIO PARDO";"Transitar na contramão";"Colisão frontal";"Com Vítimas Fatais";"Pleno dia";"Decrescente";"Céu Claro";"Simples";"Reta";"Não";3;1;0;2;0;0;2;2;-30,214266;-52,553867;"SPRF-RS";"DEL02-RS";"UOP03-DEL02-RS"
749554;2026-02-02;"segunda-feira";"10:00:00";"SC";101;113,2;"ITAJAI";"Trafegar com motocicleta (ou similar) entre as faixas";"Colisão traseira";"Com Vítimas Feridas";"Pleno dia";"Decrescente";"Céu Claro";"Múltipla";"Reta";"Sim";2;0;0;1;1;0;1;2;-26,8554969;-48,7269808;"SPRF-SC";"DEL04-SC";"UOP04-DEL04-SC"
749555;2026-02-02;"segunda-feira";"10:20:00";"PR";277;724;"FOZ DO IGUACU";"Reação tardia ou ineficiente do condutor";"Tombamento";"Com Vítimas Feridas";"Pleno dia";"Decrescente";"Céu Claro";"Dupla";"Reta";"Sim";1;0;1;0;0;0;1;1;-25,50482134;-54,5421018;"SPRF-PR";"DEL05-PR";"UOP03-DEL05-PR"
749558;2026-02-02;"segunda-feira";"09:30:00";"PE";232;47;"VITORIA DE SANTO ANTAO";"Manobra de mudança de faixa";"Colisão traseira";"Com Vítimas Feridas";"Pleno dia";"Decrescente";"Sol";"Dupla";"Reta";"Não";2;0;0;1;1;0;1;2;-8,1401421;-35,3020554;"SPRF-PE";"DEL02-PE";"UOP02-DEL02PE"
749559;2026-02-02;"segunda-feira";"07:30:00";"RJ";40;16;"TRES RIOS";"Condutor Dormindo";"Saída de leito carroçável";"Com Vítimas Feridas";"Pleno dia";"Decrescente";"Céu Claro";"Simples";"Reta;Aclive";"Não";3;0;3;0;0;0;3;1;-22,07584959;-43,18259686;"SPRF-RJ";"DEL05-RJ";"UOP02-DEL05-RJ"
749561;2026-02-02;"segunda-feira";"09:10:00";"PR";369;484,3;"CORBELIA";"Acessar a via sem observar a presença dos outros veículos";"Colisão transversal";"Com Vítimas Feridas";"Pleno dia";"Decrescente";"Nublado";"Dupla";"Reta;Viaduto;Interseção de Vias";"Sim";3;0;0;2;1;0;2;2;-24,79288514;-53,28804439;"SPRF-PR";"DEL04-PR";"UOP03-DEL04-PR"
749562;2026-01-25;"domingo";"23:15:00";"PR";369;145,9;"LONDRINA";"Ingestão de álcool pelo condutor";"Colisão traseira";"Com Vítimas Feridas";"Plena Noite";"Decrescente";"Céu Claro";"Dupla";"Reta";"Sim";5;0;3;0;2;0;3;2;-23,29316752;-51,12000553;"SPRF-PR";"DEL07-PR";"UOP01-DEL07-PR"
749563;2026-02-02;"segunda-feira";"11:00:00";"PE";101;73,7;"RECIFE";"Ausência de reação do condutor";"Colisão lateral mesmo sentido";"Com Vítimas Feridas";"Pleno dia";"Decrescente";"Céu Claro";"Dupla";"Curva";"Não";2;0;0;1;1;0;1;2;-8,09907;-34,95019;"SPRF-PE";"DEL01-PE";"UOP01-DEL01-PE"
749564;2026-02-02;"segunda-feira";"09:20:00";"SC";101;254;"PAULO LOPES";"Ausência de reação do condutor";"Saída de leito carroçável";"Com Vítimas Feridas";"Pleno dia";"Crescente";"Céu Claro";"Múltipla";"Interseção de Vias;Viaduto";"Sim";1;0;0;1;0;0;1;1;-27,98267688;-48,67947428;"SPRF-SC";"DEL02-SC";"UOP03-DEL02-SC"
749565;2026-01-30;"sexta-feira";"08:00:00";"MS";262;320;"CAMPO GRANDE";"Acessar a via sem observar a presença dos outros veículos";"Colisão transversal";"Com Vítimas Feridas";"Pleno dia";"Decrescente";"Céu Claro";"Simples";"Retorno Regulamentado;Reta;Interseção de Vias";"Sim";2;0;0;1;1;0;1;2;-20,46997698;-54,48279421;"SPRF-MS";"DEL01-MS";"UOP01-DEL01-MS"
749566;2026-02-02;"segunda-feira";"11:00:00";"PR";376;184;"SARANDI";"Manobra de mudança de faixa";"Colisão lateral mesmo sentido";"Sem Vítimas";"Pleno dia";"Decrescente";"Céu Claro";"Dupla";"Reta;Declive";"Sim";2;0;0;0;2;0;0;2;-23,4405;-51,87277;"SPRF-PR";"DEL09-PR";"UOP01-DEL09-PR"
749567;2026-02-02;"segunda-feira";"11:00:00";"SP";116;61,7;"GUARATINGUETA";"Ausência de reação do condutor";"Capotamento";"Com Vítimas Feridas";"Pleno dia";"Crescente";"Céu Claro";"Dupla";"Reta;Aclive";"Sim";2;0;2;0;0;0;2;1;-22,803769;-45,171434;"SPRF-SP";"DEL08-SP";"UOP01-DEL08-SP"
749568;2026-02-02;"segunda-feira";"10:15:00";"RO";319;64;"PORTO VELHO";"Manobra de mudança de faixa";"Colisão lateral mesmo sentido";"Sem Vítimas";"Pleno dia";"Decrescente";"Céu Claro";"Dupla";"Reta;Interseção de Vias";"Sim";4;0;0;0;4;0;0;2;-8,76111934;-63,88562528;"SPRF-RO";"DEL01-RO";"UOP01-DEL01-RO"
749570;2026-02-02;"segunda-feira";"11:45:00";"SC";470;135;"RIO DO SUL";"Acessar a via sem observar a presença dos outros veículos";"Colisão transversal";"Com Vítimas Feridas";"Pleno dia";"Decrescente";"Céu Claro";"Simples";"Reta";"Sim";2;0;0;1;1;0;1;2;-27,181219;-49,59952;"SPRF-SC";"DEL04-SC";"UOP02-DEL04-SC"
749572;2026-02-02;"segunda-feira";"11:45:00";"ES";101;303,2;"VIANA";"Manobra de mudança de faixa";"Colisão lateral mesmo sentido";"Com Vítimas Feridas";"Pleno dia";"Decrescente";"Céu Claro";"Dupla";"Reta";"Sim";2;0;1;0;1;0;1;2;-20,377547;-40,446702;"SPRF-ES";"DEL01-ES";"UOP01-DEL01-ES"
749573;2026-01-30;"sexta-feira";"06:10:00";"MT";364;1233;"COMODORO";"Ausência de reação do condutor";"Saída de leito carroçável";"Com Vítimas Feridas";"Pleno dia";"Crescente";"Sol";"Simples";"Reta";"Não";2;0;1;1;0;0;2;1;-13,67424648;-59,74084856;"SPRF-MT";"DEL04-MT";"UOP02-DEL04-MT"
749575;2026-02-02;"segunda-feira";"10:20:00";"RO";364;694;"PORTO VELHO";"Reação tardia ou ineficiente do condutor";"Colisão lateral mesmo sentido";"Sem Vítimas";"Pleno dia";"Decrescente";"Garoa/Chuvisco";"Dupla";"Reta";"Não";4;0;0;0;4;0;0;2;-8,80062217;-63,72287786;"SPRF-RO";"DEL01-RO";"UOP01-DEL01-RO"
749576;2026-02-02;"segunda-feira";"11:20:00";"RJ";101;457,7;"ANGRA DOS REIS";"Ultrapassagem Indevida";"Colisão lateral mesmo sentido";"Com Vítimas Feridas";"Pleno dia";"Crescente";"Nublado";"Simples";"Aclive;Reta";"Sim";4;0;2;0;2;0;2;3;-23,03736;-44,18365;"SPRF-RJ";"DEL03-RJ";"UOP03-DEL03-RJ"
749577;2026-02-02;"segunda-feira";"10:05:00";"RO";364;340;"JI-PARANA";"Ausência de reação do condutor";"Colisão transversal";"Com Vítimas Feridas";"Pleno dia";"Crescente";"Céu Claro";"Dupla";"Retorno Regulamentado";"Sim";2;0;1;0;1;0;1;2;-10,89283568;-61,93056934;"SPRF-RO";"DEL02-RO";"UOP01-DEL02-RO"
749578;2026-02-02;"segunda-feira";"11:45:00";"GO";60;321;"ACREUNA";"Reação tardia ou ineficiente do condutor";"Saída de leito carroçável";"Com Vítimas Feridas";"Pleno dia";"Crescente";"Chuva";"Dupla";"Reta";"Não";2;0;1;1;0;0;2;1;-17,50787;-50,472847;"SPRF-GO";"DEL04-GO";"UOP02-DEL04-GO"
749579;2026-02-02;"segunda-feira";"10:00:00";"PE";104;73;"CARUARU";"Reação tardia ou ineficiente do condutor";"Colisão traseira";"Com Vítimas Feridas";"Pleno dia";"Decrescente";"Sol";"Simples";"Reta";"Não";2;0;1;0;1;0;1;2;-8,36450244;-35,98598767;"SPRF-PE";"DEL02-PE";"UOP01-DEL02-PE"
749580;2026-02-02;"segunda-feira";"12:10:00";"SC";282;220,3;"LAGES";"Transitar na contramão";"Colisão transversal";"Com Vítimas Feridas";"Pleno dia";"Crescente";"Céu Claro";"Simples";"Reta";"Sim";2;0;1;0;1;0;1;2;-27,79384592;-50,33484785;"SPRF-SC";"DEL05-SC";"UOP01-DEL05-SC"
749583;2026-02-02;"segunda-feira";"13:20:00";"PR";376;167,5;"MARINGA";"Reação tardia ou ineficiente do condutor";"Saída de leito carroçável";"Com Vítimas Feridas";"Pleno dia";"Crescente";"Nublado";"Dupla";"Curva";"Não";1;0;1;0;0;0;1;1;-23,39150034;-52,01242089;"SPRF-PR";"DEL09-PR";"UOP01-DEL09-PR"
749584;2026-02-02;"segunda-feira";"13:30:00";"SC";101;202,7;"SAO JOSE";"Reação tardia ou ineficiente do condutor";"Colisão lateral mesmo sentido";"Com Vítimas Feridas";"Pleno dia";"Crescente";"Céu Claro";"Múltipla";"Reta";"Sim";6;0;0;1;5;0;1;3;-27,56255383;-48,61608379;"SPRF-SC";"DEL01-SC";"UOP01-DEL01-SC"
749585;2026-02-02;"segunda-feira";"12:00:00";"SP";381;88;"GUARULHOS";"Velocidade Incompatível";"Colisão com objeto";"Com Vítimas Feridas";"Pleno dia";"Decrescente";"Céu Claro";"Múltipla";"Reta";"Sim";1;0;1;0;0;0;1;1;-23,49188742;-46,55907456;"SPRF-SP";"DEL03-SP";"UOP01-DEL03-SP"
749586;2026-01-09;"sexta-feira";"15:00:00";"RJ";495;21,5;"PETROPOLIS";"Demais falhas mecânicas ou elétricas";"Incêndio";"Sem Vítimas";"Pleno dia";"Decrescente";"Céu Claro";"Simples";"Reta";"Sim";4;0;0;0;4;0;0;1;-22,427587;-43,060245;"SPRF-RJ";"DEL05-RJ";"UOP02-DEL05-RJ"
749587;2026-02-02;"segunda-feira";"13:20:00";"SC";101;209;"SAO JOSE";"Demais falhas mecânicas ou elétricas";"Tombamento";"Com Vítimas Feridas";"Pleno dia";"Decrescente";"Céu Claro";"Dupla";"Reta";"Não";2;0;2;0;0;0;2;1;-27,61375616;-48,64230959;"SPRF-SC";"DEL01-SC";"UOP01-DEL01-SC"
749590;2026-02-02;"segunda-feira";"11:45:00";"MA";222;674,5;"ACAILANDIA";"Acessar a via sem observar a presença dos outros veículos";"Colisão transversal";"Com Vítimas Feridas";"Pleno dia";"Decrescente";"Céu Claro";"Simples";"Reta;Declive";"Sim";3;0;0;1;2;0;1;2;-4,953988;-47,488293;"SPRF-MA";"DEL04-MA";"UOP03-DEL04-MA"
749592;2026-02-02;"segunda-feira";"13:00:00";"SE";101;181,2;"UMBAUBA";"Acessar a via sem observar a presença dos outros veículos";"Colisão transversal";"Com Vítimas Feridas";"Pleno dia";"Decrescente";"Céu Claro";"Simples";"Reta";"Não";2;0;0;2;0;0;2;2;-11,36978763;-37,64931886;"SPRF-SE";"DEL02-SE";"UOP03-DEL02-SE"
749594;2026-02-02;"segunda-feira";"14:10:00";"DF";80;11;"BRASILIA";"Ingestão de álcool pelo condutor";"Colisão traseira";"Com Vítimas Feridas";"Pleno dia";"Crescente";"Nublado";"Simples";"Reta";"Não";3;0;1;0;2;0;1;2;-15,730893;-48,180622;"SPRF-DF";"DEL03-DF";"UOP02-DEL03-DF"
749596;2026-02-02;"segunda-feira";"13:30:00";"PB";101;45,9;"MAMANGUAPE";"Reação tardia ou ineficiente do condutor";"Colisão com objeto";"Com Vítimas Feridas";"Pleno dia";"Decrescente";"Sol";"Dupla";"Reta";"Não";1;0;1;0;0;0;1;1;-6,89112011;-35,12586504;"SPRF-PB";"DEL01-PB";"UOP03-DEL01-PB"
749597;2026-02-02;"segunda-feira";"14:30:00";"SP";116;369;"MIRACATU";"Demais falhas mecânicas ou elétricas";"Incêndio";"Sem Vítimas";"Pleno dia";"Decrescente";"Garoa/Chuvisco";"Dupla";"Reta";"Não";4;0;0;0;4;0;0;1;-24,1570652;-47,3262801;"SPRF-SP";"DEL04-SP";"UOP02-DEL04-SP"
749598;2026-01-07;"quarta-feira";"21:45:00";"RJ";40;69,6;"PETROPOLIS";"Ausência de reação do condutor";"Colisão traseira";"Com Vítimas Feridas";"Plena Noite";"Decrescente";"Chuva";"Dupla";"Reta";"Não";5;0;2;2;1;0;4;2;-22,447744;-43,197338;"SPRF-RJ";"DEL05-RJ";"UOP02-DEL05-RJ"
749600;2026-02-02;"segunda-feira";"13:20:00";"RO";174;14;"VILHENA";"Acessar a via sem observar a presença dos outros veículos";"Colisão traseira";"Com Vítimas Feridas";"Pleno dia";"Crescente";"Nublado";"Dupla";"Retorno Regulamentado;Reta;Em Obras";"Sim";4;0;1;0;3;0;1;3;-12,7255;-60,12863;"SPRF-RO";"DEL04-RO";"UOP01-DEL04-RO"
749601;2026-02-02;"segunda-feira";"13:40:00";"MA";222;675;"ACAILANDIA";"Pedestre cruzava a pista fora da faixa";"Atropelamento de Pedestre";"Com Vítimas Feridas";"Pleno dia";"Crescente";"Céu Claro";"Dupla";"Reta";"Sim";2;0;1;0;1;0;1;2;-4,95494;-47,49938;"SPRF-MA";"DEL04-MA";"UOP03-DEL04-MA"
749602;2026-02-02;"segunda-feira";"13:30:00";"RJ";101;399;"ITAGUAI";"Acessar a via sem observar a presença dos outros veículos";"Atropelamento de Pedestre";"Com Vítimas Feridas";"Pleno dia";"Crescente";"Céu Claro";"Dupla";"Reta";"Sim";3;0;1;2;0;0;3;2;-22,85887533;-43,75942233;"SPRF-RJ";"DEL03-RJ";"UOP01-DEL03-RJ"
749603;2026-02-02;"segunda-feira";"14:58:00";"PR";116;46,9;"CAMPINA GRANDE DO SUL";"Avarias e/ou desgaste excessivo no pneu";"Capotamento";"Com Vítimas Feridas";"Pleno dia";"Decrescente";"Garoa/Chuvisco";"Dupla";"Curva";"Não";4;0;1;0;3;0;1;1;-25,2112909;-48,8972486;"SPRF-PR";"DEL01-PR";"UOP02-DEL01-PR"
749605;2026-02-02;"segunda-feira";"14:15:00";"GO";60;25,8;"ALEXANIA";"Reação tardia ou ineficiente do condutor";"Saída de leito carroçável";"Com Vítimas Feridas";"Pleno dia";"Crescente";"Céu Claro";"Dupla";"Curva";"Não";1;0;1;0;0;0;1;1;-16,107852;-48,449333;"SPRF-DF";"DEL03-DF";"UOP01-DEL03-DF"
749606;2026-02-02;"segunda-feira";"13:40:00";"MG";262;34,9;"MANHUACU";"Acessar a via sem observar a presença dos outros veículos";"Colisão transversal";"Com Vítimas Feridas";"Pleno dia";"Decrescente";"Céu Claro";"Simples";"Reta;Aclive";"Não";2;0;1;0;0;1;1;2;-20,258067;-42,031715;"SPRF-MG";"DEL06-MG";"UOP03-DEL06-MG"
749608;2026-02-02;"segunda-feira";"15:17:00";"MG";381;486,9;"BETIM";"Manobra de mudança de faixa";"Saída de leito carroçável";"Com Vítimas Feridas";"Pleno dia";"Decrescente";"Nublado";"Múltipla";"Reta";"Sim";2;0;1;0;0;1;1;2;-19,9556793;-44,1136958;"SPRF-MG";"DEL01-MG";"UOP03-DEL01-MG"
749609;2026-02-02;"segunda-feira";"15:00:00";"RJ";116;60;"TERESOPOLIS";"Reação tardia ou ineficiente do condutor";"Colisão traseira";"Com Vítimas Feridas";"Pleno dia";"Decrescente";"Céu Claro";"Simples";"Reta";"Sim";2;0;1;0;0;1;1;2;-22,227262;-42,907662;"SPRF-RJ";"DEL04-RJ";"UOP01-DEL04-RJ"
749610;2026-02-02;"segunda-feira";"15:00:00";"PR";376;649;"TIJUCAS DO SUL";"Reação tardia ou ineficiente do condutor";"Engavetamento";"Com Vítimas Feridas";"Pleno dia";"Crescente";"Nublado";"Dupla";"Curva";"Não";4;0;1;0;3;0;1;3;-25,846297;-49,091501;"SPRF-PR";"DEL01-PR";"UOP04-DEL01-PR"
749611;2026-02-02;"segunda-feira";"15:30:00";"PR";116;4;"CAMPINA GRANDE DO SUL";"Velocidade Incompatível";"Saída de leito carroçável";"Com Vítimas Feridas";"Pleno dia";"Crescente";"Nublado";"Dupla";"Curva";"Não";1;0;1;0;0;0;1;1;-25,07627478;-48,59411566;"SPRF-PR";"DEL01-PR";"UOP02-DEL01-PR"
749612;2026-02-02;"segunda-feira";"15:35:00";"SE";235;5,7;"NOSSA SENHORA DO SOCORRO";"Ausência de reação do condutor";"Colisão traseira";"Sem Vítimas";"Pleno dia";"Crescente";"Sol";"Dupla";"Reta";"Não";2;0;0;0;1;1;0;2;-10,90415737;-37,12713568;"SPRF-SE";"DEL01-SE";"UOP01-DEL01-SE"
749613;2026-02-02;"segunda-feira";"15:50:00";"SC";101;196,8;"BIGUACU";"Avarias e/ou desgaste excessivo no pneu";"Tombamento";"Com Vítimas Feridas";"Pleno dia";"Decrescente";"Nublado";"Múltipla";"Reta";"Sim";2;0;2;0;0;0;2;1;-27,51615;-48,63927;"SPRF-SC";"DEL01-SC";"UOP01-DEL01-SC"
749615;2026-02-02;"segunda-feira";"15:00:00";"MG";381;447,9;"BELO HORIZONTE";"Ausência de reação do condutor";"Colisão traseira";"Sem Vítimas";"Pleno dia";"Crescente";"Céu Claro";"Simples";"Reta";"Não";2;0;0;0;2;0;0;2;-19,83915541;-43,87840597;"SPRF-MG";"DEL01-MG";"UOP01-DEL01-MG"
749617;2026-02-02;"segunda-feira";"15:52:00";"RS";386;222;"MORMACO";"Demais falhas mecânicas ou elétricas";"Incêndio";"Sem Vítimas";"Pleno dia";"Decrescente";"Sol";"Simples";"Reta;Em Obras";"Não";18;0;0;0;18;0;0;1;-28,63939;-52,614955;"SPRF-RS";"DEL04-RS";"UOP03-DEL04-RS"
749618;2026-02-02;"segunda-feira";"15:42:00";"PR";277;71,6;"SAO JOSE DOS PINHAIS";"Reação tardia ou ineficiente do condutor";"Colisão traseira";"Com Vítimas Feridas";"Pleno dia";"Decrescente";"Chuva";"Dupla";"Reta";"Sim";2;0;1;0;1;0;1;2;-25,50785;-49,13656;"SPRF-PR";"DEL01-PR";"UOP07-DEL01-PR"
749619;2026-02-02;"segunda-feira";"14:40:00";"MG";381;651,2;"SANTO ANTONIO DO AMPARO";"Ausência de reação do condutor";"Capotamento";"Com Vítimas Feridas";"Pleno dia";"Crescente";"Nublado";"Dupla";"Aclive;Curva";"Não";1;0;1;0;0;0;1;1;-20,95637001;-44,91991997;"SPRF-MG";"DEL04-MG";"UOP02-DEL04-MG"
749622;2026-02-02;"segunda-feira";"16:05:00";"PR";376;4,5;"MANDAGUARI";"Acessar a via sem observar a presença dos outros veículos";"Colisão transversal";"Com Vítimas Feridas";"Pleno dia";"Crescente";"Sol";"Simples";"Interseção de Vias";"Sim";2;0;1;0;1;0;1;2;-23,52038;-51,68009;"SPRF-PR";"DEL09-PR";"UOP01-DEL09-PR"
749624;2026-02-02;"segunda-feira";"16:00:00";"SP";101;45;"UBATUBA";"Ultrapassagem Indevida";"Colisão lateral mesmo sentido";"Com Vítimas Feridas";"Pleno dia";"Crescente";"Chuva";"Simples";"Reta";"Sim";3;0;1;0;2;0;1;2;-23,42008037;-45,06984321;"SPRF-SP";"DEL06-SP";"UOP01-DEL06-SP"
749626;2026-02-02;"segunda-feira";"16:00:00";"SP";116;220;"GUARULHOS";"Avarias e/ou desgaste excessivo no pneu";"Queda de ocupante de veículo";"Com Vítimas Feridas";"Pleno dia";"Crescente";"Céu Claro";"Múltipla";"Reta";"Sim";2;0;2;0;0;0;2;1;-23,467581;-46,506239;"SPRF-SP";"DEL01-SP";"UOP01-DEL01-SP"
749628;2026-02-02;"segunda-feira";"07:45:00";"SC";480;130,2;"CHAPECO";"Ultrapassagem Indevida";"Colisão lateral mesmo sentido";"Com Vítimas Feridas";"Pleno dia";"Decrescente";"Sol";"Simples";"Interseção de Vias";"Sim";2;0;1;0;1;0;1;2;-27,02406943;-52,63504241;"SPRF-SC";"DEL07-SC";"UOP01-DEL07-SC"
749629;2026-02-02;"segunda-feira";"15:30:00";"PE";232;251;"ARCOVERDE";"Condutor deixou de manter distância do veículo da frente";"Colisão traseira";"Com Vítimas Feridas";"Pleno dia";"Decrescente";"Céu Claro";"Simples";"Reta;Aclive";"Sim";2;0;0;1;0;1;1;2;-8,4284585;-37,0590081;"SPRF-PE";"DEL04-PE";"UOP02-DEL04-PE"
749630;2026-02-02;"segunda-feira";"16:55:00";"RS";116;521;"PELOTAS";"Mal súbito do condutor";"Colisão com objeto";"Com Vítimas Feridas";"Pleno dia";"Decrescente";"Céu Claro";"Simples";"Reta";"Sim";3;0;3;0;0;0;3;1;-31,7084541;-52,36839294;"SPRF-RS";"DEL07-RS";"UOP01-DEL07-RS"