"id";"data_inversa";"dia_semana";"horario";"uf";"br";"km";"municipio";"causa_acidente";"tipo_acidente";"classificacao_acidente";"fase_dia";"sentido_via";"condicao_metereologica";"tipo_pista";"tracado_via";"uso_solo";"pessoas";"mortos";"feridos_leves";"feridos_graves";"ilesos";"ignorados";"feridos";"veiculos";"latitude";"longitude";"regional";"delegacia";"uop"
749631;2026-02-02;"segunda-feira";"15:30:00";"RJ";101;304;"SAO GONCALO";"Demais falhas mecânicas ou elétricas";"Queda de ocupante de veículo";"Com Vítimas Feridas";"Pleno dia";"Decrescente";"Nublado";"Dupla";"Reta";"Sim";2;0;2;0;0;0;2;1;-22,793068;-43,024872;"SPRF-RJ";"DEL02-RJ";"UOP02-DEL02-RJ"
749633;2026-02-02;"segunda-feira";"16:30:00";"RJ";101;313;"SAO GONCALO";"Trafegar com motocicleta (ou similar) entre as faixas";"Colisão lateral mesmo sentido";"Com Vítimas Feridas";"Anoitecer";"Decrescente";"Nublado";"Dupla";"Reta";"Sim";2;0;1;0;1;0;1;2;-22,81376709;-43,07399934;"SPRF-RJ";"DEL02-RJ";"UOP02-DEL02-RJ"
749634;2026-02-02;"segunda-feira";"14:30:00";"RJ";101;423,1;"MANGARATIBA";"Manobra de mudança de faixa";"Colisão lateral mesmo sentido";"Com Vítimas Feridas";"Pleno dia";"Crescente";"Céu Claro";"Dupla";"Curva";"Não";3;0;2;0;1;0;2;2;-22,9197315;-43,9534484;"SPRF-RJ";"DEL03-RJ";"UOP02-DEL03-RJ"
749636;2026-02-02;"segunda-feira";"06:55:00";"RJ";0;0;"RIO DE JANEIRO";"Demais Fenômenos da natureza";"Colisão com objeto";"Sem Vítimas";"Amanhecer";"Não Informado";"Céu Claro";"Simples";"Curva";"Não";1;0;0;0;1;0;0;1;-22,82001739;-43,32896984;"SPRF-RS";"DEL07-RS";"N/A"
749637;2026-02-02;"segunda-feira";"17:00:00";"PR";277;118;"CAMPO LARGO";"Reação tardia ou ineficiente do condutor";"Colisão traseira";"Sem Vítimas";"Pleno dia";"Crescente";"Céu Claro";"Dupla";"Reta";"Não";4;0;0;0;4;0;0;2;-25,44488285;-49,46883079;"SPRF-PR";"DEL03-PR";"UOP03-DEL03-PR"
749638;2026-02-02;"segunda-feira";"16:50:00";"SC";282;3,8;"FLORIANOPOLIS";"Condutor deixou de manter distância do veículo da frente";"Colisão traseira";"Com Vítimas Feridas";"Pleno dia";"Crescente";"Céu Claro";"Dupla";"Curva;Interseção de Vias";"Sim";2;0;0;1;0;1;1;2;-27,59503579;-48,60095361;"SPRF-SC";"DEL01-SC";"UOP01-DEL01-SC"
749639;2026-02-02;"segunda-feira";"17:15:00";"PR";277;1,1;"PARANAGUA";"Velocidade Incompatível";"Tombamento";"Com Vítimas Feridas";"Pleno dia";"Crescente";"Chuva";"Dupla";"Reta";"Sim";2;0;1;0;1;0;1;2;-25,553525;-48,55525;"SPRF-PR";"DEL01-PR";"UOP05-DEL01-PR"
749640;2026-02-02;"segunda-feira";"17:00:00";"MG";40;608,6;"CONGONHAS";"Reação tardia ou ineficiente do condutor";"Saída de leito carroçável";"Com Vítimas Feridas";"Pleno dia";"Crescente";"Céu Claro";"Simples";"Declive;Reta";"Não";1;0;1;0;0;0;1;1;-20,49371788;-43,83686543;"SPRF-MG";"DEL05-MG";"UOP02-DEL05-MG"
749641;2026-02-02;"segunda-feira";"16:35:00";"BA";415;31;"ILHEUS";"Transitar na contramão";"Colisão transversal";"Sem Vítimas";"Pleno dia";"Decrescente";"Céu Claro";"Simples";"Reta";"Não";6;0;0;0;6;0;0;2;-14,78247621;-39,24153328;"SPRF-BA";"DEL05-BA";"UOP01-DEL05-BA"
749643;2026-01-30;"sexta-feira";"13:50:00";"RJ";116;125;"MAGE";"Avarias e/ou desgaste excessivo no pneu";"Queda de ocupante de veículo";"Com Vítimas Feridas";"Pleno dia";"Decrescente";"Céu Claro";"Dupla";"Reta";"Sim";2;0;2;0;0;0;2;1;-22,64746239;-43,07181358;"SPRF-RJ";"DEL04-RJ";"UOP02-DEL04-RJ"
749646;2026-02-02;"segunda-feira";"16:45:00";"MG";40;808,8;"MATIAS BARBOSA";"Entrada inopinada do pedestre";"Atropelamento de Pedestre";"Com Vítimas Feridas";"Pleno dia";"Crescente";"Nublado";"Dupla";"Reta";"Não";2;0;0;1;1;0;1;2;-21,86706;-43,3628;"SPRF-MG";"DEL05-MG";"UOP01-DEL05-MG"
749647;2026-02-02;"segunda-feira";"15:00:00";"AL";316;63;"MARAVILHA";"Ingestão de álcool pelo condutor";"Queda de ocupante de veículo";"Com Vítimas Feridas";"Pleno dia";"Decrescente";"Sol";"Simples";"Reta;Aclive";"Não";1;0;0;1;0;0;1;1;-9,26204;-37,40711;"SPRF-AL";"DEL03-AL";"UOP02-DEL03-AL"
749649;2026-02-02;"segunda-feira";"17:30:00";"MG";40;792,2;"JUIZ DE FORA";"Acessar a via sem observar a presença dos outros veículos";"Colisão traseira";"Com Vítimas Feridas";"Pleno dia";"Crescente";"Nublado";"Dupla";"Reta;Retorno Regulamentado";"Não";2;0;2;0;0;0;2;2;-21,769653;-43,437044;"SPRF-MG";"DEL05-MG";"UOP01-DEL05-MG"
749650;2026-02-02;"segunda-feira";"17:22:00";"SP";116;214;"GUARULHOS";"Ausência de reação do condutor";"Colisão lateral mesmo sentido";"Com Vítimas Feridas";"Pleno dia";"Crescente";"Nublado";"Dupla";"Reta;Declive";"Sim";3;0;1;0;2;0;1;2;-23,44606746;-46,45265985;"SPRF-SP";"DEL01-SP";"UOP01-DEL01-SP"
749651;2026-02-02;"segunda-feira";"17:30:00";"RN";304;31;"MOSSORO";"Acessar a via sem observar a presença dos outros veículos";"Colisão transversal";"Com Vítimas Feridas";"Anoitecer";"Decrescente";"Céu Claro";"Simples";"Reta";"Sim";2;0;1;0;1;0;1;2;-5,13254597;-37,34439567;"SPRF-RN";"DEL04-RN";"UOP02-DEL04-RN"
749652;2026-02-02;"segunda-feira";"17:25:00";"PE";232;7,6;"RECIFE";"Manobra de mudança de faixa";"Colisão lateral mesmo sentido";"Com Vítimas Feridas";"Plena Noite";"Crescente";"Céu Claro";"Dupla";"Reta";"Sim";2;0;0;1;0;1;1;2;-8,07528;-34,96904;"SPRF-PE";"DEL01-PE";"UOP01-DEL01-PE"
749654;2026-02-02;"segunda-feira";"17:15:00";"SC";116;33,3;"ITAIOPOLIS";"Trafegar com motocicleta (ou similar) entre as faixas";"Colisão lateral mesmo sentido";"Com Vítimas Feridas";"Pleno dia";"Decrescente";"Nublado";"Simples";"Aclive;Reta";"Não";3;0;0;1;2;0;1;2;-26,32725863;-49,98930573;"SPRF-SC";"DEL06-SC";"UOP01-DEL06-SC"
749655;2026-02-02;"segunda-feira";"17:40:00";"SC";101;79;"ARAQUARI";"Condutor Dormindo";"Colisão traseira";"Com Vítimas Feridas";"Pleno dia";"Decrescente";"Céu Claro";"Dupla";"Curva;Retorno Regulamentado";"Não";3;0;1;0;1;1;1;3;-26,5957615;-48,7224692;"SPRF-SC";"DEL03-SC";"UOP02-DEL03-SC"
749658;2026-02-02;"segunda-feira";"17:00:00";"MT";163;117;"RONDONOPOLIS";"Condutor deixou de manter distância do veículo da frente";"Colisão traseira";"Com Vítimas Feridas";"Pleno dia";"Decrescente";"Nublado";"Dupla";"Reta";"Sim";3;0;1;0;2;0;1;2;-16,506245;-54,652342;"SPRF-MT";"DEL02-MT";"UOP01-DEL02-MT"
749659;2026-02-02;"segunda-feira";"18:15:00";"SC";116;5,5;"MAFRA";"Acessar a via sem observar a presença dos outros veículos";"Colisão transversal";"Com Vítimas Feridas";"Pleno dia";"Decrescente";"Céu Claro";"Simples";"Reta;Interseção de Vias";"Sim";2;0;1;0;1;0;1;2;-26,14563455;-49,82148528;"SPRF-SC";"DEL06-SC";"UOP01-DEL06-SC"
749661;2026-02-02;"segunda-feira";"17:40:00";"PA";316;51;"SANTA IZABEL DO PARA";"Reação tardia ou ineficiente do condutor";"Tombamento";"Com Vítimas Feridas";"Pleno dia";"Crescente";"Nublado";"Dupla";"Reta";"Não";2;0;2;0;0;0;2;1;-1,30696;-48,03351;"SPRF-PA";"DEL01-PA";"UOP01-DEL01-PA"
749663;2026-02-02;"segunda-feira";"18:00:00";"RJ";40;23;"TRES RIOS";"Ausência de reação do condutor";"Saída de leito carroçável";"Com Vítimas Feridas";"Pleno dia";"Decrescente";"Céu Claro";"Dupla";"Reta";"Não";1;0;1;0;0;0;1;1;-22,13125;-43,158062;"SPRF-RJ";"DEL05-RJ";"UOP02-DEL05-RJ"
749664;2026-02-02;"segunda-feira";"18:40:00";"SP";116;148;"SAO JOSE DOS CAMPOS";"Manobra de mudança de faixa";"Colisão lateral mesmo sentido";"Com Vítimas Feridas";"Plena Noite";"Decrescente";"Garoa/Chuvisco";"Múltipla";"Reta";"Sim";2;0;1;0;1;0;1;2;-23,198165;-45,876023;"SPRF-SP";"DEL02-SP";"UOP01-DEL02-SP"
749665;2026-02-02;"segunda-feira";"18:32:00";"ES";101;292,5;"CARIACICA";"Acesso irregular";"Colisão transversal";"Com Vítimas Feridas";"Plena Noite";"Decrescente";"Céu Claro";"Múltipla";"Reta;Interseção de Vias";"Sim";2;0;1;0;1;0;1;2;-20,31378008;-40,39539602;"SPRF-ES";"DEL01-ES";"UOP01-DEL01-ES"
749666;2026-02-02;"segunda-feira";"18:30:00";"SE";235;48;"ITABAIANA";"Reação tardia ou ineficiente do condutor";"Colisão transversal";"Com Vítimas Feridas";"Plena Noite";"Decrescente";"Céu Claro";"Simples";"Reta";"Não";1;0;1;0;0;0;1;1;-10,726729;-37,41539137;"SPRF-SE";"DEL01-SE";"UOP02-DEL01-SE"
749667;2026-02-02;"segunda-feira";"16:30:00";"PI";343;8;"PARNAIBA";"Ingestão de álcool pelo condutor";"Colisão lateral mesmo sentido";"Sem Vítimas";"Pleno dia";"Crescente";"Sol";"Simples";"Reta";"Não";2;0;0;0;2;0;0;2;-2,899934;-41,728725;"SPRF-PI";"DEL05-PI";"UOP01-DEL05-PI"
749668;2026-02-02;"segunda-feira";"17:00:00";"PI";222;25,2;"SAO JOAO DA FRONTEIRA";"Acessar a via sem observar a presença dos outros veículos";"Colisão transversal";"Com Vítimas Feridas";"Pleno dia";"Crescente";"Chuva";"Simples";"Reta";"Sim";3;0;2;1;0;0;3;2;-4,00115328;-41,44002199;"SPRF-PI";"DEL02-PI";"UOP01-DEL02-PI"
749669;2026-02-02;"segunda-feira";"16:38:00";"MG";262;12,4;"MARTINS SOARES";"Condutor deixou de manter distância do veículo da frente";"Colisão traseira";"Com Vítimas Feridas";"Pleno dia";"Crescente";"Céu Claro";"Simples";"Reta";"Não";5;0;4;0;1;0;4;2;-20,255119;-41,855452;"SPRF-MG";"DEL06-MG";"UOP03-DEL06-MG"
749670;2026-02-02;"segunda-feira";"19:10:00";"RJ";40;102;"DUQUE DE CAXIAS";"Retorno proibido";"Colisão lateral mesmo sentido";"Com Vítimas Feridas";"Plena Noite";"Decrescente";"Garoa/Chuvisco";"Dupla";"Reta";"Sim";2;0;1;0;0;1;1;2;-22,6108009;-43,2862279;"SPRF-RJ";"DEL01-RJ";"UOP02-DEL01-RJ"
749671;2026-02-02;"segunda-feira";"19:10:00";"MG";153;224,1;"FRUTAL";"Acessar a via sem observar a presença dos outros veículos";"Colisão transversal";"Com Vítimas Feridas";"Anoitecer";"Decrescente";"Nublado";"Simples";"Interseção de Vias;Curva";"Não";3;0;2;0;1;0;2;2;-20,131664;-49,109037;"SPRF-MG";"DEL13-MG";"UOP02-DEL13-MG"
749673;2026-02-02;"segunda-feira";"19:20:00";"PR";277;16;"PARANAGUA";"Demais falhas mecânicas ou elétricas";"Tombamento";"Com Vítimas Feridas";"Plena Noite";"Crescente";"Nublado";"Dupla";"Reta";"Não";2;0;2;0;0;0;2;1;-25,54349571;-48,68256267;"SPRF-PR";"DEL01-PR";"UOP05-DEL01-PR"
749674;2026-02-02;"segunda-feira";"16:10:00";"RO";364;238,2;"CACOAL";"Ausência de reação do condutor";"Colisão traseira";"Com Vítimas Feridas";"Pleno dia";"Decrescente";"Nublado";"Simples";"Reta";"Sim";2;0;1;0;1;0;1;2;-11,43746474;-61,45725701;"SPRF-RO";"DEL02-RO";"UOP02-DEL02-RO"
749675;2026-02-02;"segunda-feira";"14:40:00";"RJ";116;187;"NOVA IGUACU";"Ausência de reação do condutor";"Tombamento";"Com Vítimas Feridas";"Pleno dia";"Decrescente";"Céu Claro";"Múltipla";"Reta";"Sim";1;0;1;0;0;0;1;1;-22,73952489;-43,46884187;"SPRF-RJ";"DEL06-RJ";"UOP01-DEL06-RJ"
749676;2026-02-02;"segunda-feira";"19:18:00";"SP";116;230;"SAO PAULO";"Manobra de mudança de faixa";"Colisão lateral mesmo sentido";"Com Vítimas Feridas";"Plena Noite";"Decrescente";"Céu Claro";"Múltipla";"Reta";"Sim";3;0;0;1;2;0;1;3;-23,51708928;-46,57997131;"SPRF-SP";"DEL01-SP";"UOP01-DEL01-SP"
749678;2026-02-02;"segunda-feira";"19:25:00";"ES";447;14;"VILA VELHA";"Transitar na contramão";"Colisão frontal";"Com Vítimas Feridas";"Plena Noite";"Crescente";"Céu Claro";"Dupla";"Reta";"Sim";2;0;0;1;1;0;1;2;-20,35099357;-40,33383306;"SPRF-ES";"DEL01-ES";"UOP01-DEL01-ES"
749679;2026-02-02;"segunda-feira";"20:00:00";"SP";101;51;"UBATUBA";"Ausência de reação do condutor";"Colisão traseira";"Com Vítimas Feridas";"Plena Noite";"Decrescente";"Chuva";"Simples";"Reta;Interseção de Vias";"Não";2;0;1;0;1;0;1;2;-23,45172878;-45,07591665;"SPRF-SP";"DEL06-SP";"UOP01-DEL06-SP"
749682;2026-02-02;"segunda-feira";"20:50:00";"PB";230;19;"JOAO PESSOA";"Transitar no Acostamento";"Atropelamento de Pedestre";"Com Vítimas Feridas";"Plena Noite";"Decrescente";"Céu Claro";"Dupla";"Curva";"Sim";2;0;0;2;0;0;2;2;-7,12902109;-34,84951168;"SPRF-PB";"DEL01-PB";"UOP01-DEL01-PB"
749683;2026-02-02;"segunda-feira";"19:45:00";"RS";153;49,3;"ERECHIM";"Transitar na contramão";"Colisão transversal";"Com Vítimas Feridas";"Plena Noite";"Crescente";"Céu Claro";"Simples";"Reta";"Não";3;0;2;0;1;0;2;2;-27,65036569;-52,25644827;"SPRF-RS";"DEL08-RS";"UOP04-DEL08-RS"
749685;2026-02-02;"segunda-feira";"20:30:00";"SP";116;276,5;"EMBU DAS ARTES";"Entrada inopinada do pedestre";"Atropelamento de Pedestre";"Com Vítimas Feridas";"Plena Noite";"Crescente";"Céu Claro";"Dupla";"Reta";"Sim";2;0;1;0;1;0;1;2;-23,626449;-46,817533;"SPRF-SP";"DEL04-SP";"UOP01-DEL04-SP"
749686;2026-02-02;"segunda-feira";"19:00:00";"MS";60;592,1;"JARDIM";"Acessar a via sem observar a presença dos outros veículos";"Colisão transversal";"Com Vítimas Feridas";"Plena Noite";"Decrescente";"Nublado";"Simples";"Reta";"Sim";3;0;2;1;0;0;3;2;-21,48334157;-56,14498615;"SPRF-MS";"DEL05-MS";"UOP01-DEL05-MS"
749689;2026-02-02;"segunda-feira";"21:50:00";"RS";116;268;"CANOAS";"Ausência de reação do condutor";"Colisão com objeto";"Com Vítimas Feridas";"Plena Noite";"Decrescente";"Céu Claro";"Múltipla";"Reta";"Sim";1;0;1;0;0;0;1;1;-29,94709;-51,176729;"SPRF-RS";"DEL01-RS";"UOP01-DEL01-RS"
749690;2026-02-02;"segunda-feira";"21:40:00";"RJ";116;184;"NOVA IGUACU";"Pista Escorregadia";"Queda de ocupante de veículo";"Com Vítimas Feridas";"Plena Noite";"Crescente";"Céu Claro";"Dupla";"Reta";"Sim";2;0;1;0;1;0;1;1;-22,74810891;-43,44345896;"SPRF-RJ";"DEL06-RJ";"UOP01-DEL06-RJ"
749694;2026-02-02;"segunda-feira";"22:10:00";"SP";116;151;"SAO JOSE DOS CAMPOS";"Reação tardia ou ineficiente do condutor";"Colisão traseira";"Com Vítimas Feridas";"Plena Noite";"Decrescente";"Nublado";"Dupla";"Reta;Em Obras;Declive";"Sim";2;0;1;0;1;0;1;2;-23,22399454;-45,90362549;"SPRF-SP";"DEL02-SP";"UOP01-DEL02-SP"
749697;2026-02-02;"segunda-feira";"23:00:00";"GO";40;23;"LUZIANIA";"Mal súbito do condutor";"Eventos atípicos";"Com Vítimas Feridas";"Plena Noite";"Crescente";"Céu Claro";"Dupla";"Reta";"Sim";1;0;1;0;0;0;1;1;-16,241383;-47,909617;"SPRF-DF";"DEL01-DF";"UOP01-DEL01-DF"
749698;2026-02-02;"segunda-feira";"22:50:00";"PR";272;560;"GUAIRA";"Pedestre cruzava a pista fora da faixa";"Atropelamento de Pedestre";"Com Vítimas Fatais";"Plena Noite";"Crescente";"Céu Claro";"Simples";"Reta";"Não";3;1;0;0;2;0;0;3;-24,08222222;-54,16722222;"SPRF-PR";"DEL06-PR";"UOP01-DEL06-PR"
749703;2026-02-03;"terça-feira";"00:20:00";"PR";153;50,5;"SANTO ANTONIO DA PLATINA";"Ingestão de álcool pelo condutor";"Tombamento";"Com Vítimas Feridas";"Plena Noite";"Crescente";"Céu Claro";"Simples";"Reta;Declive";"Não";1;0;0;1;0;0;1;1;-23,36735312;-50,06559849;"SPRF-PR";"DEL07-PR";"UOP04-DEL07-PR"
749704;2026-02-03;"terça-feira";"00:40:00";"SC";101;328,8;"TUBARAO";"Ingestão de álcool pelo condutor";"Colisão com objeto";"Sem Vítimas";"Plena Noite";"Decrescente";"Céu Claro";"Múltipla";"Ponte;Reta";"Não";1;0;0;0;1;0;0;1;-28,45132298;-48,97266738;"SPRF-SC";"DEL02-SC";"UOP01-DEL02-SC"
749705;2026-02-02;"segunda-feira";"23:30:00";"MS";463;92;"PONTA PORA";"Animais na Pista";"Atropelamento de Animal";"Com Vítimas Feridas";"Plena Noite";"Crescente";"Chuva";"Simples";"Curva";"Não";1;0;0;1;0;0;1;1;-22,60217;-55,54849;"SPRF-MS";"DEL04-MS";"UOP03-DEL04-MS"
749708;2026-02-03;"terça-feira";"02:40:00";"MG";262;437;"NOVA SERRANA";"Ausência de reação do condutor";"Colisão com objeto";"Sem Vítimas";"Plena Noite";"Crescente";"Vento";"Dupla";"Reta;Aclive";"Sim";1;0;0;0;0;1;0;1;-19,89040018;-44,93202209;"SPRF-MG";"DEL08-MG";"UOP03-DEL08-MG"
749710;2026-02-03;"terça-feira";"03:00:00";"RS";392;73;"PELOTAS";"Reação tardia ou ineficiente do condutor";"Engavetamento";"Com Vítimas Feridas";"Plena Noite";"Decrescente";"Céu Claro";"Simples";"Reta";"Não";4;0;3;0;1;0;3;3;-31,7093087;-52,4016917;"SPRF-RS";"DEL07-RS";"UOP01-DEL07-RS"
749711;2026-02-02;"segunda-feira";"17:30:00";"MT";364;840;"CAMPO NOVO DO PARECIS";"Reação tardia ou ineficiente do condutor";"Tombamento";"Com Vítimas Fatais";"Pleno dia";"Decrescente";"Nublado";"Simples";"Reta";"Não";1;1;0;0;0;0;0;1;-13,93493147;-57,97659159;"SPRF-MT";"DEL01-MT";"UOP01-DEL01-MT"
749713;2026-02-03;"terça-feira";"03:20:00";"MG";354;739;"POUSO ALTO";"Animais na Pista";"Atropelamento de Animal";"Com Vítimas Feridas";"Plena Noite";"Decrescente";"Céu Claro";"Simples";"Curva;Declive";"Não";1;0;1;0;0;0;1;1;-22,205612;-44,957812;"SPRF-MG";"DEL17-MG";"UOP01-DEL17-MG"
749718;2026-02-02;"segunda-feira";"18:45:00";"PR";277;77;"SAO JOSE DOS PINHAIS";"Reação tardia ou ineficiente do condutor";"Colisão traseira";"Com Vítimas Feridas";"Anoitecer";"Crescente";"Nublado";"Dupla";"Reta";"Não";2;0;1;0;1;0;1;2;-25,49116786;-49,17359948;"SPRF-PR";"DEL01-PR";"UOP07-DEL01-PR"
749719;2026-02-03;"terça-feira";"06:30:00";"PE";104;63;"CARUARU";"Manobra de mudança de faixa";"Colisão lateral mesmo sentido";"Com Vítimas Feridas";"Pleno dia";"Crescente";"Céu Claro";"Dupla";"Reta";"Sim";2;0;0;1;1;0;1;2;-8,259148;-35,976097;"SPRF-PE";"DEL02-PE";"UOP01-DEL02-PE"
749720;2026-02-03;"terça-feira";"07:05:00";"SC";470;63;"BLUMENAU";"Acessar a via sem observar a presença dos outros veículos";"Tombamento";"Com Vítimas Feridas";"Pleno dia";"Crescente";"Chuva";"Simples";"Reta";"Sim";2;0;1;0;1;0;1;2;-26,8787316;-49,1746988;"SPRF-SC";"DEL04-SC";"UOP01-DEL04-SC"
749721;2026-02-02;"segunda-feira";"09:20:00";"RR";0;0;"BOA VISTA";"Demais falhas mecânicas ou elétricas";"Queda de ocupante de veículo";"Com Vítimas Feridas";"Pleno dia";"Não Informado";"Céu Claro";"Dupla";"Reta;Aclive";"Sim";1;0;1;0;0;0;1;1;2,78937497;-60,69897791;"SPRF-RR";"DEL01-RR";"N/A"
749723;2026-02-03;"terça-feira";"07:00:00";"GO";40;7;"VALPARAISO DE GOIAS";"Entrada inopinada do pedestre";"Atropelamento de Pedestre";"Com Vítimas Feridas";"Pleno dia";"Crescente";"Céu Claro";"Dupla";"Reta";"Sim";2;0;0;2;0;0;2;2;-16,10893678;-47,97184467;"SPRF-DF";"DEL01-DF";"UOP01-DEL01-DF"
749725;2026-02-03;"terça-feira";"07:45:00";"PB";230;20,1;"JOAO PESSOA";"Demais falhas mecânicas ou elétricas";"Incêndio";"Sem Vítimas";"Pleno dia";"Crescente";"Céu Claro";"Dupla";"Reta;Viaduto;Aclive";"Sim";1;0;0;0;1;0;0;1;-7,137095;-34,854092;"SPRF-PB";"DEL01-PB";"UOP01-DEL01-PB"
749726;2026-02-03;"terça-feira";"05:45:00";"RJ";116;104,8;"GUAPIMIRIM";"Velocidade Incompatível";"Colisão frontal";"Com Vítimas Fatais";"Plena Noite";"Crescente";"Céu Claro";"Simples";"Curva";"Não";7;1;0;3;3;0;3;4;-22,5359395;-42,9855591;"SPRF-RJ";"DEL04-RJ";"UOP01-DEL04-RJ"
749727;2026-02-03;"terça-feira";"06:30:00";"SC";101;180,1;"GOVERNADOR CELSO RAMOS";"Reação tardia ou ineficiente do condutor";"Saída de leito carroçável";"Com Vítimas Feridas";"Pleno dia";"Crescente";"Garoa/Chuvisco";"Múltipla";"Reta;Aclive";"Sim";1;0;0;1;0;0;1;1;-27,38191379;-48,63072395;"SPRF-SC";"DEL01-SC";"UOP01-DEL01-SC"
749728;2026-02-03;"terça-feira";"07:20:00";"ES";101;309,9;"VIANA";"Condutor Dormindo";"Saída de leito carroçável";"Com Vítimas Feridas";"Pleno dia";"Crescente";"Céu Claro";"Dupla";"Curva;Aclive";"Não";1;0;1;0;0;0;1;1;-20,42289683;-40,45981407;"SPRF-ES";"DEL01-ES";"UOP01-DEL01-ES"
749730;2026-02-03;"terça-feira";"08:20:00";"GO";40;6;"VALPARAISO DE GOIAS";"Área urbana sem a presença de local apropriado para a travessia de pedestres";"Atropelamento de Pedestre";"Com Vítimas Feridas";"Pleno dia";"Decrescente";"Céu Claro";"Dupla";"Aclive";"Sim";2;0;0;1;0;1;1;2;-16,1044757;-47,97476113;"SPRF-DF";"DEL01-DF";"UOP01-DEL01-DF"
749731;2026-02-03;"terça-feira";"07:30:00";"PR";467;108,2;"CASCAVEL";"Ausência de reação do condutor";"Tombamento";"Com Vítimas Feridas";"Pleno dia";"Crescente";"Nublado";"Dupla";"Curva";"Não";2;0;1;0;0;1;1;2;-24,92219;-53,46999;"SPRF-PR";"DEL04-PR";"UOP01-DEL04-PR"
749732;2026-02-03;"terça-feira";"00:30:00";"RJ";116;278;"BARRA MANSA";"Demais falhas mecânicas ou elétricas";"Incêndio";"Sem Vítimas";"Plena Noite";"Decrescente";"Garoa/Chuvisco";"Simples";"Reta";"Não";1;0;0;0;0;1;0;1;-22,5529538;-44,17759029;"SPRF-RJ";"DEL07-RJ";"UOP02-DEL07-RJ"
749733;2026-02-03;"terça-feira";"08:10:00";"RS";290;86;"PORTO ALEGRE";"Ausência de reação do condutor";"Capotamento";"Sem Vítimas";"Pleno dia";"Crescente";"Céu Claro";"Dupla";"Curva";"Não";1;0;0;0;0;1;0;1;-29,96686738;-51,11739669;"SPRF-RS";"DEL01-RS";"UOP01-DEL01-RS"
749734;2026-02-03;"terça-feira";"07:30:00";"SC";282;21,7;"SANTO AMARO DA IMPERATRIZ";"Ingestão de álcool pelo condutor";"Colisão traseira";"Com Vítimas Feridas";"Pleno dia";"Crescente";"Chuva";"Simples";"Reta";"Sim";2;0;1;0;1;0;1;2;-27,68824982;-48,72633934;"SPRF-SC";"DEL01-SC";"UOP02-DEL01-SC"
749735;2026-02-03;"terça-feira";"07:10:00";"RO";364;13;"VILHENA";"Reação tardia ou ineficiente do condutor";"Colisão traseira";"Sem Vítimas";"Pleno dia";"Decrescente";"Céu Claro";"Dupla";"Reta";"Sim";2;0;0;0;2;0;0;2;-12,74057;-60,13363;"SPRF-RO";"DEL04-RO";"UOP01-DEL04-RO"
749736;2026-02-03;"terça-feira";"08:15:00";"PR";277;83,4;"CURITIBA";"Manobra de mudança de faixa";"Colisão traseira";"Com Vítimas Feridas";"Pleno dia";"Crescente";"Nublado";"Dupla";"Reta";"Sim";2;0;0;1;1;0;1;2;-25,446771;-49,230969;"SPRF-PR";"DEL01-PR";"UOP03-DEL01-PR"
749737;2026-02-03;"terça-feira";"07:20:00";"CE";116;19;"EUSEBIO";"Acumulo de areia ou detritos sobre o pavimento";"Queda de ocupante de veículo";"Com Vítimas Feridas";"Pleno dia";"Crescente";"Céu Claro";"Múltipla";"Retorno Regulamentado";"Sim";2;0;2;0;0;0;2;1;-3,9185993;-38,5071546;"SPRF-CE";"DEL01-CE";"UOP02-DEL01-CE"
749738;2026-02-03;"terça-feira";"07:53:00";"PE";101;50;"ABREU E LIMA";"Manobra de mudança de faixa";"Colisão lateral mesmo sentido";"Com Vítimas Feridas";"Pleno dia";"Crescente";"Céu Claro";"Múltipla";"Reta;Retorno Regulamentado";"Sim";2;0;1;0;0;1;1;2;-7,91471646;-34,89884946;"SPRF-PE";"DEL01-PE";"UOP02-DEL01-PE"
749740;2026-02-03;"terça-feira";"07:55:00";"GO";60;387;"RIO VERDE";"Manobra de mudança de faixa";"Colisão lateral mesmo sentido";"Com Vítimas Feridas";"Pleno dia";"Crescente";"Chuva";"Dupla";"Reta";"Sim";2;0;0;1;1;0;1;2;-17,82057;-50,946487;"SPRF-GO";"DEL04-GO";"UOP02-DEL04-GO"
749741;2026-02-03;"terça-feira";"08:40:00";"SP";116;230;"SAO PAULO";"Ausência de reação do condutor";"Colisão traseira";"Com Vítimas Feridas";"Pleno dia";"Crescente";"Nublado";"Múltipla";"Reta";"Sim";4;0;1;0;3;0;1;3;-23,51661169;-46,5802273;"SPRF-SP";"DEL01-SP";"UOP01-DEL01-SP"
749742;2026-02-03;"terça-feira";"08:00:00";"RJ";116;192;"NOVA IGUACU";"Reação tardia ou ineficiente do condutor";"Tombamento";"Com Vítimas Feridas";"Pleno dia";"Crescente";"Céu Claro";"Dupla";"Reta";"Sim";1;0;1;0;0;0;1;1;-22,7426411;-43,5185651;"SPRF-RJ";"DEL06-RJ";"UOP01-DEL06-RJ"
749743;2026-02-03;"terça-feira";"04:40:00";"RN";427;14;"ACARI";"Animais na Pista";"Atropelamento de Animal";"Com Vítimas Feridas";"Plena Noite";"Decrescente";"Céu Claro";"Simples";"Declive;Reta";"Não";1;0;1;0;0;0;1;1;-6,347212;-36,58915;"SPRF-RN";"DEL03-RN";"UOP02-DEL03-RN"