"id";"data_inversa";"dia_semana";"horario";"uf";"br";"km";"municipio";"causa_acidente";"tipo_acidente";"classificacao_acidente";"fase_dia";"sentido_via";"condicao_metereologica";"tipo_pista";"tracado_via";"uso_solo";"pessoas";"mortos";"feridos_leves";"feridos_graves";"ilesos";"ignorados";"feridos";"veiculos";"latitude";"longitude";"regional";"delegacia";"uop"
750104;2026-02-04;"quarta-feira";"17:50:00";"MT";70;522;"VARZEA GRANDE";"Acessar a via sem observar a presença dos outros veículos";"Colisão transversal";"Com Vítimas Feridas";"Anoitecer";"Crescente";"Nublado";"Simples";"Reta";"Sim";2;0;2;0;0;0;2;2;-15,66838;-56,18164;"SPRF-MT";"DEL01-MT";"UOP02-DEL01-MT"
750105;2026-02-04;"quarta-feira";"21:25:00";"MG";381;153;"GOVERNADOR VALADARES";"Ingestão de álcool pelo condutor";"Saída de leito carroçável";"Com Vítimas Feridas";"Plena Noite";"Crescente";"Céu Claro";"Simples";"Interseção de Vias;Rotatória";"Não";1;0;0;1;0;0;1;1;-18,88913142;-42,00507428;"SPRF-MG";"DEL06-MG";"UOP01-DEL06-MG"
750106;2026-02-04;"quarta-feira";"20:30:00";"SP";116;287;"ITAPECERICA DA SERRA";"Pedestre cruzava a pista fora da faixa";"Atropelamento de Pedestre";"Com Vítimas Feridas";"Plena Noite";"Crescente";"Nublado";"Dupla";"Reta";"Sim";2;0;0;1;0;1;1;2;-23,7014644;-46,8699026;"SPRF-SP";"DEL04-SP";"UOP01-DEL04-SP"
750107;2026-02-04;"quarta-feira";"22:20:00";"DF";60;7,7;"BRASILIA";"Ingestão de álcool pelo condutor";"Saída de leito carroçável";"Sem Vítimas";"Plena Noite";"Crescente";"Chuva";"Dupla";"Reta";"Não";1;0;0;0;1;0;0;1;-15,903;-48,129966;"SPRF-DF";"DEL03-DF";"UOP01-DEL03-DF"
750108;2026-02-04;"quarta-feira";"20:40:00";"AC";364;138;"RIO BRANCO";"Acumulo de areia ou detritos sobre o pavimento";"Tombamento";"Com Vítimas Feridas";"Plena Noite";"Crescente";"Céu Claro";"Dupla";"Reta";"Sim";2;0;2;0;0;0;2;1;-9,953502;-67,862838;"SPRF-AC";"DEL01-AC";"UOP01-DEL01-AC"
750109;2026-02-04;"quarta-feira";"22:50:00";"PR";116;116;"CURITIBA";"Reação tardia ou ineficiente do condutor";"Colisão lateral mesmo sentido";"Com Vítimas Feridas";"Plena Noite";"Crescente";"Nublado";"Dupla";"Reta";"Não";3;0;2;0;1;0;2;2;-25,549292;-49,304777;"SPRF-PR";"DEL01-PR";"UOP03-DEL01-PR"
750110;2026-02-04;"quarta-feira";"20:50:00";"SC";282;160;"BOM RETIRO";"Reação tardia ou ineficiente do condutor";"Saída de leito carroçável";"Com Vítimas Feridas";"Plena Noite";"Decrescente";"Chuva";"Simples";"Reta";"Não";4;0;3;0;1;0;3;1;-27,732353;-49,75843;"SPRF-SC";"DEL05-SC";"UOP01-DEL05-SC"
750112;2026-02-04;"quarta-feira";"23:05:00";"PR";277;598,2;"CASCAVEL";"Reação tardia ou ineficiente do condutor";"Colisão com objeto";"Com Vítimas Feridas";"Plena Noite";"Decrescente";"Céu Claro";"Dupla";"Reta;Interseção de Vias";"Sim";1;0;1;0;0;0;1;1;-24,9876;-53,5065;"SPRF-PR";"DEL04-PR";"UOP01-DEL04-PR"
750113;2026-02-04;"quarta-feira";"19:10:00";"MA";10;219,9;"GOVERNADOR EDISON LOBAO";"Avarias e/ou desgaste excessivo no pneu";"Saída de leito carroçável";"Com Vítimas Fatais";"Plena Noite";"Decrescente";"Céu Claro";"Simples";"Reta";"Não";2;1;0;0;1;0;0;1;-5,79121;-47,3592;"SPRF-MA";"DEL04-MA";"UOP01-DEL04-MA"
750114;2026-02-04;"quarta-feira";"21:40:00";"SC";153;109,9;"CONCORDIA";"Ingestão de álcool pelo condutor";"Colisão frontal";"Com Vítimas Feridas";"Plena Noite";"Crescente";"Céu Claro";"Simples";"Curva";"Não";4;0;0;1;3;0;1;4;-27,31875586;-51,98629808;"SPRF-SC";"DEL07-SC";"UOP04-DEL07-SC"
750116;2026-02-04;"quarta-feira";"23:00:00";"BA";324;530;"FEIRA DE SANTANA";"Acessar a via sem observar a presença dos outros veículos";"Atropelamento de Pedestre";"Com Vítimas Feridas";"Plena Noite";"Decrescente";"Céu Claro";"Dupla";"Curva";"Sim";2;0;0;1;0;1;1;2;-12,34016;-38,847797;"SPRF-BA";"DEL01-BA";"UOP03-DEL01-BA"
750118;2026-02-04;"quarta-feira";"20:50:00";"GO";60;234,8;"INDIARA";"Condutor Dormindo";"Saída de leito carroçável";"Sem Vítimas";"Plena Noite";"Decrescente";"Nublado";"Dupla";"Reta;Aclive";"Não";1;0;0;0;1;0;0;1;-17,083565;-49,838928;"SPRF-GO";"DEL01-GO";"UOP02-DEL01-GO"
750119;2026-02-04;"quarta-feira";"16:35:00";"MS";163;788;"PEDRO GOMES";"Ausência de reação do condutor";"Colisão traseira";"Com Vítimas Feridas";"Pleno dia";"Crescente";"Chuva";"Simples";"Declive";"Não";3;0;1;0;2;0;1;2;-18,019373;-54,682473;"SPRF-MS";"DEL06-MS";"UOP01-DEL06-MS"
750120;2026-02-05;"quinta-feira";"01:00:00";"RJ";101;87;"CAMPOS DOS GOYTACAZES";"Acumulo de água sobre o pavimento";"Saída de leito carroçável";"Com Vítimas Feridas";"Plena Noite";"Decrescente";"Chuva";"Dupla";"Curva";"Não";2;0;2;0;0;0;2;1;-21,83536842;-41,50360107;"SPRF-RJ";"DEL08-RJ";"UOP02-DEL08-RJ"
750121;2026-02-05;"quinta-feira";"00:20:00";"SP";153;53,1;"SAO JOSE DO RIO PRETO";"Avarias e/ou desgaste excessivo no pneu";"Tombamento";"Com Vítimas Feridas";"Plena Noite";"Decrescente";"Céu Claro";"Dupla";"Reta;Retorno Regulamentado";"Não";2;0;2;0;0;0;2;1;-20,72755867;-49,33869839;"SPRF-SP";"DEL09-SP";"UOP01-DEL09-SP"
750124;2026-02-05;"quinta-feira";"00:15:00";"SC";101;114;"ITAJAI";"Ingestão de álcool pelo condutor";"Colisão com objeto";"Com Vítimas Feridas";"Plena Noite";"Decrescente";"Nublado";"Múltipla";"Reta";"Não";1;0;1;0;0;0;1;1;-26,86925715;-48,72968171;"SPRF-SC";"DEL04-SC";"UOP04-DEL04-SC"
750126;2026-02-04;"quarta-feira";"21:20:00";"MT";364;134;"PEDRA PRETA";"Ausência de sinalização";"Saída de leito carroçável";"Com Vítimas Feridas";"Plena Noite";"Crescente";"Céu Claro";"Múltipla";"Curva";"Não";1;0;1;0;0;0;1;1;-16,788088;-54,168528;"SPRF-MT";"DEL02-MT";"UOP01-DEL02-MT"
750131;2026-02-05;"quinta-feira";"03:50:00";"MS";163;123;"NAVIRAI";"Ingestão de álcool pelo condutor";"Colisão traseira";"Com Vítimas Feridas";"Amanhecer";"Crescente";"Céu Claro";"Simples";"Reta";"Não";2;0;2;0;0;0;2;2;-23,085212;-54,226974;"SPRF-MS";"DEL09-MS";"UOP01-DEL09-MS"
750132;2026-01-02;"sexta-feira";"04:33:00";"SE";101;59;"ROSARIO DO CATETE";"Condutor Dormindo";"Colisão com objeto";"Com Vítimas Feridas";"Amanhecer";"Decrescente";"Céu Claro";"Simples";"Ponte";"Não";1;0;0;1;0;0;1;1;-10,69771937;-37,04658508;"SPRF-SE";"DEL02-SE";"UOP02-DEL02-SE"
750133;2026-02-05;"quinta-feira";"03:00:00";"MT";163;804;"SINOP";"Ingestão de álcool pelo condutor";"Saída de leito carroçável";"Sem Vítimas";"Plena Noite";"Decrescente";"Céu Claro";"Simples";"Reta";"Não";1;0;0;0;1;0;0;1;-12,136763;-55,5148966;"SPRF-MT";"DEL06-MT";"UOP02-DEL06-MT"
750134;2026-02-05;"quinta-feira";"05:31:00";"PE";232;120;"CARUARU";"Ausência de reação do condutor";"Saída de leito carroçável";"Com Vítimas Feridas";"Plena Noite";"Crescente";"Céu Claro";"Dupla";"Declive";"Sim";2;0;2;0;0;0;2;1;-8,29843;-35,902963;"SPRF-PE";"DEL02-PE";"UOP03-DEL02-PE"
750137;2026-02-05;"quinta-feira";"06:10:00";"MG";146;474,4;"BANDEIRA DO SUL";"Acessar a via sem observar a presença dos outros veículos";"Colisão transversal";"Com Vítimas Feridas";"Pleno dia";"Crescente";"Céu Claro";"Simples";"Interseção de Vias";"Não";4;0;1;0;2;1;1;3;-21,745295;-46,404047;"SPRF-MG";"DEL09-MG";"UOP01-DEL09-MG"
750138;2026-02-04;"quarta-feira";"16:30:00";"RJ";465;6;"SEROPEDICA";"Reação tardia ou ineficiente do condutor";"Colisão traseira";"Com Vítimas Feridas";"Pleno dia";"Decrescente";"Chuva";"Simples";"Retorno Regulamentado";"Sim";2;0;1;0;1;0;1;2;-22,7837293;-43,67962647;"SPRF-RJ";"DEL06-RJ";"UOP02-DEL06-RJ"
750139;2026-02-04;"quarta-feira";"12:30:00";"AL";101;208;"SAO SEBASTIAO";"Ausência de reação do condutor";"Saída de leito carroçável";"Com Vítimas Feridas";"Pleno dia";"Crescente";"Céu Claro";"Dupla";"Reta";"Não";1;0;0;1;0;0;1;1;-9,98968381;-36,58677801;"SPRF-AL";"DEL02-AL";"UOP02-DEL02-AL"
750140;2026-02-05;"quinta-feira";"06:00:00";"RJ";101;223;"SILVA JARDIM";"Condutor Dormindo";"Saída de leito carroçável";"Com Vítimas Fatais";"Amanhecer";"Crescente";"Céu Claro";"Dupla";"Curva";"Não";5;1;4;0;0;0;4;2;-22,523511;-42,342906;"SPRF-RJ";"DEL02-RJ";"UOP03-DEL02-RJ"
750141;2026-02-05;"quinta-feira";"06:10:00";"PR";369;426;"UBIRATA";"Afundamento ou ondulação no pavimento";"Queda de ocupante de veículo";"Com Vítimas Feridas";"Amanhecer";"Crescente";"Céu Claro";"Simples";"Curva";"Não";1;0;1;0;0;0;1;1;-24,5304333;-52,9475183;"SPRF-PR";"DEL04-PR";"UOP03-DEL04-PR"
750142;2026-02-04;"quarta-feira";"18:30:00";"MT";70;676;"CACERES";"Acumulo de água sobre o pavimento";"Saída de leito carroçável";"Sem Vítimas";"Pleno dia";"Crescente";"Chuva";"Simples";"Curva";"Não";4;0;0;0;4;0;0;1;-16,16457765;-57,35290423;"SPRF-MT";"DEL03-MT";"UOP02-DEL03-MT"
750144;2026-02-04;"quarta-feira";"09:10:00";"PE";232;445;"SAO JOSE DO BELMONTE";"Acessar a via sem observar a presença dos outros veículos";"Colisão transversal";"Com Vítimas Feridas";"Pleno dia";"Crescente";"Céu Claro";"Simples";"Reta;Declive";"Não";2;0;2;0;0;0;2;2;-8,005072;-38,60918;"SPRF-PE";"DEL04-PE";"UOP01-DEL04-PE"
750145;2026-02-05;"quinta-feira";"06:59:00";"RN";226;2;"NATAL";"Acessar a via sem observar a presença dos outros veículos";"Colisão frontal";"Com Vítimas Feridas";"Pleno dia";"Decrescente";"Céu Claro";"Simples";"Reta";"Sim";2;0;0;1;1;0;1;2;-5,8178191;-35,250132;"SPRF-RN";"DEL01-RN";"UOP02-DEL01-RN"
750147;2026-02-04;"quarta-feira";"23:15:00";"PR";153;491;"GENERAL CARNEIRO";"Acessar a via sem observar a presença dos outros veículos";"Colisão transversal";"Com Vítimas Feridas";"Plena Noite";"Decrescente";"Céu Claro";"Simples";"Interseção de Vias";"Sim";3;0;1;0;1;1;1;2;-26,43018686;-51,31206259;"SPRF-PR";"DEL02-PR";"UOP03-DEL02-PR"
750149;2026-02-05;"quinta-feira";"06:50:00";"SC";101;333,7;"TUBARAO";"Desrespeitar a preferência no cruzamento";"Colisão transversal";"Com Vítimas Feridas";"Pleno dia";"Decrescente";"Céu Claro";"Múltipla";"Interseção de Vias";"Sim";2;0;1;0;1;0;1;2;-28,46984016;-49,014939;"SPRF-SC";"DEL02-SC";"UOP01-DEL02-SC"
750150;2026-02-04;"quarta-feira";"13:10:00";"AC";364;118;"RIO BRANCO";"Acessar a via sem observar a presença dos outros veículos";"Colisão frontal";"Com Vítimas Feridas";"Pleno dia";"Crescente";"Céu Claro";"Simples";"Reta";"Não";2;0;1;1;0;0;2;2;-10,0123835;-67,74712699;"SPRF-AC";"DEL01-AC";"UOP01-DEL01-AC"
750152;2026-02-05;"quinta-feira";"05:40:00";"BA";101;99;"ALAGOINHAS";"Acessar a via sem observar a presença dos outros veículos";"Colisão transversal";"Com Vítimas Feridas";"Pleno dia";"Crescente";"Céu Claro";"Simples";"Reta";"Não";4;0;1;0;3;0;1;2;-12,08634994;-38,35364735;"SPRF-BA";"DEL01-BA";"UOP04-DEL01-BA"
750156;2026-02-05;"quinta-feira";"07:35:00";"PR";277;25,2;"MORRETES";"Velocidade Incompatível";"Saída de leito carroçável";"Com Vítimas Feridas";"Pleno dia";"Decrescente";"Sol";"Dupla";"Aclive;Retorno Regulamentado";"Não";1;0;1;0;0;0;1;1;-25,53332912;-48,75624983;"SPRF-PR";"DEL01-PR";"UOP05-DEL01-PR"
750158;2026-02-05;"quinta-feira";"06:00:00";"PR";487;26,7;"ICARAIMA";"Reação tardia ou ineficiente do condutor";"Colisão com objeto";"Sem Vítimas";"Amanhecer";"Crescente";"Céu Claro";"Simples";"Reta;Declive";"Não";1;0;0;0;0;1;0;1;-23,412092;-53,613311;"SPRF-PR";"DEL06-PR";"UOP03-DEL06-PR"
750159;2026-02-05;"quinta-feira";"06:30:00";"RN";226;97,9;"SANTA CRUZ";"Velocidade Incompatível";"Saída de leito carroçável";"Com Vítimas Feridas";"Pleno dia";"Decrescente";"Céu Claro";"Simples";"Curva";"Não";2;0;2;0;0;0;2;1;-6,24869528;-35,9370549;"SPRF-RN";"DEL03-RN";"UOP02-DEL03-RN"
750161;2026-01-05;"segunda-feira";"03:37:00";"GO";153;589;"PIRACANJUBA";"Animais na Pista";"Atropelamento de Animal";"Com Vítimas Feridas";"Plena Noite";"Crescente";"Nublado";"Dupla";"Reta";"Não";1;0;0;1;0;0;1;1;-17,455747;-49,224635;"SPRF-GO";"DEL03-GO";"UOP01-DEL03-GO"
750163;2026-02-05;"quinta-feira";"08:10:00";"PR";376;605;"CURITIBA";"Ausência de reação do condutor";"Tombamento";"Com Vítimas Feridas";"Pleno dia";"Crescente";"Céu Claro";"Dupla";"Reta";"Sim";1;0;1;0;0;0;1;1;-25,45691491;-49,36088562;"SPRF-PR";"DEL01-PR";"UOP03-DEL01-PR"
750165;2026-02-05;"quinta-feira";"08:50:00";"ES";101;331;"GUARAPARI";"Manobra de mudança de faixa";"Tombamento";"Com Vítimas Feridas";"Pleno dia";"Crescente";"Céu Claro";"Múltipla";"Curva";"Não";2;0;0;1;1;0;1;1;-20,60604;-40,50576;"SPRF-ES";"DEL03-ES";"UOP01-DEL03-ES"
750167;2026-02-05;"quinta-feira";"07:35:00";"PR";277;5;"FOZ DO IGUACU";"Retorno proibido";"Colisão lateral mesmo sentido";"Com Vítimas Feridas";"Pleno dia";"Crescente";"Céu Claro";"Simples";"Reta";"Sim";2;0;1;0;1;0;1;2;-25,534031;-54,528401;"SPRF-PR";"DEL05-PR";"UOP04-DEL05-PR"
750171;2026-02-05;"quinta-feira";"07:30:00";"MT";364;564;"NOBRES";"Ausência de reação do condutor";"Queda de ocupante de veículo";"Com Vítimas Feridas";"Pleno dia";"Crescente";"Céu Claro";"Dupla";"Curva";"Não";1;0;1;0;0;0;1;1;-14,70513;-56,32162;"SPRF-MT";"DEL01-MT";"UOP01-DEL01-MT"
750172;2026-02-05;"quinta-feira";"07:26:00";"RS";386;79,3;"BOA VISTA DAS MISSOES";"Reação tardia ou ineficiente do condutor";"Saída de leito carroçável";"Com Vítimas Feridas";"Pleno dia";"Crescente";"Céu Claro";"Simples";"Curva";"Não";1;0;1;0;0;0;1;1;-27,6955535;-53,29930656;"SPRF-RS";"DEL08-RS";"UOP02-DEL08-RS"
750174;2026-02-05;"quinta-feira";"09:50:00";"MG";381;533;"ITATIAIUCU";"Velocidade Incompatível";"Capotamento";"Com Vítimas Feridas";"Pleno dia";"Crescente";"Chuva";"Dupla";"Reta";"Não";2;0;2;0;0;0;2;1;-20,170991;-44,373311;"SPRF-MG";"DEL04-MG";"UOP03-DEL04-MG"
750176;2026-02-05;"quinta-feira";"06:20:00";"PI";343;305,5;"ALTOS";"Ausência de reação do condutor";"Saída de leito carroçável";"Com Vítimas Feridas";"Amanhecer";"Crescente";"Céu Claro";"Simples";"Reta";"Sim";5;0;2;1;2;0;3;1;-5,037273;-42,44726;"SPRF-PI";"DEL01-PI";"UOP01-DEL01-PI"
750178;2026-02-05;"quinta-feira";"10:17:00";"PE";101;77,5;"RECIFE";"Acessar a via sem observar a presença dos outros veículos";"Colisão transversal";"Com Vítimas Feridas";"Pleno dia";"Crescente";"Céu Claro";"Dupla";"Reta;Retorno Regulamentado;Interseção de Vias";"Sim";3;0;1;0;2;0;1;2;-8,13125;-34,94548;"SPRF-PE";"DEL01-PE";"UOP01-DEL01-PE"
750179;2026-02-05;"quinta-feira";"09:15:00";"MG";116;562,1;"MANHUACU";"Ausência de reação do condutor";"Colisão traseira";"Sem Vítimas";"Pleno dia";"Decrescente";"Céu Claro";"Simples";"Reta";"Sim";2;0;0;0;2;0;0;2;-20,04585944;-42,17923165;"SPRF-MG";"DEL06-MG";"UOP03-DEL06-MG"
750180;2026-02-05;"quinta-feira";"05:00:00";"RJ";101;305;"SAO GONCALO";"Animais na Pista";"Atropelamento de Animal";"Com Vítimas Fatais";"Amanhecer";"Decrescente";"Nublado";"Dupla";"Reta";"Sim";1;1;0;0;0;0;0;1;-22,78456273;-42,98483418;"SPRF-RJ";"DEL02-RJ";"UOP02-DEL02-RJ"
750181;2026-02-05;"quinta-feira";"10:20:00";"PE";101;69;"RECIFE";"Condutor deixou de manter distância do veículo da frente";"Colisão traseira";"Com Vítimas Feridas";"Pleno dia";"Crescente";"Céu Claro";"Dupla";"Reta";"Sim";2;0;1;0;1;0;1;2;-8,0643392;-34,94400144;"SPRF-PE";"DEL01-PE";"UOP01-DEL01-PE"
750184;2026-02-05;"quinta-feira";"09:40:00";"PR";153;329;"IRATI";"Reação tardia ou ineficiente do condutor";"Colisão com objeto";"Sem Vítimas";"Pleno dia";"Decrescente";"Céu Claro";"Simples";"Reta";"Sim";1;0;0;0;1;0;0;1;-25,457377;-50,620432;"SPRF-PR";"DEL08-PR";"UOP02-DEL08-PR"
750185;2026-02-05;"quinta-feira";"10:58:00";"PE";101;37;"ITAPISSUMA";"Acesso irregular";"Colisão lateral mesmo sentido";"Com Vítimas Feridas";"Pleno dia";"Crescente";"Céu Claro";"Dupla";"Reta";"Não";3;0;2;0;1;0;2;2;-7,7980519;-34,9270535;"SPRF-PE";"DEL01-PE";"UOP02-DEL01-PE"
750186;2026-02-05;"quinta-feira";"08:40:00";"ES";262;0,5;"CARIACICA";"Objeto estático sobre o leito carroçável";"Colisão com objeto";"Com Vítimas Feridas";"Pleno dia";"Decrescente";"Nublado";"Dupla";"Reta";"Sim";1;0;1;0;0;0;1;1;-20,32724306;-40,35518646;"SPRF-ES";"DEL01-ES";"UOP01-DEL01-ES"
750190;2026-02-05;"quinta-feira";"11:00:00";"DF";70;10,8;"BRASILIA";"Acessar a via sem observar a presença dos outros veículos";"Colisão transversal";"Com Vítimas Feridas";"Pleno dia";"Decrescente";"Céu Claro";"Múltipla";"Reta;Retorno Regulamentado";"Não";3;0;2;0;1;0;2;2;-15,79496;-48,1991906;"SPRF-DF";"DEL03-DF";"UOP02-DEL03-DF"
750191;2026-02-05;"quinta-feira";"11:15:00";"SC";470;67,5;"INDAIAL";"Desrespeitar a preferência no cruzamento";"Colisão transversal";"Com Vítimas Feridas";"Pleno dia";"Decrescente";"Céu Claro";"Simples";"Interseção de Vias";"Não";2;0;1;0;1;0;1;2;-26,875299;-49,23603093;"SPRF-SC";"DEL04-SC";"UOP01-DEL04-SC"
750192;2026-02-05;"quinta-feira";"10:20:00";"PR";376;598,9;"CURITIBA";"Condutor deixou de manter distância do veículo da frente";"Colisão traseira";"Com Vítimas Feridas";"Pleno dia";"Decrescente";"Sol";"Dupla";"Reta";"Sim";2;0;1;0;1;0;1;2;-25,492672;-49,343914;"SPRF-PR";"DEL01-PR";"UOP03-DEL01-PR"
750195;2026-02-05;"quinta-feira";"11:50:00";"SP";116;218;"GUARULHOS";"Ausência de reação do condutor";"Queda de ocupante de veículo";"Com Vítimas Feridas";"Pleno dia";"Crescente";"Céu Claro";"Múltipla";"Reta";"Sim";2;0;2;0;0;0;2;1;-23,458325;-46,481715;"SPRF-SP";"DEL01-SP";"UOP01-DEL01-SP"
750197;2026-02-05;"quinta-feira";"12:00:00";"RS";116;245;"SAO LEOPOLDO";"Ausência de reação do condutor";"Colisão transversal";"Sem Vítimas";"Pleno dia";"Decrescente";"Céu Claro";"Dupla";"Interseção de Vias";"Sim";2;0;0;0;2;0;0;2;-29,75410453;-51,15127087;"SPRF-RS";"DEL01-RS";"UOP02-DEL01-RS"
750198;2026-02-05;"quinta-feira";"12:00:00";"RJ";116;175;"SAO JOAO DE MERITI";"Acessar a via sem observar a presença dos outros veículos";"Colisão traseira";"Com Vítimas Feridas";"Pleno dia";"Crescente";"Céu Claro";"Dupla";"Reta";"Não";3;0;1;0;2;0;1;2;-22,78314547;-43,38500977;"SPRF-RJ";"DEL06-RJ";"UOP01-DEL06-RJ"
750199;2026-02-05;"quinta-feira";"10:30:00";"MG";116;421,8;"ALPERCATA";"Condutor deixou de manter distância do veículo da frente";"Colisão traseira";"Com Vítimas Feridas";"Pleno dia";"Crescente";"Nublado";"Simples";"Reta";"Não";2;0;0;1;1;0;1;2;-18,94590745;-41,9506073;"SPRF-MG";"DEL06-MG";"UOP01-DEL06-MG"
750201;2026-02-05;"quinta-feira";"11:05:00";"PR";376;275;"MARILANDIA DO SUL";"Reação tardia ou ineficiente do condutor";"Saída de leito carroçável";"Com Vítimas Feridas";"Pleno dia";"Crescente";"Sol";"Dupla";"Reta";"Não";1;0;0;1;0;0;1;1;-23,797019;-51,262486;"SPRF-PR";"DEL07-PR";"UOP02-DEL07-PR"
750205;2026-02-05;"quinta-feira";"12:55:00";"SP";488;4,5;"APARECIDA";"Ausência de reação do condutor";"Colisão traseira";"Com Vítimas Feridas";"Pleno dia";"Crescente";"Garoa/Chuvisco";"Dupla";"Reta";"Sim";2;0;1;0;1;0;1;2;-22,857779;-45,247063;"SPRF-SP";"DEL08-SP";"UOP01-DEL08-SP"
750206;2026-02-05;"quinta-feira";"13:10:00";"ES";101;159,9;"LINHARES";"Acessar a via sem observar a presença dos outros veículos";"Colisão transversal";"Com Vítimas Feridas";"Pleno dia";"Decrescente";"Céu Claro";"Simples";"Reta";"Sim";3;0;1;0;2;0;1;2;-19,476687;-40,113988;"SPRF-ES";"DEL04-ES";"UOP01-DEL04-ES"
750207;2026-02-05;"quinta-feira";"10:25:00";"PE";101;51;"PAULISTA";"Acesso irregular";"Colisão lateral mesmo sentido";"Com Vítimas Feridas";"Pleno dia";"Decrescente";"Céu Claro";"Dupla";"Reta;Interseção de Vias";"Não";3;0;1;0;2;0;1;2;-7,9208853;-34,893867;"SPRF-PE";"DEL01-PE";"UOP02-DEL01-PE"
750208;2026-02-05;"quinta-feira";"12:50:00";"SC";282;4,7;"SAO JOSE";"Condutor deixou de manter distância do veículo da frente";"Colisão traseira";"Com Vítimas Feridas";"Pleno dia";"Crescente";"Céu Claro";"Múltipla";"Reta;Declive";"Sim";3;0;1;0;2;0;1;3;-27,59286742;-48,60349115;"SPRF-SC";"DEL01-SC";"UOP01-DEL01-SC"
750209;2026-02-05;"quinta-feira";"13:00:00";"MG";40;124;"PARACATU";"Acumulo de água sobre o pavimento";"Saída de leito carroçável";"Com Vítimas Feridas";"Pleno dia";"Crescente";"Garoa/Chuvisco";"Simples";"Reta;Declive";"Não";1;0;1;0;0;0;1;1;-17,41502079;-46,71603268;"SPRF-MG";"DEL14-MG";"UOP01-DEL14-MG"
750212;2026-01-01;"quinta-feira";"18:00:00";"RJ";101;454,6;"MANGARATIBA";"Condutor deixou de manter distância do veículo da frente";"Colisão traseira";"Com Vítimas Feridas";"Pleno dia";"Crescente";"Nublado";"Simples";"Reta";"Sim";3;0;1;0;2;0;1;2;-23,0334717;-44,1551389;"SPRF-RJ";"DEL03-RJ";"UOP02-DEL03-RJ"
750213;2026-02-05;"quinta-feira";"10:30:00";"MA";226;193;"PRESIDENTE DUTRA";"Acessar a via sem observar a presença dos outros veículos";"Colisão transversal";"Com Vítimas Fatais";"Pleno dia";"Crescente";"Céu Claro";"Simples";"Reta";"Não";3;1;0;0;1;1;0;3;-5,30224544;-44,4115448;"SPRF-MA";"DEL06-MA";"UOP01-DEL06-MA"
750214;2026-02-05;"quinta-feira";"12:21:00";"PR";272;366;"CAMPO MOURAO";"Acessar a via sem observar a presença dos outros veículos";"Colisão transversal";"Com Vítimas Feridas";"Pleno dia";"Decrescente";"Céu Claro";"Dupla";"Reta";"Não";3;0;0;2;1;0;2;2;-24,04857693;-52,3971769;"SPRF-PR";"DEL09-PR";"UOP03-DEL09-PR"
750215;2026-02-05;"quinta-feira";"12:15:00";"PB";230;22,2;"JOAO PESSOA";"Avarias e/ou desgaste excessivo no pneu";"Tombamento";"Com Vítimas Feridas";"Pleno dia";"Crescente";"Céu Claro";"Dupla";"Reta";"Sim";1;0;1;0;0;0;1;1;-7,15318;-34,85491;"SPRF-PB";"DEL01-PB";"UOP01-DEL01-PB"
750217;2026-02-05;"quinta-feira";"13:20:00";"RO";319;143;"PORTO VELHO";"Ausência de reação do condutor";"Queda de ocupante de veículo";"Com Vítimas Feridas";"Pleno dia";"Crescente";"Chuva";"Dupla";"Reta";"Não";2;0;2;0;0;0;2;2;-8,76297017;-63,88527274;"SPRF-RO";"DEL01-RO";"UOP01-DEL01-RO"
750219;2026-02-02;"segunda-feira";"07:20:00";"SC";101;46,7;"JOINVILLE";"Ausência de reação do condutor";"Colisão traseira";"Com Vítimas Feridas";"Amanhecer";"Decrescente";"Céu Claro";"Simples";"Reta";"Sim";2;0;1;0;1;0;1;2;-26,36451896;-48,85843126;"SPRF-SC";"DEL03-SC";"UOP01-DEL03-SC"
750222;2026-02-05;"quinta-feira";"14:25:00";"SP";116;221;"GUARULHOS";"Ausência de reação do condutor";"Queda de ocupante de veículo";"Sem Vítimas";"Pleno dia";"Decrescente";"Nublado";"Múltipla";"Reta";"Sim";2;0;0;0;0;2;0;1;-23,47559815;-46,5246609;"SPRF-SP";"DEL01-SP";"UOP01-DEL01-SP"
750224;2026-02-05;"quinta-feira";"12:00:00";"SC";101;91;"BARRA VELHA";"Transitar na contramão";"Colisão transversal";"Com Vítimas Feridas";"Pleno dia";"Decrescente";"Sol";"Simples";"Interseção de Vias";"Sim";2;0;1;0;1;0;1;2;-26,680771;-48,692903;"SPRF-SC";"DEL03-SC";"UOP02-DEL03-SC"
750226;2026-02-05;"quinta-feira";"15:00:00";"SC";101;145;"ITAPEMA";"Trafegar com motocicleta (ou similar) entre as faixas";"Colisão lateral mesmo sentido";"Com Vítimas Feridas";"Pleno dia";"Decrescente";"Sol";"Dupla";"Reta";"Sim";2;0;2;0;0;0;2;2;-27,085782;-48,607;"SPRF-SC";"DEL04-SC";"UOP03-DEL04-SC"
750227;2026-01-16;"sexta-feira";"19:35:00";"SC";282;3,5;"FLORIANOPOLIS";"Manobra de mudança de faixa";"Colisão lateral mesmo sentido";"Com Vítimas Feridas";"Plena Noite";"Crescente";"Céu Claro";"Dupla";"Curva";"Não";2;0;1;0;1;0;1;2;-27,595322;-48,601271;"SPRF-SC";"DEL01-SC";"UOP01-DEL01-SC"