"id";"data_inversa";"dia_semana";"horario";"uf";"br";"km";"municipio";"causa_acidente";"tipo_acidente";"classificacao_acidente";"fase_dia";"sentido_via";"condicao_metereologica";"tipo_pista";"tracado_via";"uso_solo";"pessoas";"mortos";"feridos_leves";"feridos_graves";"ilesos";"ignorados";"feridos";"veiculos";"latitude";"longitude";"regional";"delegacia";"uop"
750228;2026-02-05;"quinta-feira";"15:15:00";"PR";116;122;"CURITIBA";"Ausência de reação do condutor";"Colisão traseira";"Com Vítimas Feridas";"Pleno dia";"Decrescente";"Céu Claro";"Dupla";"Reta";"Sim";2;0;0;1;1;0;1;2;-25,60456933;-49,31824772;"SPRF-PR";"DEL01-PR";"UOP03-DEL01-PR"
750229;2026-02-05;"quinta-feira";"06:50:00";"SP";116;461;"PARIQUERA-ACU";"Chuva";"Queda de ocupante de veículo";"Com Vítimas Feridas";"Pleno dia";"Decrescente";"Chuva";"Simples";"Declive;Curva";"Não";1;0;1;0;0;0;1;1;-24,62097925;-47,89277825;"SPRF-SP";"DEL05-SP";"UOP01-DEL05-SP"
750230;2026-02-05;"quinta-feira";"11:45:00";"SP";381;86,3;"SAO PAULO";"Ausência de reação do condutor";"Queda de ocupante de veículo";"Com Vítimas Feridas";"Pleno dia";"Decrescente";"Céu Claro";"Dupla";"Reta";"Sim";1;0;0;1;0;0;1;1;-23,46605119;-46,57026172;"SPRF-SP";"DEL03-SP";"UOP01-DEL03-SP"
750231;2026-02-05;"quinta-feira";"14:45:00";"PR";116;18;"CURITIBA";"Condutor deixou de manter distância do veículo da frente";"Colisão traseira";"Com Vítimas Feridas";"Pleno dia";"Crescente";"Céu Claro";"Dupla";"Aclive";"Sim";2;0;1;0;1;0;1;2;-25,38901255;-49,19971554;"SPRF-PR";"DEL01-PR";"UOP02-DEL01-PR"
750232;2026-02-05;"quinta-feira";"12:50:00";"MT";174;4;"PONTES E LACERDA";"Reação tardia ou ineficiente do condutor";"Colisão traseira";"Com Vítimas Feridas";"Pleno dia";"Crescente";"Garoa/Chuvisco";"Simples";"Reta";"Sim";2;0;1;0;1;0;1;2;-15,23827033;-59,3387568;"SPRF-MT";"DEL04-MT";"UOP01-DEL04-MT"
750234;2026-01-27;"terça-feira";"22:00:00";"RJ";356;173;"SAO JOAO DA BARRA";"Ingestão de substâncias psicoativas pelo condutor";"Colisão traseira";"Com Vítimas Fatais";"Plena Noite";"Decrescente";"Céu Claro";"Simples";"Reta";"Não";3;2;1;0;0;0;1;2;-21,71840072;-41,06994152;"SPRF-RJ";"DEL08-RJ";"UOP02-DEL08-RJ"
750236;2026-02-05;"quinta-feira";"16:09:00";"PE";101;43,6;"IGARASSU";"Animais na Pista";"Tombamento";"Com Vítimas Feridas";"Pleno dia";"Decrescente";"Céu Claro";"Múltipla";"Reta";"Sim";1;0;1;0;0;0;1;1;-7,854038;-34,908973;"SPRF-PE";"DEL01-PE";"UOP02-DEL01-PE"
750238;2026-02-05;"quinta-feira";"15:20:00";"SC";282;3,7;"FLORIANOPOLIS";"Condutor deixou de manter distância do veículo da frente";"Colisão traseira";"Com Vítimas Feridas";"Pleno dia";"Crescente";"Céu Claro";"Dupla";"Reta";"Sim";3;0;1;0;2;0;1;2;-27,59273994;-48,60385895;"SPRF-SC";"DEL01-SC";"UOP01-DEL01-SC"
750239;2026-02-05;"quinta-feira";"13:10:00";"MG";116;689,9;"MURIAE";"Condutor Dormindo";"Colisão com objeto";"Com Vítimas Feridas";"Pleno dia";"Decrescente";"Nublado";"Simples";"Reta;Declive";"Não";1;0;1;0;0;0;1;1;-21,020853;-42,361619;"SPRF-MG";"DEL07-MG";"UOP02-DEL07-MG"
750240;2026-02-05;"quinta-feira";"14:00:00";"CE";222;308;"TIANGUA";"Chuva";"Tombamento";"Sem Vítimas";"Pleno dia";"Decrescente";"Chuva";"Dupla";"Reta";"Sim";1;0;0;0;1;0;0;1;-3,70404769;-40,97617149;"SPRF-CE";"DEL04-CE";"UOP02-DEL04-CE"
750241;2026-02-05;"quinta-feira";"13:00:00";"PR";373;254;"GUAMIRANGA";"Ingestão de álcool pelo condutor";"Saída de leito carroçável";"Com Vítimas Feridas";"Pleno dia";"Decrescente";"Céu Claro";"Simples";"Aclive;Curva";"Não";1;0;0;1;0;0;1;1;-25,187608;-50,89549395;"SPRF-PR";"DEL03-PR";"UOP01-DEL03-PR"
750242;2026-02-05;"quinta-feira";"15:42:00";"BA";101;708;"EUNAPOLIS";"Ausência de reação do condutor";"Saída de leito carroçável";"Sem Vítimas";"Pleno dia";"Decrescente";"Céu Claro";"Simples";"Reta";"Não";1;0;0;0;1;0;0;1;-16,28570481;-39,58374023;"SPRF-BA";"DEL09-BA";"UOP01-DEL09-BA"
750243;2026-02-05;"quinta-feira";"15:00:00";"RO";364;702;"PORTO VELHO";"Avarias e/ou desgaste excessivo no pneu";"Queda de ocupante de veículo";"Com Vítimas Feridas";"Pleno dia";"Crescente";"Nublado";"Dupla";"Reta";"Não";2;0;2;0;0;0;2;1;-8,80035558;-63,79007276;"SPRF-RO";"DEL01-RO";"UOP01-DEL01-RO"
750246;2026-02-05;"quinta-feira";"15:37:00";"SC";163;71,2;"SAO MIGUEL DO OESTE";"Desrespeitar a preferência no cruzamento";"Colisão transversal";"Com Vítimas Feridas";"Pleno dia";"Decrescente";"Céu Claro";"Dupla";"Reta;Interseção de Vias;Retorno Regulamentado";"Sim";2;0;1;0;1;0;1;2;-26,7266105;-53,5128768;"SPRF-SC";"DEL07-SC";"UOP03-DEL07-SC"
750247;2026-02-05;"quinta-feira";"16:15:00";"PR";163;280;"MARECHAL CANDIDO RONDON";"Acumulo de areia ou detritos sobre o pavimento";"Queda de ocupante de veículo";"Com Vítimas Feridas";"Pleno dia";"Decrescente";"Sol";"Simples";"Rotatória";"Não";1;0;1;0;0;0;1;1;-24,50580096;-54,12924707;"SPRF-PR";"DEL06-PR";"UOP02-DEL06-PR"
750251;2026-02-05;"quinta-feira";"16:30:00";"RJ";101;428;"ANGRA DOS REIS";"Ausência de reação do condutor";"Saída de leito carroçável";"Com Vítimas Feridas";"Pleno dia";"Decrescente";"Chuva";"Simples";"Curva";"Não";1;0;0;1;0;0;1;1;-23,02192003;-44,53617096;"SPRF-RJ";"DEL03-RJ";"UOP02-DEL03-RJ"
750254;2026-02-05;"quinta-feira";"14:50:00";"BA";324;586;"CANDEIAS";"Condutor Dormindo";"Queda de ocupante de veículo";"Com Vítimas Feridas";"Pleno dia";"Decrescente";"Céu Claro";"Dupla";"Reta";"Não";2;0;2;0;0;0;2;1;-12,65571553;-38,47241588;"SPRF-BA";"DEL01-BA";"UOP01-DEL01-BA"
750256;2026-02-05;"quinta-feira";"17:40:00";"MG";40;825,5;"SIMAO PEREIRA";"Pista Escorregadia";"Tombamento";"Com Vítimas Feridas";"Pleno dia";"Decrescente";"Nublado";"Dupla";"Curva;Retorno Regulamentado;Aclive";"Não";1;0;1;0;0;0;1;1;-21,98566881;-43,28139989;"SPRF-MG";"DEL05-MG";"UOP01-DEL05-MG"
750258;2026-02-05;"quinta-feira";"18:10:00";"ES";101;146;"LINHARES";"Ausência de reação do condutor";"Colisão traseira";"Com Vítimas Feridas";"Anoitecer";"Crescente";"Céu Claro";"Múltipla";"Reta";"Não";2;0;1;0;1;0;1;2;-19,374903;-40,066429;"SPRF-ES";"DEL04-ES";"UOP01-DEL04-ES"
750260;2026-02-05;"quinta-feira";"17:20:00";"RS";471;150,5;"SANTA CRUZ DO SUL";"Desrespeitar a preferência no cruzamento";"Colisão transversal";"Com Vítimas Feridas";"Pleno dia";"Decrescente";"Sol";"Simples";"Interseção de Vias";"Não";2;0;1;0;1;0;1;2;-29,77904917;-52,4157056;"SPRF-RS";"DEL02-RS";"UOP03-DEL02-RS"
750261;2026-02-05;"quinta-feira";"17:30:00";"SP";116;55,6;"LORENA";"Ausência de reação do condutor";"Colisão traseira";"Com Vítimas Feridas";"Pleno dia";"Crescente";"Nublado";"Dupla";"Reta";"Não";2;0;1;0;1;0;1;2;-22,7664943;-45,1270896;"SPRF-SP";"DEL08-SP";"UOP02-DEL08-SP"
750262;2026-02-05;"quinta-feira";"15:35:00";"SC";153;104,6;"CONCORDIA";"Mal súbito do condutor";"Saída de leito carroçável";"Com Vítimas Fatais";"Pleno dia";"Crescente";"Céu Claro";"Simples";"Curva";"Não";1;1;0;0;0;0;0;1;-27,28599;-51,9689;"SPRF-SC";"DEL07-SC";"UOP04-DEL07-SC"
750263;2026-02-05;"quinta-feira";"18:05:00";"PB";230;16,3;"JOAO PESSOA";"Manobra de mudança de faixa";"Colisão traseira";"Com Vítimas Feridas";"Plena Noite";"Crescente";"Garoa/Chuvisco";"Dupla";"Reta";"Sim";2;0;1;0;0;1;1;2;-7,10498558;-34,84489828;"SPRF-PB";"DEL01-PB";"UOP01-DEL01-PB"
750264;2026-02-05;"quinta-feira";"16:15:00";"MG";365;357,9;"VARJAO DE MINAS";"Reação tardia ou ineficiente do condutor";"Saída de leito carroçável";"Com Vítimas Feridas";"Pleno dia";"Decrescente";"Chuva";"Simples";"Reta";"Não";3;0;2;0;1;0;2;1;-18,49086;-46,10024;"SPRF-MG";"DEL10-MG";"UOP01-DEL10-MG"
750269;2026-02-05;"quinta-feira";"18:00:00";"DF";60;0,5;"BRASILIA";"Manobra de mudança de faixa";"Colisão lateral mesmo sentido";"Com Vítimas Feridas";"Pleno dia";"Crescente";"Chuva";"Dupla";"Reta";"Sim";4;0;1;0;3;0;1;3;-15,882868;-48,06291;"SPRF-DF";"DEL03-DF";"UOP01-DEL03-DF"
750271;2026-02-05;"quinta-feira";"18:30:00";"PI";343;344;"TERESINA";"Ausência de reação do condutor";"Colisão transversal";"Com Vítimas Feridas";"Plena Noite";"Crescente";"Céu Claro";"Simples";"Reta";"Sim";3;0;2;0;0;1;2;2;-5,09481505;-42,76263523;"SPRF-PI";"DEL01-PI";"UOP01-DEL01-PI"
750272;2026-02-05;"quinta-feira";"19:00:00";"PB";230;16,3;"JOAO PESSOA";"Reação tardia ou ineficiente do condutor";"Engavetamento";"Sem Vítimas";"Plena Noite";"Crescente";"Garoa/Chuvisco";"Dupla";"Reta;Declive";"Sim";4;0;0;0;4;0;0;4;-7,10498558;-34,84489828;"SPRF-PB";"DEL01-PB";"UOP01-DEL01-PB"
750274;2026-02-05;"quinta-feira";"18:11:00";"SC";470;26,3;"ILHOTA";"Ultrapassagem Indevida";"Colisão lateral mesmo sentido";"Com Vítimas Feridas";"Anoitecer";"Decrescente";"Céu Claro";"Dupla";"Reta";"Não";3;0;1;0;2;0;1;2;-26,890451;-48,883112;"SPRF-SC";"DEL04-SC";"UOP04-DEL04-SC"
750275;2026-02-05;"quinta-feira";"18:30:00";"MA";135;12,9;"SAO LUIS";"Acessar a via sem observar a presença dos outros veículos";"Colisão transversal";"Com Vítimas Feridas";"Plena Noite";"Crescente";"Nublado";"Dupla";"Reta";"Sim";2;0;0;1;1;0;1;2;-2,67967268;-44,2948797;"SPRF-MA";"DEL01-MA";"UOP01-DEL01-MA"
750276;2026-02-05;"quinta-feira";"18:30:00";"SC";282;17;"PALHOCA";"Condutor deixou de manter distância do veículo da frente";"Colisão lateral mesmo sentido";"Com Vítimas Feridas";"Anoitecer";"Decrescente";"Nublado";"Simples";"Reta";"Sim";3;0;0;2;1;0;2;2;-27,6587906;-48,6760225;"SPRF-SC";"DEL01-SC";"UOP02-DEL01-SC"
750277;2026-02-05;"quinta-feira";"18:35:00";"PE";232;412;"SERRA TALHADA";"Transitar na contramão";"Colisão frontal";"Com Vítimas Feridas";"Plena Noite";"Crescente";"Nublado";"Simples";"Reta";"Sim";3;0;0;1;2;0;1;2;-7,987838;-38,328582;"SPRF-PE";"DEL04-PE";"UOP01-DEL04-PE"
750280;2026-02-05;"quinta-feira";"18:00:00";"PE";232;45;"VITORIA DE SANTO ANTAO";"Pedestre andava na pista";"Atropelamento de Pedestre";"Com Vítimas Fatais";"Plena Noite";"Decrescente";"Céu Claro";"Dupla";"Reta;Declive";"Sim";2;1;0;0;1;0;0;2;-8,128997;-35,28259;"SPRF-PE";"DEL02-PE";"UOP02-DEL02PE"
750281;2026-02-05;"quinta-feira";"19:30:00";"ES";101;259;"SERRA";"Trafegar com motocicleta (ou similar) entre as faixas";"Tombamento";"Com Vítimas Feridas";"Plena Noite";"Decrescente";"Nublado";"Simples";"Aclive";"Não";2;0;0;1;0;1;1;2;-20,14647225;-40,28686523;"SPRF-ES";"DEL02-ES";"UOP01-DEL02-ES"
750282;2026-02-05;"quinta-feira";"19:15:00";"GO";60;170;"GOIANIA";"Animais na Pista";"Atropelamento de Animal";"Com Vítimas Feridas";"Plena Noite";"Crescente";"Céu Claro";"Dupla";"Curva";"Sim";2;0;2;0;0;0;2;1;-16,737272;-49,406453;"SPRF-GO";"DEL01-GO";"UOP02-DEL01-GO"
750283;2026-02-05;"quinta-feira";"14:45:00";"MS";262;195;"RIBAS DO RIO PARDO";"Reação tardia ou ineficiente do condutor";"Saída de leito carroçável";"Com Vítimas Feridas";"Pleno dia";"Decrescente";"Céu Claro";"Dupla";"Reta;Aclive";"Não";2;0;1;0;1;0;1;1;-20,45324;-53,338713;"SPRF-MS";"DEL01-MS";"UOP05-DEL01-MS"
750285;2026-02-05;"quinta-feira";"20:15:00";"PA";316;64,2;"CASTANHAL";"Ausência de reação do condutor";"Colisão transversal";"Com Vítimas Feridas";"Plena Noite";"Decrescente";"Céu Claro";"Dupla";"Reta";"Sim";3;0;1;1;1;0;2;2;-1,296008;-47,917302;"SPRF-PA";"DEL01-PA";"UOP01-DEL01-PA"
750286;2026-02-05;"quinta-feira";"17:20:00";"MG";381;239,9;"SANTANA DO PARAISO";"Velocidade Incompatível";"Saída de leito carroçável";"Com Vítimas Feridas";"Pleno dia";"Decrescente";"Céu Claro";"Simples";"Reta";"Não";4;0;3;0;1;0;3;1;-19,44490308;-42,51296997;"SPRF-MG";"DEL06-MG";"UOP01-DEL06-MG"
750287;2026-01-28;"quarta-feira";"21:15:00";"RJ";116;126;"MAGE";"Demais falhas na via";"Tombamento";"Com Vítimas Feridas";"Plena Noite";"Decrescente";"Céu Claro";"Dupla";"Reta";"Não";2;0;2;0;0;0;2;1;-22,6553542;-43,08738367;"SPRF-RJ";"DEL04-RJ";"UOP02-DEL04-RJ"
750288;2026-02-05;"quinta-feira";"18:30:00";"SC";470;115;"RIO DO SUL";"Reação tardia ou ineficiente do condutor";"Atropelamento de Pedestre";"Com Vítimas Feridas";"Pleno dia";"Crescente";"Céu Claro";"Simples";"Reta";"Não";2;0;1;0;1;0;1;2;-27,2129;-49,6334;"SPRF-SC";"DEL04-SC";"UOP02-DEL04-SC"
750289;2026-02-05;"quinta-feira";"19:50:00";"PE";428;181,7;"PETROLINA";"Animais na Pista";"Atropelamento de Animal";"Com Vítimas Feridas";"Plena Noite";"Decrescente";"Céu Claro";"Dupla";"Reta";"Sim";1;0;0;1;0;0;1;1;-9,32894685;-40,46444742;"SPRF-PE";"DEL06-PE";"UOP01-DEL06-PE"
750290;2026-02-05;"quinta-feira";"20:00:00";"MG";40;632;"CONSELHEIRO LAFAIETE";"Acessar a via sem observar a presença dos outros veículos";"Colisão transversal";"Com Vítimas Feridas";"Plena Noite";"Crescente";"Chuva";"Dupla";"Curva;Aclive";"Sim";2;0;1;0;1;0;1;2;-20,67754342;-43,79446365;"SPRF-MG";"DEL05-MG";"UOP02-DEL05-MG"
750291;2026-02-05;"quinta-feira";"19:00:00";"DF";70;13;"BRASILIA";"Acessar a via sem observar a presença dos outros veículos";"Colisão transversal";"Com Vítimas Feridas";"Plena Noite";"Decrescente";"Garoa/Chuvisco";"Dupla";"Reta";"Sim";3;0;2;0;1;0;2;2;-15,794386;-48,164877;"SPRF-DF";"DEL03-DF";"UOP02-DEL03-DF"
750292;2026-02-05;"quinta-feira";"20:35:00";"SC";101;198,7;"SAO JOSE";"Ausência de reação do condutor";"Colisão lateral mesmo sentido";"Sem Vítimas";"Plena Noite";"Crescente";"Céu Claro";"Dupla";"Reta";"Sim";2;0;0;0;2;0;0;2;-27,532832;-48,631378;"SPRF-SC";"DEL01-SC";"UOP01-DEL01-SC"
750296;2026-02-05;"quinta-feira";"19:20:00";"PI";343;592,4;"FLORIANO";"Acessar a via sem observar a presença dos outros veículos";"Colisão frontal";"Com Vítimas Feridas";"Plena Noite";"Crescente";"Céu Claro";"Simples";"Reta";"Sim";3;0;0;2;1;0;2;2;-6,7796936;-43,03571856;"SPRF-PI";"DEL03-PI";"UOP01-DEL03-PI"
750297;2026-02-05;"quinta-feira";"21:02:00";"PE";407;129,8;"PETROLINA";"Retorno proibido";"Colisão transversal";"Com Vítimas Feridas";"Plena Noite";"Crescente";"Céu Claro";"Múltipla";"Ponte";"Sim";2;0;1;0;1;0;1;2;-9,40593467;-40,50449657;"SPRF-PE";"DEL06-PE";"UOP01-DEL06-PE"
750298;2026-02-05;"quinta-feira";"13:00:00";"SC";101;202;"SAO JOSE";"Condutor deixou de manter distância do veículo da frente";"Colisão traseira";"Com Vítimas Feridas";"Pleno dia";"Crescente";"Céu Claro";"Múltipla";"Reta";"Não";2;0;1;0;1;0;1;2;-27,55687967;-48,61878142;"SPRF-SC";"DEL01-SC";"UOP01-DEL01-SC"
750299;2026-02-05;"quinta-feira";"18:15:00";"RO";364;343;"JI-PARANA";"Acesso irregular";"Atropelamento de Pedestre";"Com Vítimas Feridas";"Pleno dia";"Crescente";"Chuva";"Dupla";"Reta";"Sim";4;0;2;0;2;0;2;3;-10,877718;-61,946938;"SPRF-RO";"DEL02-RO";"UOP01-DEL02-RO"
750300;2026-02-05;"quinta-feira";"21:00:00";"MG";40;750;"SANTOS DUMONT";"Acumulo de água sobre o pavimento";"Colisão frontal";"Com Vítimas Feridas";"Plena Noite";"Crescente";"Chuva";"Simples";"Curva;Aclive";"Não";2;0;2;0;0;0;2;2;-21,49155677;-43,53570398;"SPRF-MG";"DEL05-MG";"UOP01-DEL05-MG"
750301;2026-02-05;"quinta-feira";"20:15:00";"RJ";493;22;"MAGE";"Desrespeitar a preferência no cruzamento";"Colisão transversal";"Com Vítimas Feridas";"Plena Noite";"Decrescente";"Chuva";"Simples";"Em Obras;Desvio Temporário";"Sim";2;0;1;0;0;1;1;2;-22,657834;-43,05663;"SPRF-RJ";"DEL04-RJ";"UOP02-DEL04-RJ"
750306;2026-02-05;"quinta-feira";"20:14:00";"PE";101;186,3;"PALMARES";"Manobra de mudança de faixa";"Colisão lateral mesmo sentido";"Com Vítimas Feridas";"Plena Noite";"Decrescente";"Céu Claro";"Dupla";"Reta";"Sim";2;0;0;1;1;0;1;2;-8,68475;-35,581305;"SPRF-PE";"DEL01-PE";"UOP03-DEL01-PE"
750307;2026-02-05;"quinta-feira";"21:10:00";"SC";116;6,1;"MAFRA";"Reação tardia ou ineficiente do condutor";"Colisão com objeto";"Sem Vítimas";"Plena Noite";"Crescente";"Céu Claro";"Simples";"Reta";"Sim";1;0;0;0;0;1;0;1;-26,147972;-49,825272;"SPRF-SC";"DEL06-SC";"UOP01-DEL06-SC"
750310;2026-02-05;"quinta-feira";"18:40:00";"MA";226;1,6;"TIMON";"Transitar na contramão";"Colisão frontal";"Com Vítimas Feridas";"Plena Noite";"Decrescente";"Céu Claro";"Simples";"Reta";"Sim";2;0;0;1;1;0;1;2;-5,13439;-42,82858;"SPRF-MA";"DEL03-MA";"UOP02-DEL03-MA"
750311;2026-02-05;"quinta-feira";"18:00:00";"RS";386;37,5;"FREDERICO WESTPHALEN";"Transitar no Acostamento";"Colisão transversal";"Sem Vítimas";"Pleno dia";"Decrescente";"Céu Claro";"Simples";"Reta";"Sim";2;0;0;0;2;0;0;2;-27,38672903;-53,39964716;"SPRF-RS";"DEL08-RS";"UOP02-DEL08-RS"
750314;2026-02-05;"quinta-feira";"22:00:00";"RJ";493;1;"ITABORAI";"Pedestre andava na pista";"Atropelamento de Pedestre";"Com Vítimas Fatais";"Plena Noite";"Crescente";"Chuva";"Simples";"Reta";"Sim";2;1;0;0;0;1;0;2;-22,766771;-42,9228254;"SPRF-RJ";"DEL02-RJ";"UOP02-DEL02-RJ"
750315;2026-02-05;"quinta-feira";"20:40:00";"RS";158;565;"SANTANA DO LIVRAMENTO";"Acessar a via sem observar a presença dos outros veículos";"Colisão transversal";"Com Vítimas Feridas";"Plena Noite";"Decrescente";"Céu Claro";"Simples";"Reta;Interseção de Vias";"Sim";2;0;0;1;0;1;1;2;-30,8764173;-55,51075101;"SPRF-RS";"DEL11-RS";"UOP01-DEL11-RS"
750317;2026-02-05;"quinta-feira";"19:55:00";"RO";364;521,6;"ARIQUEMES";"Acostamento em desnível";"Tombamento";"Com Vítimas Feridas";"Plena Noite";"Crescente";"Céu Claro";"Simples";"Reta";"Não";1;0;1;0;0;0;1;1;-9,864597;-63,058093;"SPRF-RO";"DEL03-RO";"UOP01-DEL03-RO"
750318;2026-02-05;"quinta-feira";"22:00:00";"SP";116;211;"GUARULHOS";"Frear bruscamente";"Tombamento";"Com Vítimas Feridas";"Plena Noite";"Crescente";"Céu Claro";"Múltipla";"Reta;Declive";"Sim";3;0;1;1;0;1;2;2;-23,434603;-46,425483;"SPRF-SP";"DEL01-SP";"UOP01-DEL01-SP"
750319;2026-02-05;"quinta-feira";"20:00:00";"CE";230;49,5;"LAVRAS DA MANGABEIRA";"Condutor deixou de manter distância do veículo da frente";"Colisão traseira";"Com Vítimas Feridas";"Plena Noite";"Decrescente";"Nublado";"Simples";"Reta";"Não";4;0;0;4;0;0;4;2;-6,766694;-39,04466;"SPRF-CE";"DEL05-CE";"UOP01-DEL05-CE"
750320;2026-02-05;"quinta-feira";"22:40:00";"PE";232;508;"SALGUEIRO";"Ingestão de álcool pelo condutor";"Colisão com objeto";"Sem Vítimas";"Plena Noite";"Decrescente";"Céu Claro";"Simples";"Interseção de Vias";"Sim";1;0;0;0;1;0;0;1;-8,06282453;-39,12311499;"SPRF-PE";"DEL05-PE";"UOP01-DEL05-PE"
750321;2026-02-05;"quinta-feira";"21:30:00";"MG";381;884;"ESTIVA";"Reação tardia ou ineficiente do condutor";"Saída de leito carroçável";"Sem Vítimas";"Plena Noite";"Crescente";"Chuva";"Dupla";"Reta";"Não";1;0;0;0;0;1;0;1;-22,4958654;-46,01362824;"SPRF-MG";"DEL16-MG";"UOP01-DEL16-MG"
750322;2026-02-05;"quinta-feira";"23:30:00";"ES";101;282;"CARIACICA";"Ausência de reação do condutor";"Tombamento";"Com Vítimas Feridas";"Plena Noite";"Decrescente";"Nublado";"Dupla";"Reta";"Sim";1;0;1;0;0;0;1;1;-20,23254;-40,3679;"SPRF-ES";"DEL01-ES";"UOP01-DEL01-ES"
750323;2026-02-05;"quinta-feira";"22:44:00";"PR";277;177;"PALMEIRA";"Reação tardia ou ineficiente do condutor";"Colisão traseira";"Sem Vítimas";"Plena Noite";"Decrescente";"Céu Claro";"Simples";"Reta;Viaduto";"Sim";4;0;0;0;4;0;0;2;-25,43477;-50,00859;"SPRF-PR";"DEL08-PR";"UOP02-DEL08-PR"
750324;2026-02-05;"quinta-feira";"21:15:00";"MT";70;284;"PRIMAVERA DO LESTE";"Ultrapassagem Indevida";"Saída de leito carroçável";"Sem Vítimas";"Plena Noite";"Decrescente";"Céu Claro";"Simples";"Reta";"Sim";2;0;0;0;2;0;0;1;-15,5734764;-54,31846619;"SPRF-MT";"DEL05-MT";"UOP01-DEL05-MT"
750327;2026-02-05;"quinta-feira";"23:29:00";"BA";324;517;"FEIRA DE SANTANA";"Acessar a via sem observar a presença dos outros veículos";"Colisão traseira";"Com Vítimas Feridas";"Plena Noite";"Crescente";"Céu Claro";"Simples";"Reta";"Sim";3;0;2;0;1;0;2;2;-12,260667;-38,93229;"SPRF-BA";"DEL02-BA";"UOP01-DEL02-BA"
750329;2026-02-06;"sexta-feira";"00:05:00";"SC";282;556,1;"NOVA ITABERABA";"Condutor Dormindo";"Colisão com objeto";"Sem Vítimas";"Plena Noite";"Decrescente";"Céu Claro";"Dupla";"Reta";"Não";2;0;0;0;2;0;0;1;-26,933674;-52,813163;"SPRF-SC";"DEL07-SC";"UOP01-DEL07-SC"
750330;2026-02-06;"sexta-feira";"01:00:00";"PE";101;69,5;"RECIFE";"Manobra de mudança de faixa";"Colisão lateral mesmo sentido";"Com Vítimas Feridas";"Plena Noite";"Crescente";"Nublado";"Dupla";"Reta";"Sim";3;0;2;0;0;1;2;2;-8,06399346;-34,94442908;"SPRF-PE";"DEL01-PE";"UOP01-DEL01-PE"
750331;2026-02-06;"sexta-feira";"01:25:00";"MG";381;478;"CONTAGEM";"Pedestre andava na pista";"Atropelamento de Pedestre";"Com Vítimas Feridas";"Plena Noite";"Crescente";"Céu Claro";"Dupla";"Reta";"Não";2;0;0;1;0;1;1;2;-19,923;-44,053;"SPRF-MG";"DEL01-MG";"UOP03-DEL01-MG"
750332;2026-02-06;"sexta-feira";"01:10:00";"PR";376;133,8;"NOVA ESPERANCA";"Animais na Pista";"Atropelamento de Animal";"Com Vítimas Feridas";"Plena Noite";"Decrescente";"Céu Claro";"Dupla";"Declive;Reta";"Sim";3;0;3;0;0;0;3;1;-23,18557109;-52,21202938;"SPRF-PR";"DEL09-PR";"UOP02-DEL09-PR"
750334;2026-02-05;"quinta-feira";"20:00:00";"RJ";393;105;"SAPUCAIA";"Acumulo de água sobre o pavimento";"Colisão frontal";"Com Vítimas Fatais";"Plena Noite";"Crescente";"Chuva";"Simples";"Reta";"Sim";4;1;0;0;3;0;0;4;-21,88557156;-42,6943671;"SPRF-RJ";"DEL05-RJ";"UOP01-DEL05-RJ"
750335;2026-02-05;"quinta-feira";"19:30:00";"MT";364;271;"JACIARA";"Demais falhas mecânicas ou elétricas";"Incêndio";"Sem Vítimas";"Plena Noite";"Decrescente";"Nublado";"Dupla";"Reta";"Sim";1;0;0;0;1;0;0;1;-15,968763;-54,959657;"SPRF-MT";"DEL05-MT";"UOP02-DEL05-MT"
750338;2026-02-06;"sexta-feira";"03:20:00";"SE";235;2;"ARACAJU";"Condutor Dormindo";"Saída de leito carroçável";"Sem Vítimas";"Plena Noite";"Decrescente";"Céu Claro";"Dupla";"Reta;Aclive";"Não";1;0;0;0;1;0;0;1;-10,9071867;-37,09621668;"SPRF-SE";"DEL01-SE";"UOP01-DEL01-SE"
750339;2026-02-06;"sexta-feira";"02:30:00";"MT";364;507;"ROSARIO OESTE";"Ausência de reação do condutor";"Saída de leito carroçável";"Com Vítimas Feridas";"Plena Noite";"Decrescente";"Chuva";"Simples";"Reta";"Não";1;0;1;0;0;0;1;1;-15,13402;-56,52214;"SPRF-MT";"DEL01-MT";"UOP01-DEL01-MT"
750341;2026-02-06;"sexta-feira";"04:50:00";"ES";101;338,7;"GUARAPARI";"Condutor Dormindo";"Tombamento";"Com Vítimas Feridas";"Amanhecer";"Crescente";"Céu Claro";"Dupla";"Reta";"Não";1;0;1;0;0;0;1;1;-20,64379;-40,55576;"SPRF-ES";"DEL03-ES";"UOP01-DEL03-ES"
750342;2026-02-06;"sexta-feira";"05:45:00";"GO";60;223;"CEZARINA";"Avarias e/ou desgaste excessivo no pneu";"Queda de ocupante de veículo";"Com Vítimas Feridas";"Amanhecer";"Crescente";"Nevoeiro/Neblina";"Dupla";"Reta";"Não";1;0;1;0;0;0;1;1;-16,98479216;-49,75186497;"SPRF-GO";"DEL01-GO";"UOP02-DEL01-GO"
750351;2026-02-06;"sexta-feira";"06:20:00";"SC";282;343;"CAMPOS NOVOS";"Ausência de reação do condutor";"Colisão traseira";"Com Vítimas Feridas";"Pleno dia";"Decrescente";"Sol";"Simples";"Reta";"Não";3;0;1;1;1;0;2;2;-27,38933491;-51,2268877;"SPRF-SC";"DEL07-SC";"UOP06-DEL07-SC"