"id";"data_inversa";"dia_semana";"horario";"uf";"br";"km";"municipio";"causa_acidente";"tipo_acidente";"classificacao_acidente";"fase_dia";"sentido_via";"condicao_metereologica";"tipo_pista";"tracado_via";"uso_solo";"pessoas";"mortos";"feridos_leves";"feridos_graves";"ilesos";"ignorados";"feridos";"veiculos";"latitude";"longitude";"regional";"delegacia";"uop"
750704;2026-02-07;"sábado";"15:50:00";"MG";40;765,5;"JUIZ DE FORA";"Chuva";"Colisão com objeto";"Com Vítimas Feridas";"Pleno dia";"Crescente";"Chuva";"Simples";"Reta;Declive";"Não";1;0;1;0;0;0;1;1;-21,577778;-43,4775;"SPRF-MG";"DEL05-MG";"UOP01-DEL05-MG"
750705;2026-02-07;"sábado";"16:30:00";"SC";470;194,4;"PONTE ALTA";"Pista Escorregadia";"Saída de leito carroçável";"Com Vítimas Feridas";"Pleno dia";"Crescente";"Nublado";"Simples";"Declive;Curva";"Não";4;0;4;0;0;0;4;1;-27,30248;-50,08418;"SPRF-SC";"DEL04-SC";"UOP02-DEL04-SC"
750707;2026-02-07;"sábado";"16:30:00";"SC";470;194,4;"PONTE ALTA";"Pista Escorregadia";"Capotamento";"Com Vítimas Feridas";"Pleno dia";"Crescente";"Chuva";"Simples";"Reta;Declive";"Não";3;0;2;0;1;0;2;1;-27,30260738;-50,08389886;"SPRF-SC";"DEL04-SC";"UOP02-DEL04-SC"
750708;2026-02-07;"sábado";"15:35:00";"SP";381;70;"MAIRIPORA";"Velocidade Incompatível";"Tombamento";"Com Vítimas Feridas";"Pleno dia";"Decrescente";"Nublado";"Múltipla";"Curva";"Não";1;0;1;0;0;0;1;1;-23,3497;-46,56054;"SPRF-SP";"DEL03-SP";"UOP01-DEL03-SP"
750709;2026-02-07;"sábado";"16:40:00";"PR";153;36,7;"SANTO ANTONIO DA PLATINA";"Reação tardia ou ineficiente do condutor";"Colisão traseira";"Com Vítimas Feridas";"Pleno dia";"Decrescente";"Céu Claro";"Simples";"Curva";"Não";3;0;1;0;2;0;1;2;-23,24707425;-50,04202652;"SPRF-PR";"DEL07-PR";"UOP04-DEL07-PR"
750710;2026-01-24;"sábado";"05:40:00";"MG";50;72;"UBERLANDIA";"Frear bruscamente";"Tombamento";"Com Vítimas Feridas";"Amanhecer";"Decrescente";"Nublado";"Dupla";"Reta";"Não";1;0;0;1;0;0;1;1;-18,898848;-48,242333;"SPRF-MG";"DEL15-MG";"UOP01-DEL15-MG"
750711;2026-02-07;"sábado";"16:20:00";"PB";104;155;"QUEIMADAS";"Manobra de mudança de faixa";"Colisão traseira";"Com Vítimas Feridas";"Pleno dia";"Crescente";"Nublado";"Simples";"Reta;Declive";"Não";3;0;2;0;1;0;2;2;-7,481753;-35,939617;"SPRF-PB";"DEL02-PB";"UOP03-DEL02-PB"
750712;2026-02-07;"sábado";"16:45:00";"MG";50;83;"UBERLANDIA";"Avarias e/ou desgaste excessivo no pneu";"Colisão com objeto";"Sem Vítimas";"Pleno dia";"Crescente";"Chuva";"Dupla";"Reta;Declive";"Não";1;0;0;0;1;0;0;1;-18,98961381;-48,21168646;"SPRF-MG";"DEL15-MG";"UOP01-DEL15-MG"
750713;2026-02-07;"sábado";"14:35:00";"MG";381;837,8;"SAO SEBASTIAO DA BELA VISTA";"Ausência de reação do condutor";"Saída de leito carroçável";"Com Vítimas Feridas";"Pleno dia";"Crescente";"Chuva";"Dupla";"Curva;Declive";"Não";2;0;2;0;0;0;2;1;-22,10807462;-45,73973894;"SPRF-MG";"DEL16-MG";"UOP01-DEL16-MG"
750717;2026-02-07;"sábado";"16:50:00";"MG";40;554,9;"NOVA LIMA";"Manobra de mudança de faixa";"Atropelamento de Pedestre";"Com Vítimas Feridas";"Pleno dia";"Crescente";"Céu Claro";"Dupla";"Reta";"Sim";4;0;0;1;2;1;1;2;-20,09204745;-43,97621155;"SPRF-MG";"DEL01-MG";"UOP02-DEL01-MG"
750719;2026-02-07;"sábado";"17:10:00";"MG";50;154;"UBERABA";"Velocidade Incompatível";"Saída de leito carroçável";"Com Vítimas Feridas";"Pleno dia";"Decrescente";"Nublado";"Dupla";"Reta";"Não";1;0;1;0;0;0;1;1;-19,60226251;-48,02448956;"SPRF-MG";"DEL13-MG";"UOP01-DEL13-MG"
750720;2026-02-07;"sábado";"14:15:00";"SP";116;52,3;"LORENA";"Frear bruscamente";"Capotamento";"Com Vítimas Feridas";"Pleno dia";"Decrescente";"Chuva";"Dupla";"Reta";"Sim";2;0;2;0;0;0;2;1;-22,7460398;-45,09797215;"SPRF-SP";"DEL08-SP";"UOP02-DEL08-SP"
750721;2026-02-07;"sábado";"11:00:00";"MG";116;412;"GOVERNADOR VALADARES";"Ausência de reação do condutor";"Colisão traseira";"Com Vítimas Feridas";"Pleno dia";"Decrescente";"Céu Claro";"Simples";"Interseção de Vias";"Sim";2;0;1;0;1;0;1;2;-18,87707272;-41,96330555;"SPRF-MG";"DEL06-MG";"UOP01-DEL06-MG"
750724;2026-02-07;"sábado";"17:20:00";"ES";101;290;"CARIACICA";"Manobra de mudança de faixa";"Colisão lateral mesmo sentido";"Com Vítimas Feridas";"Pleno dia";"Crescente";"Nublado";"Dupla";"Curva";"Sim";2;0;1;0;1;0;1;2;-20,290832;-40,391804;"SPRF-ES";"DEL01-ES";"UOP01-DEL01-ES"
750725;2026-02-07;"sábado";"17:21:00";"SP";116;282;"EMBU DAS ARTES";"Trafegar com motocicleta (ou similar) entre as faixas";"Colisão traseira";"Com Vítimas Feridas";"Anoitecer";"Crescente";"Nublado";"Dupla";"Reta";"Sim";4;0;1;0;2;1;1;3;-23,65680828;-46,87695088;"SPRF-SP";"DEL04-SP";"UOP01-DEL04-SP"
750728;2026-02-07;"sábado";"17:10:00";"GO";70;8;"AGUAS LINDAS DE GOIAS";"Ausência de reação do condutor";"Colisão traseira";"Com Vítimas Feridas";"Anoitecer";"Crescente";"Céu Claro";"Múltipla";"Reta";"Sim";2;0;1;0;1;0;1;2;-15,735456;-48,281043;"SPRF-DF";"DEL03-DF";"UOP02-DEL03-DF"
750730;2026-02-07;"sábado";"18:40:00";"ES";101;144,8;"LINHARES";"Condutor desrespeitou a iluminação vermelha do semáforo";"Colisão lateral mesmo sentido";"Com Vítimas Feridas";"Plena Noite";"Crescente";"Céu Claro";"Dupla";"Reta";"Sim";2;0;1;0;1;0;1;2;-19,35959541;-40,06427892;"SPRF-ES";"DEL04-ES";"UOP01-DEL04-ES"
750733;2026-02-07;"sábado";"18:50:00";"PR";373;172,8;"PONTA GROSSA";"Chuva";"Tombamento";"Com Vítimas Feridas";"Anoitecer";"Decrescente";"Garoa/Chuvisco";"Dupla";"Reta";"Sim";2;0;0;1;1;0;1;1;-25,08041703;-50,19917607;"SPRF-PR";"DEL03-PR";"UOP01-DEL03-PR"
750734;2026-02-07;"sábado";"17:50:00";"MS";267;247,8;"NOVA ALVORADA DO SUL";"Ingestão de álcool pelo condutor";"Colisão com objeto";"Com Vítimas Feridas";"Anoitecer";"Crescente";"Céu Claro";"Simples";"Reta";"Sim";4;0;2;2;0;0;4;1;-21,475261;-54,371083;"SPRF-MS";"DEL02-MS";"UOP01-DEL02-MS"
750735;2026-02-07;"sábado";"18:00:00";"RJ";101;570;"PARATY";"Acumulo de água sobre o pavimento";"Colisão transversal";"Com Vítimas Feridas";"Plena Noite";"Decrescente";"Chuva";"Simples";"Curva";"Não";2;0;2;0;0;0;2;2;-23,18157364;-44,71722603;"SPRF-RJ";"DEL03-RJ";"UOP04-DEL03-RJ"
750736;2026-02-07;"sábado";"18:30:00";"MG";40;514;"RIBEIRAO DAS NEVES";"Reação tardia ou ineficiente do condutor";"Engavetamento";"Sem Vítimas";"Plena Noite";"Decrescente";"Céu Claro";"Dupla";"Reta";"Sim";3;0;0;0;3;0;0;3;-19,802947;-44,098742;"SPRF-MG";"DEL01-MG";"UOP02-DEL01-MG"
750738;2026-02-07;"sábado";"18:40:00";"DF";20;18;"BRASILIA";"Trafegar com motocicleta (ou similar) entre as faixas";"Colisão transversal";"Com Vítimas Feridas";"Plena Noite";"Crescente";"Nublado";"Dupla";"Reta";"Sim";3;0;1;0;2;0;1;3;-15,614908;-47,70538;"SPRF-DF";"DEL02-DF";"UOP01-DEL02-DF"
750739;2026-02-07;"sábado";"18:37:00";"MS";158;152,8;"APARECIDA DO TABOADO";"Ausência de reação do condutor";"Tombamento";"Com Vítimas Fatais";"Anoitecer";"Crescente";"Nublado";"Simples";"Aclive;Reta";"Não";1;1;0;0;0;0;0;1;-20,1165338;-51,1795381;"SPRF-MS";"DEL08-MS";"UOP01-DEL08-MS"
750740;2026-02-07;"sábado";"19:08:00";"PE";428;185;"PETROLINA";"Acessar a via sem observar a presença dos outros veículos";"Colisão lateral mesmo sentido";"Com Vítimas Feridas";"Plena Noite";"Crescente";"Céu Claro";"Dupla";"Reta";"Sim";3;0;2;1;0;0;3;2;-9,3463567;-40,4741935;"SPRF-PE";"DEL06-PE";"UOP01-DEL06-PE"
750741;2026-02-07;"sábado";"16:01:00";"RO";364;319;"PRESIDENTE MEDICI";"Reação tardia ou ineficiente do condutor";"Colisão transversal";"Com Vítimas Feridas";"Pleno dia";"Crescente";"Céu Claro";"Simples";"Reta";"Não";2;0;0;1;1;0;1;2;-11,074293;-61,920765;"SPRF-RO";"DEL02-RO";"UOP01-DEL02-RO"
750743;2026-02-07;"sábado";"19:30:00";"PR";277;590,9;"CASCAVEL";"Desrespeitar a preferência no cruzamento";"Colisão frontal";"Com Vítimas Feridas";"Plena Noite";"Decrescente";"Ignorado";"Simples";"Reta;Interseção de Vias";"Sim";2;0;1;0;1;0;1;2;-24,97649824;-53,44331503;"SPRF-PR";"DEL04-PR";"UOP01-DEL04-PR"
750745;2026-02-07;"sábado";"19:40:00";"PR";116;67;"QUATRO BARRAS";"Chuva";"Colisão com objeto";"Sem Vítimas";"Plena Noite";"Decrescente";"Chuva";"Dupla";"Curva";"Não";1;0;0;0;1;0;0;1;-25,318343;-49,019322;"SPRF-PR";"DEL01-PR";"UOP02-DEL01-PR"
750746;2026-02-07;"sábado";"17:45:00";"MS";163;124,6;"NAVIRAI";"Ingestão de álcool pelo condutor";"Saída de leito carroçável";"Sem Vítimas";"Pleno dia";"Crescente";"Céu Claro";"Dupla";"Reta";"Não";1;0;0;0;1;0;0;1;-23,075231;-54,228825;"SPRF-MS";"DEL09-MS";"UOP01-DEL09-MS"
750747;2026-02-07;"sábado";"19:20:00";"MG";40;614;"CONGONHAS";"Retorno proibido";"Colisão transversal";"Com Vítimas Fatais";"Plena Noite";"Crescente";"Nublado";"Simples";"Reta";"Sim";3;1;0;1;1;0;1;2;-20,533975;-43,8221083;"SPRF-MG";"DEL05-MG";"UOP02-DEL05-MG"
750748;2026-02-07;"sábado";"19:55:00";"PE";232;280;"SERTANIA";"Condutor deixou de manter distância do veículo da frente";"Colisão traseira";"Com Vítimas Feridas";"Plena Noite";"Crescente";"Garoa/Chuvisco";"Simples";"Reta;Declive";"Não";1;0;1;0;0;0;1;1;-8,35269563;-37,29060173;"SPRF-PE";"DEL04-PE";"UOP02-DEL04-PE"
750749;2026-02-07;"sábado";"20:23:00";"ES";101;125,6;"SOORETAMA";"Pedestre cruzava a pista fora da faixa";"Atropelamento de Pedestre";"Com Vítimas Feridas";"Plena Noite";"Crescente";"Céu Claro";"Simples";"Reta";"Não";3;0;0;1;2;0;1;2;-19,18320816;-40,09381485;"SPRF-ES";"DEL04-ES";"UOP01-DEL04-ES"
750751;2026-02-07;"sábado";"17:50:00";"MA";135;80;"SANTA RITA";"Transitar no Acostamento";"Colisão traseira";"Sem Vítimas";"Anoitecer";"Crescente";"Nublado";"Simples";"Reta";"Não";2;0;0;0;2;0;0;2;-3,1751619;-44,38500977;"SPRF-MA";"DEL01-MA";"UOP02-DEL01-MA"
750752;2026-02-07;"sábado";"20:00:00";"PR";369;138,3;"IBIPORA";"Desrespeitar a preferência no cruzamento";"Colisão frontal";"Com Vítimas Feridas";"Plena Noite";"Crescente";"Céu Claro";"Simples";"Reta;Interseção de Vias";"Sim";3;0;1;0;2;0;1;2;-23,27357852;-51,05344534;"SPRF-PR";"DEL07-PR";"UOP01-DEL07-PR"
750753;2026-02-07;"sábado";"17:00:00";"SC";101;203;"SAO JOSE";"Chuva";"Tombamento";"Com Vítimas Feridas";"Pleno dia";"Decrescente";"Chuva";"Múltipla";"Reta;Aclive";"Sim";1;0;0;1;0;0;1;1;-27,56829691;-48,61391606;"SPRF-SC";"DEL01-SC";"UOP01-DEL01-SC"
750754;2026-02-07;"sábado";"18:10:00";"SC";280;99,1;"SAO BENTO DO SUL";"Ausência de reação do condutor";"Saída de leito carroçável";"Com Vítimas Feridas";"Anoitecer";"Decrescente";"Garoa/Chuvisco";"Simples";"Declive;Curva";"Não";1;0;1;0;0;0;1;1;-26,37152;-49,33095;"SPRF-SC";"DEL06-SC";"UOP03-DEL06-SC"
750755;2026-02-07;"sábado";"20:30:00";"PR";376;181,4;"MARINGA";"Ingestão de álcool pelo condutor";"Colisão traseira";"Com Vítimas Feridas";"Plena Noite";"Crescente";"Céu Claro";"Dupla";"Reta";"Sim";2;0;1;0;1;0;1;2;-23,4138459;-51,9823217;"SPRF-PR";"DEL09-PR";"UOP01-DEL09-PR"
750756;2026-02-07;"sábado";"17:25:00";"MS";158;279;"TRES LAGOAS";"Conversão proibida";"Colisão lateral mesmo sentido";"Com Vítimas Feridas";"Anoitecer";"Decrescente";"Garoa/Chuvisco";"Dupla";"Reta";"Não";2;0;0;1;1;0;1;2;-20,822737;-51,727267;"SPRF-MS";"DEL07-MS";"UOP01-DEL07-MS"
750757;2026-02-07;"sábado";"20:39:00";"ES";101;18;"CONCEICAO DA BARRA";"Ingestão de álcool pelo condutor";"Colisão frontal";"Com Vítimas Feridas";"Plena Noite";"Crescente";"Céu Claro";"Simples";"Curva";"Não";3;0;0;2;1;0;2;2;-18,31328333;-39,95307667;"SPRF-ES";"DEL04-ES";"UOP02-DEL04-ES"
750759;2026-02-07;"sábado";"18:45:00";"SC";282;84,9;"ALFREDO WAGNER";"Ausência de reação do condutor";"Colisão traseira";"Com Vítimas Feridas";"Plena Noite";"Decrescente";"Nublado";"Simples";"Curva";"Não";2;0;1;0;1;0;1;2;-27,667317;-49,192235;"SPRF-SC";"DEL01-SC";"UOP03-DEL01-SC"
750761;2026-02-07;"sábado";"15:40:00";"PE";407;86,5;"PETROLINA";"Ausência de reação do condutor";"Saída de leito carroçável";"Com Vítimas Feridas";"Pleno dia";"Decrescente";"Céu Claro";"Simples";"Reta";"Não";1;0;1;0;0;0;1;1;-9,066761;-40,668069;"SPRF-PE";"DEL06-PE";"UOP02-DEL06-PE"
750762;2026-02-07;"sábado";"16:00:00";"GO";452;171,8;"ITUMBIARA";"Demais falhas mecânicas ou elétricas";"Incêndio";"Sem Vítimas";"Pleno dia";"Crescente";"Céu Claro";"Simples";"Reta";"Não";4;0;0;0;4;0;0;1;-18,343583;-49,419887;"SPRF-GO";"DEL03-GO";"UOP02-DEL03-GO"
750764;2026-02-07;"sábado";"19:50:00";"MG";40;815,2;"MATIAS BARBOSA";"Reação tardia ou ineficiente do condutor";"Saída de leito carroçável";"Com Vítimas Feridas";"Plena Noite";"Decrescente";"Garoa/Chuvisco";"Dupla";"Curva";"Não";2;0;0;2;0;0;2;1;-21,8948981;-43,312108;"SPRF-MG";"DEL05-MG";"UOP01-DEL05-MG"
750765;2026-02-07;"sábado";"20:45:00";"PB";230;13;"CABEDELO";"Reação tardia ou ineficiente do condutor";"Colisão traseira";"Com Vítimas Feridas";"Plena Noite";"Crescente";"Nublado";"Dupla";"Reta;Em Obras";"Sim";3;0;1;0;1;1;1;2;-7,080885;-34,849244;"SPRF-PB";"DEL01-PB";"UOP01-DEL01-PB"
750766;2026-02-07;"sábado";"17:00:00";"MS";60;664,2;"BELA VISTA";"Reação tardia ou ineficiente do condutor";"Saída de leito carroçável";"Com Vítimas Feridas";"Pleno dia";"Decrescente";"Céu Claro";"Simples";"Curva";"Não";1;0;0;1;0;0;1;1;-22,03575665;-56,51931256;"SPRF-MS";"DEL05-MS";"UOP01-DEL05-MS"
750767;2026-02-07;"sábado";"20:40:00";"BA";116;423;"FEIRA DE SANTANA";"Reação tardia ou ineficiente do condutor";"Colisão traseira";"Com Vítimas Feridas";"Plena Noite";"Crescente";"Céu Claro";"Dupla";"Reta";"Sim";2;0;1;0;1;0;1;2;-12,23128;-38,96953;"SPRF-BA";"DEL02-BA";"UOP01-DEL02-BA"
750768;2026-02-07;"sábado";"21:00:00";"ES";101;310,1;"VIANA";"Ingestão de álcool pelo condutor";"Colisão lateral sentido oposto";"Com Vítimas Feridas";"Plena Noite";"Decrescente";"Céu Claro";"Dupla";"Reta";"Não";2;0;0;1;1;0;1;2;-20,42566366;-40,46006553;"SPRF-ES";"DEL01-ES";"UOP01-DEL01-ES"
750769;2026-02-07;"sábado";"20:00:00";"RJ";40;118,6;"DUQUE DE CAXIAS";"Ausência de reação do condutor";"Colisão com objeto";"Sem Vítimas";"Plena Noite";"Crescente";"Garoa/Chuvisco";"Múltipla";"Reta;Interseção de Vias";"Sim";3;0;0;0;3;0;0;2;-22,75526125;-43,28737412;"SPRF-RJ";"DEL01-RJ";"UOP02-DEL01-RJ"
750770;2026-02-07;"sábado";"20:00:00";"AL";101;158,1;"CAMPO ALEGRE";"Ingestão de álcool pelo condutor";"Colisão com objeto";"Com Vítimas Fatais";"Plena Noite";"Decrescente";"Céu Claro";"Dupla";"Reta;Interseção de Vias";"Sim";1;1;0;0;0;0;0;1;-9,90311;-36,216653;"SPRF-AL";"DEL02-AL";"UOP02-DEL02-AL"
750772;2026-02-07;"sábado";"20:30:00";"PE";316;31,4;"ARARIPINA";"Ingestão de álcool pelo condutor";"Colisão frontal";"Sem Vítimas";"Plena Noite";"Decrescente";"Nublado";"Simples";"Reta";"Não";2;0;0;0;2;0;0;2;-7,626527;-40,459398;"SPRF-PE";"DEL05-PE";"UOP02-DEL05-PE"
750773;2026-02-07;"sábado";"18:40:00";"PI";343;467,7;"ANGICAL DO PIAUI";"Velocidade Incompatível";"Colisão traseira";"Com Vítimas Feridas";"Plena Noite";"Crescente";"Nublado";"Simples";"Reta";"Não";3;0;1;2;0;0;3;2;-6,05767;-42,735813;"SPRF-PI";"DEL01-PI";"UOP02-DEL01-PI"
750774;2026-02-07;"sábado";"21:10:00";"MG";381;493;"BETIM";"Manobra de mudança de faixa";"Colisão lateral mesmo sentido";"Com Vítimas Feridas";"Plena Noite";"Crescente";"Chuva";"Múltipla";"Reta";"Sim";17;0;5;0;12;0;5;7;-19,962421;-44,164678;"SPRF-MG";"DEL01-MG";"UOP03-DEL01-MG"
750775;2026-02-07;"sábado";"20:50:00";"CE";116;40;"HORIZONTE";"Área urbana sem a presença de local apropriado para a travessia de pedestres";"Atropelamento de Pedestre";"Com Vítimas Feridas";"Plena Noite";"Crescente";"Nublado";"Dupla";"Reta";"Sim";2;0;0;1;0;1;1;2;-4,10220176;-38,50044966;"SPRF-CE";"DEL01-CE";"UOP02-DEL01-CE"
750776;2026-02-07;"sábado";"21:25:00";"SC";101;132;"ITAPEMA";"Ausência de reação do condutor";"Colisão traseira";"Sem Vítimas";"Plena Noite";"Decrescente";"Chuva";"Dupla";"Reta";"Sim";2;0;0;0;2;0;0;2;-27,06604517;-48,59579203;"SPRF-SC";"DEL04-SC";"UOP03-DEL04-SC"
750777;2026-02-07;"sábado";"20:10:00";"RS";468;103,9;"TRES PASSOS";"Mal súbito do condutor";"Saída de leito carroçável";"Com Vítimas Feridas";"Plena Noite";"Decrescente";"Céu Claro";"Simples";"Reta";"Sim";1;0;0;1;0;0;1;1;-27,44770002;-53,94878117;"SPRF-RS";"DEL08-RS";"UOP02-DEL08-RS"
750779;2026-02-07;"sábado";"21:06:00";"PE";232;182;"BELO JARDIM";"Chuva";"Tombamento";"Com Vítimas Fatais";"Plena Noite";"Decrescente";"Chuva";"Simples";"Reta";"Não";1;1;0;0;0;0;0;1;-8,349018;-36,45168;"SPRF-PE";"DEL03-PE";"UOP02-DEL03-PE"
750780;2026-02-07;"sábado";"18:20:00";"MG";146;459;"BOTELHOS";"Acessar a via sem observar a presença dos outros veículos";"Colisão transversal";"Com Vítimas Feridas";"Anoitecer";"Decrescente";"Garoa/Chuvisco";"Simples";"Declive;Reta;Interseção de Vias";"Sim";7;0;7;0;0;0;7;2;-21,632174;-46,40735;"SPRF-MG";"DEL09-MG";"UOP01-DEL09-MG"
750782;2026-02-07;"sábado";"20:30:00";"MA";10;151;"PORTO FRANCO";"Ausência de reação do condutor";"Saída de leito carroçável";"Com Vítimas Feridas";"Plena Noite";"Crescente";"Nublado";"Simples";"Reta";"Não";1;0;1;0;0;0;1;1;-6,396432;-47,38614;"SPRF-MA";"DEL04-MA";"UOP02-DEL04-MA"
750784;2026-02-07;"sábado";"20:30:00";"PR";116;80;"PIRAQUARA";"Chuva";"Colisão traseira";"Com Vítimas Feridas";"Plena Noite";"Crescente";"Chuva";"Dupla";"Reta";"Não";2;0;1;0;0;1;1;2;-25,40363584;-49,05951636;"SPRF-PR";"DEL01-PR";"UOP02-DEL01-PR"
750785;2026-02-07;"sábado";"19:45:00";"RO";364;425;"JARU";"Entrada inopinada do pedestre";"Atropelamento de Pedestre";"Com Vítimas Fatais";"Plena Noite";"Decrescente";"Nublado";"Dupla";"Reta";"Sim";4;1;0;0;3;0;0;2;-10,43537282;-62,47508375;"SPRF-RO";"DEL03-RO";"UOP02-DEL03-RO"
750786;2026-02-07;"sábado";"21:20:00";"SC";101;100;"BALNEARIO PICARRAS";"Chuva";"Tombamento";"Com Vítimas Feridas";"Plena Noite";"Crescente";"Chuva";"Dupla";"Reta";"Não";2;0;2;0;0;0;2;1;-26,75855596;-48,68794888;"SPRF-SC";"DEL03-SC";"UOP02-DEL03-SC"
750788;2026-02-07;"sábado";"20:15:00";"RR";401;21;"CANTA";"Ingestão de álcool pelo condutor";"Colisão traseira";"Com Vítimas Feridas";"Plena Noite";"Crescente";"Céu Claro";"Simples";"Reta;Interseção de Vias";"Sim";2;0;1;0;0;1;1;2;2,803172;-60,624977;"SPRF-RR";"DEL01-RR";"UOP01-DEL01-RR"
750791;2026-02-07;"sábado";"22:00:00";"MG";262;360;"JUATUBA";"Acessar a via sem observar a presença dos outros veículos";"Atropelamento de Pedestre";"Com Vítimas Feridas";"Plena Noite";"Decrescente";"Chuva";"Dupla";"Reta";"Não";2;0;2;0;0;0;2;2;-19,972875;-44,312182;"SPRF-MG";"DEL01-MG";"UOP03-DEL01-MG"
750792;2026-02-07;"sábado";"21:00:00";"RO";364;695;"PORTO VELHO";"Ausência de reação do condutor";"Colisão traseira";"Sem Vítimas";"Plena Noite";"Decrescente";"Céu Claro";"Dupla";"Reta";"Não";3;0;0;0;3;0;0;2;-8,800583;-63,724617;"SPRF-RO";"DEL01-RO";"UOP01-DEL01-RO"
750793;2026-02-07;"sábado";"19:30:00";"MT";158;541,7;"AGUA BOA";"Ultrapassagem Indevida";"Colisão frontal";"Com Vítimas Feridas";"Plena Noite";"Crescente";"Céu Claro";"Simples";"Curva";"Não";10;0;4;2;4;0;6;2;-13,86472;-52,0642;"SPRF-MT";"DEL07-MT";"UOP02-DEL07-MT"
750794;2026-02-07;"sábado";"21:00:00";"MT";163;834;"SINOP";"Reação tardia ou ineficiente do condutor";"Queda de ocupante de veículo";"Com Vítimas Feridas";"Plena Noite";"Crescente";"Garoa/Chuvisco";"Simples";"Reta";"Não";2;0;2;0;0;0;2;1;-11,86684693;-55,49655676;"SPRF-MT";"DEL06-MT";"UOP02-DEL06-MT"
750798;2026-02-07;"sábado";"21:15:00";"PA";10;9,6;"DOM ELISEU";"Ausência de reação do condutor";"Saída de leito carroçável";"Com Vítimas Feridas";"Plena Noite";"Crescente";"Chuva";"Simples";"Reta;Aclive";"Não";2;0;1;1;0;0;2;1;-4,28452156;-47,5581885;"SPRF-PA";"DEL02-PA";"UOP02-DEL02-PA"
750799;2026-02-07;"sábado";"22:40:00";"RN";304;30;"MOSSORO";"Transitar na contramão";"Colisão transversal";"Com Vítimas Feridas";"Plena Noite";"Decrescente";"Céu Claro";"Simples";"Reta";"Não";2;0;1;0;0;1;1;2;-5,10498253;-37,3380518;"SPRF-RN";"DEL04-RN";"UOP02-DEL04-RN"
750800;2026-02-07;"sábado";"18:30:00";"RJ";101;197;"CASIMIRO DE ABREU";"Chuva";"Colisão com objeto";"Com Vítimas Feridas";"Plena Noite";"Crescente";"Chuva";"Dupla";"Curva";"Não";2;0;1;0;1;0;1;1;-22,49271816;-42,10917413;"SPRF-RJ";"DEL08-RJ";"UOP04-DEL08-RJ"
750804;2026-02-07;"sábado";"23:00:00";"SC";101;152,5;"PORTO BELO";"Manobra de mudança de faixa";"Colisão traseira";"Com Vítimas Feridas";"Plena Noite";"Crescente";"Nublado";"Dupla";"Reta";"Sim";2;0;1;0;1;0;1;2;-27,139937;-48,610229;"SPRF-SC";"DEL04-SC";"UOP03-DEL04-SC"
750805;2026-02-07;"sábado";"21:30:00";"PE";316;317,5;"FLORESTA";"Pedestre andava na pista";"Atropelamento de Pedestre";"Com Vítimas Fatais";"Plena Noite";"Decrescente";"Chuva";"Simples";"Reta";"Não";2;1;0;1;0;0;1;2;-8,715584;-38,502689;"SPRF-PE";"DEL04-PE";"UOP03-DEL04-PE"
750807;2026-02-07;"sábado";"23:00:00";"GO";60;210,7;"VARJAO";"Ingestão de álcool pelo condutor";"Colisão com objeto";"Com Vítimas Feridas";"Plena Noite";"Crescente";"Nublado";"Dupla";"Declive;Reta;Interseção de Vias";"Não";1;0;1;0;0;0;1;1;-16,95236052;-49,68350172;"SPRF-GO";"DEL01-GO";"UOP02-DEL01-GO"
750808;2026-02-07;"sábado";"22:50:00";"RJ";101;87;"CAMPOS DOS GOYTACAZES";"Reação tardia ou ineficiente do condutor";"Colisão com objeto";"Sem Vítimas";"Plena Noite";"Decrescente";"Chuva";"Dupla";"Reta";"Não";1;0;0;0;1;0;0;1;-21,829407;-41,498962;"SPRF-RJ";"DEL08-RJ";"UOP02-DEL08-RJ"
750809;2026-02-07;"sábado";"23:25:00";"PR";163;85,1;"CAPANEMA";"Ausência de reação do condutor";"Colisão traseira";"Com Vítimas Feridas";"Plena Noite";"Crescente";"Céu Claro";"Simples";"Curva";"Não";3;0;2;0;0;1;2;2;-25,68715133;-53,78657341;"SPRF-PR";"DEL02-PR";"UOP02-DEL02-PR"
750810;2026-02-07;"sábado";"23:00:00";"SC";101;152,1;"PORTO BELO";"Reação tardia ou ineficiente do condutor";"Queda de ocupante de veículo";"Com Vítimas Feridas";"Plena Noite";"Crescente";"Nublado";"Múltipla";"Reta";"Sim";1;0;1;0;0;0;1;1;-27,137451;-48,610031;"SPRF-SC";"DEL04-SC";"UOP03-DEL04-SC"
750811;2026-02-07;"sábado";"22:00:00";"SC";470;41;"GASPAR";"Ingestão de álcool pelo condutor";"Colisão lateral mesmo sentido";"Com Vítimas Feridas";"Plena Noite";"Decrescente";"Nublado";"Dupla";"Reta";"Não";3;0;1;1;1;0;2;2;-26,881112;-48,998417;"SPRF-SC";"DEL04-SC";"UOP01-DEL04-SC"
750812;2026-02-07;"sábado";"23:15:00";"SP";116;146,5;"SAO JOSE DOS CAMPOS";"Ausência de reação do condutor";"Colisão traseira";"Com Vítimas Feridas";"Plena Noite";"Crescente";"Nublado";"Dupla";"Reta";"Não";3;0;1;0;1;1;1;3;-23,19355362;-45,86847782;"SPRF-SP";"DEL02-SP";"UOP01-DEL02-SP"
750813;2026-02-07;"sábado";"23:30:00";"SC";101;370,8;"ICARA";"Ingestão de álcool pelo condutor";"Saída de leito carroçável";"Sem Vítimas";"Plena Noite";"Decrescente";"Chuva";"Dupla";"Reta";"Não";1;0;0;0;1;0;0;1;-28,71027135;-49,21127066;"SPRF-SC";"DEL02-SC";"UOP01-DEL02-SC"