"id";"data_inversa";"dia_semana";"horario";"uf";"br";"km";"municipio";"causa_acidente";"tipo_acidente";"classificacao_acidente";"fase_dia";"sentido_via";"condicao_metereologica";"tipo_pista";"tracado_via";"uso_solo";"pessoas";"mortos";"feridos_leves";"feridos_graves";"ilesos";"ignorados";"feridos";"veiculos";"latitude";"longitude";"regional";"delegacia";"uop"
751700;2026-02-12;"quinta-feira";"03:55:00";"PB";230;491,4;"CAJAZEIRAS";"Ausência de reação do condutor";"Colisão traseira";"Com Vítimas Feridas";"Plena Noite";"Crescente";"Chuva";"Simples";"Reta;Aclive";"Não";2;0;0;1;0;1;1;2;-6,884447;-38,468405;"SPRF-PB";"DEL03-PB";"UOP03-DEL03-PB"
751703;2026-02-12;"quinta-feira";"05:50:00";"RN";304;301;"MACAIBA";"Ausência de reação do condutor";"Colisão traseira";"Com Vítimas Feridas";"Amanhecer";"Crescente";"Céu Claro";"Dupla";"Reta";"Não";2;0;1;0;1;0;1;2;-5,878213;-35,302467;"SPRF-RN";"DEL01-RN";"UOP02-DEL01-RN"
751704;2026-02-11;"quarta-feira";"20:00:00";"SC";280;83,5;"CORUPA";"Transitar na contramão";"Colisão frontal";"Com Vítimas Feridas";"Plena Noite";"Crescente";"Céu Claro";"Simples";"Reta";"Não";2;0;1;0;0;1;1;2;-26,428012;-49,252143;"SPRF-SC";"DEL06-SC";"UOP03-DEL06-SC"
751705;2026-02-12;"quinta-feira";"05:30:00";"MG";40;523;"CONTAGEM";"Trafegar com motocicleta (ou similar) entre as faixas";"Atropelamento de Pedestre";"Com Vítimas Feridas";"Pleno dia";"Crescente";"Céu Claro";"Dupla";"Reta";"Sim";2;0;2;0;0;0;2;2;-19,87504113;-44,05508855;"SPRF-MG";"DEL01-MG";"UOP02-DEL01-MG"
751706;2026-02-12;"quinta-feira";"05:30:00";"RN";101;33,6;"RIO DO FOGO";"Reação tardia ou ineficiente do condutor";"Tombamento";"Com Vítimas Feridas";"Amanhecer";"Crescente";"Nublado";"Simples";"Reta";"Não";1;0;1;0;0;0;1;1;-5,398448;-35,364177;"SPRF-RN";"DEL02-RN";"UOP01-DEL02-RN"
751708;2026-02-12;"quinta-feira";"05:59:00";"PI";343;593;"FLORIANO";"Manobra de mudança de faixa";"Colisão frontal";"Com Vítimas Feridas";"Amanhecer";"Decrescente";"Garoa/Chuvisco";"Simples";"Reta";"Sim";2;0;1;0;1;0;1;2;-6,782912;-43,039268;"SPRF-PI";"DEL03-PI";"UOP01-DEL03-PI"
751709;2026-02-12;"quinta-feira";"06:30:00";"ES";101;267;"SERRA";"Ausência de reação do condutor";"Queda de ocupante de veículo";"Com Vítimas Feridas";"Pleno dia";"Decrescente";"Céu Claro";"Múltipla";"Reta";"Sim";1;0;1;0;0;0;1;1;-20,2000863;-40,26871628;"SPRF-ES";"DEL02-ES";"UOP01-DEL02-ES"
751711;2026-02-12;"quinta-feira";"02:00:00";"MT";70;512;"VARZEA GRANDE";"Ausência de reação do condutor";"Queda de ocupante de veículo";"Com Vítimas Feridas";"Plena Noite";"Crescente";"Céu Claro";"Simples";"Reta";"Não";2;0;1;0;1;0;1;1;-15,70365755;-56,11985743;"SPRF-MT";"DEL01-MT";"UOP02-DEL01-MT"
751712;2026-01-18;"domingo";"11:20:00";"TO";153;148;"ARAGUAINA";"Transitar na contramão";"Colisão frontal";"Com Vítimas Feridas";"Pleno dia";"Crescente";"Céu Claro";"Simples";"Curva";"Sim";2;0;1;0;1;0;1;2;-7,23301251;-48,25329334;"SPRF-TO";"DEL02-TO";"UOP01-DEL02-TO"
751713;2026-02-12;"quinta-feira";"06:00:00";"MG";40;608;"CONGONHAS";"Velocidade Incompatível";"Saída de leito carroçável";"Sem Vítimas";"Pleno dia";"Crescente";"Nevoeiro/Neblina";"Simples";"Reta";"Não";1;0;0;0;0;1;0;1;-20,4945341;-43,8369204;"SPRF-MG";"DEL05-MG";"UOP02-DEL05-MG"
751714;2026-02-12;"quinta-feira";"07:10:00";"SP";116;223;"GUARULHOS";"Ausência de reação do condutor";"Queda de ocupante de veículo";"Com Vítimas Feridas";"Pleno dia";"Decrescente";"Nublado";"Múltipla";"Reta";"Sim";1;0;0;1;0;0;1;1;-23,48185622;-46,53449929;"SPRF-SP";"DEL01-SP";"UOP01-DEL01-SP"
751715;2026-02-12;"quinta-feira";"06:40:00";"ES";101;166,4;"IBATIBA";"Desrespeitar a preferência no cruzamento";"Colisão transversal";"Com Vítimas Feridas";"Amanhecer";"Crescente";"Céu Claro";"Simples";"Interseção de Vias;Retorno Regulamentado";"Não";2;0;0;1;0;1;1;2;-20,25192491;-41,5638864;"SPRF-ES";"DEL04-ES";"UOP01-DEL04-ES"
751716;2026-02-12;"quinta-feira";"07:10:00";"PI";343;186;"PIRIPIRI";"Avarias e/ou desgaste excessivo no pneu";"Saída de leito carroçável";"Com Vítimas Feridas";"Pleno dia";"Decrescente";"Nublado";"Simples";"Reta";"Sim";2;0;2;0;0;0;2;1;-4,298;-41,768;"SPRF-PI";"DEL02-PI";"UOP01-DEL02-PI"
751719;2026-02-12;"quinta-feira";"07:15:00";"RS";386;356,9;"ESTRELA";"Afundamento ou ondulação no pavimento";"Tombamento";"Com Vítimas Feridas";"Pleno dia";"Decrescente";"Sol";"Dupla";"Reta";"Não";1;0;0;1;0;0;1;1;-29,52863919;-51,92908856;"SPRF-RS";"DEL04-RS";"UOP01-DEL04-RS"
751720;2026-02-12;"quinta-feira";"05:10:00";"RO";364;336,6;"JI-PARANA";"Transitar no Acostamento";"Colisão com objeto";"Com Vítimas Feridas";"Amanhecer";"Decrescente";"Céu Claro";"Simples";"Reta;Declive";"Não";1;0;1;0;0;0;1;1;-10,926627;-61,929788;"SPRF-RO";"DEL02-RO";"UOP01-DEL02-RO"
751721;2026-02-12;"quinta-feira";"06:35:00";"PE";423;89;"SAO JOAO";"Transitar na contramão";"Colisão frontal";"Com Vítimas Fatais";"Pleno dia";"Decrescente";"Céu Claro";"Simples";"Reta";"Não";2;1;0;1;0;0;1;2;-8,844493;-36,459123;"SPRF-PE";"DEL03-PE";"UOP01-DEL03-PE"
751722;2026-02-09;"segunda-feira";"03:00:00";"SC";101;129;"CAMBORIU";"Reação tardia ou ineficiente do condutor";"Colisão com objeto";"Sem Vítimas";"Plena Noite";"Crescente";"Nublado";"Dupla";"Curva";"Sim";1;0;0;0;1;0;0;1;-26,981847;-48,676119;"SPRF-SC";"DEL04-SC";"UOP03-DEL04-SC"
751723;2026-02-12;"quinta-feira";"05:10:00";"MA";135;178,8;"SAO MATEUS DO MARANHAO";"Condutor Dormindo";"Saída de leito carroçável";"Com Vítimas Feridas";"Amanhecer";"Crescente";"Céu Claro";"Simples";"Curva";"Não";2;0;1;1;0;0;2;1;-4,006078;-44,470136;"SPRF-MA";"DEL03-MA";"UOP01-DEL03-MA"
751725;2026-02-12;"quinta-feira";"07:40:00";"MA";135;3,6;"SAO LUIS";"Condutor deixou de manter distância do veículo da frente";"Colisão traseira";"Com Vítimas Feridas";"Amanhecer";"Crescente";"Nublado";"Dupla";"Reta";"Sim";2;0;1;0;0;1;1;2;-2,611668;-44,250767;"SPRF-MA";"DEL01-MA";"UOP01-DEL01-MA"
751727;2026-02-12;"quinta-feira";"07:20:00";"SP";116;117;"TAUBATE";"Manobra de mudança de faixa";"Queda de ocupante de veículo";"Com Vítimas Feridas";"Pleno dia";"Decrescente";"Céu Claro";"Dupla";"Reta";"Sim";1;0;0;1;0;0;1;1;-23,0570261;-45,6212321;"SPRF-SP";"DEL02-SP";"UOP02-DEL02-SP"
751728;2026-02-12;"quinta-feira";"08:25:00";"PE";101;76;"RECIFE";"Reação tardia ou ineficiente do condutor";"Colisão lateral mesmo sentido";"Com Vítimas Feridas";"Pleno dia";"Crescente";"Chuva";"Dupla";"Reta";"Sim";2;0;1;0;1;0;1;2;-8,127082;-34,94399;"SPRF-PE";"DEL01-PE";"UOP01-DEL01-PE"
751729;2026-02-12;"quinta-feira";"08:05:00";"RS";386;168,2;"CARAZINHO";"Manobra de mudança de faixa";"Colisão transversal";"Com Vítimas Feridas";"Pleno dia";"Crescente";"Céu Claro";"Simples";"Declive;Reta";"Não";3;0;3;0;0;0;3;2;-28,222839;-52,820813;"SPRF-RS";"DEL08-RS";"UOP01-DEL08-RS"
751730;2026-02-12;"quinta-feira";"08:00:00";"MG";381;512;"IGARAPE";"Trafegar com motocicleta (ou similar) entre as faixas";"Colisão lateral mesmo sentido";"Com Vítimas Feridas";"Pleno dia";"Crescente";"Céu Claro";"Simples";"Reta";"Não";2;0;1;0;1;0;1;2;-20,06403391;-44,29375947;"SPRF-MG";"DEL01-MG";"UOP03-DEL01-MG"
751734;2026-02-12;"quinta-feira";"08:35:00";"PB";101;122;"CAAPORA";"Chuva";"Saída de leito carroçável";"Com Vítimas Feridas";"Pleno dia";"Crescente";"Chuva";"Dupla";"Curva;Declive";"Não";1;0;1;0;0;0;1;1;-7,4576;-34,9809;"SPRF-PB";"DEL01-PB";"UOP01-DEL01-PB"
751736;2026-02-12;"quinta-feira";"09:30:00";"RJ";116;148;"DUQUE DE CAXIAS";"Ausência de reação do condutor";"Colisão traseira";"Com Vítimas Feridas";"Pleno dia";"Crescente";"Céu Claro";"Dupla";"Curva";"Sim";3;0;1;0;2;0;1;2;-22,671457;-43,2892055;"SPRF-RJ";"DEL01-RJ";"UOP02-DEL01-RJ"
751737;2026-02-12;"quinta-feira";"08:50:00";"PR";153;337,3;"IRATI";"Condutor deixou de manter distância do veículo da frente";"Colisão lateral mesmo sentido";"Sem Vítimas";"Pleno dia";"Decrescente";"Céu Claro";"Simples";"Reta";"Sim";3;0;0;0;3;0;0;2;-25,51257683;-50,65308736;"SPRF-PR";"DEL08-PR";"UOP02-DEL08-PR"
751738;2026-02-12;"quinta-feira";"08:45:00";"ES";101;296;"CARIACICA";"Condutor deixou de manter distância do veículo da frente";"Queda de ocupante de veículo";"Com Vítimas Feridas";"Pleno dia";"Crescente";"Céu Claro";"Simples";"Retorno Regulamentado";"Sim";3;0;2;0;1;0;2;2;-20,34367408;-40,4059224;"SPRF-ES";"DEL01-ES";"UOP01-DEL01-ES"
751739;2026-02-12;"quinta-feira";"09:30:00";"SP";116;289,9;"ITAPECERICA DA SERRA";"Manobra de mudança de faixa";"Colisão lateral mesmo sentido";"Com Vítimas Feridas";"Pleno dia";"Decrescente";"Céu Claro";"Dupla";"Reta";"Sim";3;0;2;0;1;0;2;3;-23,720119;-46,884916;"SPRF-SP";"DEL04-SP";"UOP01-DEL04-SP"
751740;2026-02-12;"quinta-feira";"09:10:00";"PA";230;116;"MARABA";"Demais falhas mecânicas ou elétricas";"Incêndio";"Sem Vítimas";"Pleno dia";"Decrescente";"Céu Claro";"Dupla";"Reta;Aclive";"Sim";2;0;0;0;2;0;0;1;-5,358835;-49,084697;"SPRF-PA";"DEL03-PA";"UOP01-DEL03-PA"
751742;2026-02-12;"quinta-feira";"09:00:00";"CE";222;161,7;"IRAUCUBA";"Acessar a via sem observar a presença dos outros veículos";"Colisão transversal";"Com Vítimas Feridas";"Pleno dia";"Crescente";"Céu Claro";"Simples";"Reta";"Sim";5;0;4;0;1;0;4;2;-3,73784722;-39,80792999;"SPRF-CE";"DEL04-CE";"UOP03-DEL04-CE"
751745;2026-02-12;"quinta-feira";"09:50:00";"ES";262;17;"VIANA";"Mal súbito do condutor";"Saída de leito carroçável";"Com Vítimas Feridas";"Pleno dia";"Crescente";"Céu Claro";"Simples";"Reta";"Não";10;0;10;0;0;0;10;1;-20,38531704;-40,46981184;"SPRF-ES";"DEL01-ES";"UOP01-DEL01-ES"
751748;2026-02-12;"quinta-feira";"09:15:00";"SC";282;1,9;"FLORIANOPOLIS";"Manobra de mudança de faixa";"Colisão lateral mesmo sentido";"Com Vítimas Feridas";"Pleno dia";"Decrescente";"Céu Claro";"Múltipla";"Reta";"Sim";2;0;2;0;0;0;2;2;-27,60357397;-48,58718483;"SPRF-SC";"DEL01-SC";"UOP01-DEL01-SC"
751750;2026-02-12;"quinta-feira";"09:15:00";"SC";101;102,9;"BALNEARIO PICARRAS";"Acessar a via sem observar a presença dos outros veículos";"Colisão lateral mesmo sentido";"Com Vítimas Feridas";"Pleno dia";"Crescente";"Sol";"Dupla";"Declive";"Sim";4;0;1;0;3;0;1;3;-26,78014761;-48,68451532;"SPRF-SC";"DEL03-SC";"UOP02-DEL03-SC"
751752;2026-02-08;"domingo";"10:30:00";"PA";316;94;"SAO FRANCISCO DO PARA";"Ausência de reação do condutor";"Capotamento";"Com Vítimas Feridas";"Pleno dia";"Decrescente";"Sol";"Simples";"Reta";"Não";2;0;2;0;0;0;2;1;-1,326102;-47,65381;"SPRF-PA";"DEL01-PA";"UOP02-DEL01-PA"
751753;2026-02-12;"quinta-feira";"07:50:00";"BA";324;556;"AMELIA RODRIGUES";"Demais falhas mecânicas ou elétricas";"Incêndio";"Sem Vítimas";"Pleno dia";"Decrescente";"Céu Claro";"Dupla";"Reta";"Não";1;0;0;0;1;0;0;1;-12,477674;-38,673096;"SPRF-BA";"DEL01-BA";"UOP03-DEL01-BA"
751754;2026-02-12;"quinta-feira";"09:00:00";"PE";101;84;"JABOATAO DOS GUARARAPES";"Reação tardia ou ineficiente do condutor";"Colisão traseira";"Sem Vítimas";"Pleno dia";"Crescente";"Garoa/Chuvisco";"Simples";"Reta;Declive";"Não";2;0;0;0;2;0;0;2;-8,14861;-34,945965;"SPRF-PE";"DEL01-PE";"UOP01-DEL01-PE"
751755;2026-02-12;"quinta-feira";"10:30:00";"SC";282;58,3;"RANCHO QUEIMADO";"Acessar a via sem observar a presença dos outros veículos";"Colisão transversal";"Com Vítimas Feridas";"Pleno dia";"Decrescente";"Céu Claro";"Simples";"Interseção de Vias";"Não";2;0;1;0;1;0;1;2;-27,68709315;-49,00105923;"SPRF-SC";"DEL01-SC";"UOP03-DEL01-SC"
751756;2026-02-12;"quinta-feira";"08:24:00";"PR";373;395;"CANDOI";"Acessar a via sem observar a presença dos outros veículos";"Colisão traseira";"Com Vítimas Feridas";"Pleno dia";"Crescente";"Céu Claro";"Simples";"Reta";"Não";3;0;0;2;1;0;2;2;-25,54109;-52,01069;"SPRF-PR";"DEL08-PR";"UOP01-DEL08-PR"
751757;2026-02-12;"quinta-feira";"08:30:00";"BA";242;762;"CRISTOPOLIS";"Condutor deixou de manter distância do veículo da frente";"Colisão traseira";"Com Vítimas Feridas";"Pleno dia";"Crescente";"Céu Claro";"Simples";"Reta";"Não";7;0;2;0;5;0;2;2;-12,20124755;-44,48461914;"SPRF-BA";"DEL10-BA";"UOP01-DEL10-BA"
751758;2026-02-12;"quinta-feira";"09:45:00";"BA";116;384;"SANTA BARBARA";"Reação tardia ou ineficiente do condutor";"Saída de leito carroçável";"Com Vítimas Feridas";"Pleno dia";"Decrescente";"Céu Claro";"Simples";"Reta";"Não";3;0;2;1;0;0;3;1;-11,95197;-38,97577;"SPRF-BA";"DEL02-BA";"UOP01-DEL02-BA"
751760;2026-02-12;"quinta-feira";"10:50:00";"SC";282;106;"ALFREDO WAGNER";"Manobra de mudança de faixa";"Colisão traseira";"Com Vítimas Feridas";"Pleno dia";"Decrescente";"Céu Claro";"Simples";"Curva;Aclive";"Não";2;0;1;0;1;0;1;2;-27,697907;-49,344325;"SPRF-SC";"DEL01-SC";"UOP03-DEL01-SC"
751761;2026-02-12;"quinta-feira";"10:45:00";"RJ";393;286;"VOLTA REDONDA";"Condutor deixou de manter distância do veículo da frente";"Colisão traseira";"Com Vítimas Feridas";"Pleno dia";"Crescente";"Céu Claro";"Simples";"Reta";"Sim";2;0;1;0;1;0;1;2;-22,5089537;-44,08127753;"SPRF-RJ";"DEL05-RJ";"UOP04-DEL05-RJ"
751762;2026-02-06;"sexta-feira";"08:54:00";"PE";101;86;"JABOATAO DOS GUARARAPES";"Objeto estático sobre o leito carroçável";"Saída de leito carroçável";"Com Vítimas Feridas";"Pleno dia";"Crescente";"Céu Claro";"Dupla";"Reta";"Sim";1;0;1;0;0;0;1;1;-8,18533556;-34,96990442;"SPRF-PE";"DEL01-PE";"UOP01-DEL01-PE"
751765;2026-02-12;"quinta-feira";"12:00:00";"ES";259;101,1;"BAIXO GUANDU";"Ausência de reação do condutor";"Colisão lateral mesmo sentido";"Com Vítimas Feridas";"Pleno dia";"Decrescente";"Céu Claro";"Simples";"Reta";"Sim";2;0;1;0;1;0;1;2;-19,521961;-41,01229;"SPRF-ES";"DEL02-ES";"UOP01-DEL02-ES"
751766;2026-02-12;"quinta-feira";"11:40:00";"SE";235;41,5;"ITABAIANA";"Condutor deixou de manter distância do veículo da frente";"Colisão traseira";"Com Vítimas Feridas";"Pleno dia";"Decrescente";"Nublado";"Simples";"Reta";"Não";3;0;1;1;1;0;2;2;-10,7686286;-37,37707313;"SPRF-SE";"DEL01-SE";"UOP02-DEL01-SE"
751767;2026-02-12;"quinta-feira";"09:00:00";"PR";153;198,1;"TIBAGI";"Ausência de reação do condutor";"Saída de leito carroçável";"Com Vítimas Feridas";"Pleno dia";"Crescente";"Nublado";"Simples";"Curva";"Não";1;0;1;0;0;0;1;1;-24,46032;-50,42714;"SPRF-PR";"DEL03-PR";"UOP02-DEL03-PR"
751769;2026-02-12;"quinta-feira";"07:57:00";"PE";423;65,8;"CALCADO";"Acessar a via sem observar a presença dos outros veículos";"Colisão transversal";"Com Vítimas Feridas";"Pleno dia";"Decrescente";"Céu Claro";"Simples";"Reta";"Não";2;0;0;1;0;1;1;2;-8,666587;-36,366502;"SPRF-PE";"DEL03-PE";"UOP01-DEL03-PE"
751770;2026-02-12;"quinta-feira";"12:15:00";"RS";116;266;"CANOAS";"Reação tardia ou ineficiente do condutor";"Colisão traseira";"Com Vítimas Feridas";"Pleno dia";"Decrescente";"Céu Claro";"Múltipla";"Reta";"Não";2;0;1;0;1;0;1;2;-29,933712;-51,1769881;"SPRF-RS";"DEL01-RS";"UOP01-DEL01-RS"
751771;2026-02-09;"segunda-feira";"07:17:00";"RJ";354;7;"RESENDE";"Demais falhas mecânicas ou elétricas";"Incêndio";"Sem Vítimas";"Pleno dia";"Decrescente";"Nublado";"Simples";"Reta";"Não";1;0;0;0;0;1;0;1;-22,47861666;-44,7102356;"SPRF-RJ";"DEL07-RJ";"UOP02-DEL07-RJ"
751773;2026-02-12;"quinta-feira";"10:35:00";"SP";116;218;"GUARULHOS";"Velocidade Incompatível";"Tombamento";"Com Vítimas Feridas";"Pleno dia";"Crescente";"Sol";"Múltipla";"Reta";"Não";3;0;0;2;1;0;2;2;-23,45482975;-46,47386926;"SPRF-SP";"DEL01-SP";"UOP01-DEL01-SP"
751775;2026-02-12;"quinta-feira";"13:30:00";"RJ";116;111;"GUAPIMIRIM";"Avarias e/ou desgaste excessivo no pneu";"Queda de ocupante de veículo";"Com Vítimas Feridas";"Pleno dia";"Decrescente";"Sol";"Dupla";"Reta";"Não";1;0;1;0;0;0;1;1;-22,558989;-42,995272;"SPRF-RJ";"DEL04-RJ";"UOP02-DEL04-RJ"
751776;2026-02-12;"quinta-feira";"10:30:00";"SC";101;92;"BARRA VELHA";"Ausência de reação do condutor";"Colisão traseira";"Com Vítimas Feridas";"Pleno dia";"Crescente";"Céu Claro";"Dupla";"Reta";"Sim";3;0;1;0;2;0;1;2;-26,687124;-48,695613;"SPRF-SC";"DEL03-SC";"UOP02-DEL03-SC"
751778;2026-02-12;"quinta-feira";"01:50:00";"RS";471;504;"RIO GRANDE";"Ultrapassagem Indevida";"Colisão frontal";"Com Vítimas Feridas";"Pleno dia";"Crescente";"Chuva";"Simples";"Reta";"Não";5;0;3;2;0;0;5;2;-32,15899344;-52,40149955;"SPRF-RS";"DEL07-RS";"UOP02-DEL07-RS"
751779;2026-01-26;"segunda-feira";"19:20:00";"BA";324;618;"SALVADOR";"Acessar a via sem observar a presença dos outros veículos";"Colisão transversal";"Com Vítimas Feridas";"Plena Noite";"Decrescente";"Céu Claro";"Dupla";"Interseção de Vias";"Sim";2;0;1;0;1;0;1;2;-12,9028437;-38,45386505;"SPRF-BA";"DEL01-BA";"UOP01-DEL01-BA"
751780;2026-02-12;"quinta-feira";"14:00:00";"SP";116;111,8;"TAUBATE";"Avarias e/ou desgaste excessivo no pneu";"Tombamento";"Com Vítimas Feridas";"Pleno dia";"Decrescente";"Céu Claro";"Dupla";"Reta";"Sim";2;0;2;0;0;0;2;1;-23,04114307;-45,56870408;"SPRF-SP";"DEL02-SP";"UOP02-DEL02-SP"
751782;2026-02-12;"quinta-feira";"13:47:00";"SC";101;201,5;"SAO JOSE";"Condutor deixou de manter distância do veículo da frente";"Colisão lateral mesmo sentido";"Com Vítimas Feridas";"Pleno dia";"Crescente";"Céu Claro";"Múltipla";"Reta";"Sim";3;0;1;0;2;0;1;2;-27,55332;-48,619557;"SPRF-SC";"DEL01-SC";"UOP01-DEL01-SC"
751784;2026-02-12;"quinta-feira";"13:00:00";"BA";101;533,7;"SAO JOSE DA VITORIA";"Acumulo de óleo sobre o pavimento";"Saída de leito carroçável";"Sem Vítimas";"Pleno dia";"Decrescente";"Garoa/Chuvisco";"Simples";"Curva";"Não";2;0;0;0;2;0;0;1;-15,022872;-39,328698;"SPRF-BA";"DEL05-BA";"UOP01-DEL05-BA"
751785;2026-02-12;"quinta-feira";"11:45:00";"SP";116;115;"TAUBATE";"Condutor deixou de manter distância do veículo da frente";"Colisão traseira";"Com Vítimas Feridas";"Pleno dia";"Crescente";"Céu Claro";"Dupla";"Reta";"Não";2;0;2;0;0;0;2;2;-23,03908698;-45,56144476;"SPRF-SP";"DEL02-SP";"UOP02-DEL02-SP"
751787;2026-02-12;"quinta-feira";"15:00:00";"PR";116;48;"CAMPINA GRANDE DO SUL";"Acessar a via sem observar a presença dos outros veículos";"Colisão lateral mesmo sentido";"Com Vítimas Feridas";"Pleno dia";"Crescente";"Nublado";"Dupla";"Reta";"Sim";2;0;0;1;1;0;1;2;-25,22026753;-48,90511366;"SPRF-PR";"DEL01-PR";"UOP02-DEL01-PR"
751789;2026-02-12;"quinta-feira";"14:30:00";"PE";232;16;"JABOATAO DOS GUARARAPES";"Reação tardia ou ineficiente do condutor";"Colisão traseira";"Com Vítimas Feridas";"Pleno dia";"Crescente";"Nublado";"Dupla";"Reta;Retorno Regulamentado";"Não";2;0;1;1;0;0;2;2;-8,096;-35,045355;"SPRF-PE";"DEL01-PE";"UOP01-DEL01-PE"
751790;2026-02-12;"quinta-feira";"14:50:00";"GO";60;138;"GOIANIA";"Reação tardia ou ineficiente do condutor";"Queda de ocupante de veículo";"Com Vítimas Feridas";"Pleno dia";"Decrescente";"Céu Claro";"Múltipla";"Reta";"Sim";2;0;2;0;0;0;2;1;-16,613019;-49,205571;"SPRF-GO";"DEL01-GO";"UOP01-DEL01-GO"
751793;2026-02-12;"quinta-feira";"14:10:00";"MG";381;374;"SAO GONCALO DO RIO ABAIXO";"Acessar a via sem observar a presença dos outros veículos";"Colisão transversal";"Com Vítimas Feridas";"Pleno dia";"Decrescente";"Céu Claro";"Simples";"Reta";"Sim";2;0;1;0;1;0;1;2;-19,835772;-43,347607;"SPRF-MG";"DEL01-MG";"UOP01-DEL01-MG"
751794;2026-02-12;"quinta-feira";"15:00:00";"MG";40;546;"NOVA LIMA";"Demais falhas mecânicas ou elétricas";"Incêndio";"Sem Vítimas";"Pleno dia";"Crescente";"Céu Claro";"Dupla";"Reta";"Não";1;0;0;0;1;0;0;1;-20,01250829;-43,96780014;"SPRF-MG";"DEL01-MG";"UOP02-DEL01-MG"
751795;2026-02-12;"quinta-feira";"15:00:00";"RJ";40;78;"PETROPOLIS";"Ausência de reação do condutor";"Tombamento";"Com Vítimas Feridas";"Pleno dia";"Crescente";"Céu Claro";"Simples";"Declive;Curva";"Não";1;0;1;0;0;0;1;1;-22,48549;-43,22726;"SPRF-RJ";"DEL01-RJ";"UOP01-DEL01-RJ"
751796;2026-02-12;"quinta-feira";"15:37:00";"MG";381;500;"BETIM";"Ausência de reação do condutor";"Tombamento";"Com Vítimas Feridas";"Pleno dia";"Decrescente";"Céu Claro";"Dupla";"Reta";"Não";2;0;1;0;0;1;1;2;-20,00630902;-44,21441174;"SPRF-MG";"DEL01-MG";"UOP03-DEL01-MG"
751797;2026-02-12;"quinta-feira";"13:45:00";"MT";70;2;"BARRA DO GARCAS";"Ultrapassagem Indevida";"Colisão transversal";"Com Vítimas Feridas";"Pleno dia";"Decrescente";"Garoa/Chuvisco";"Simples";"Interseção de Vias";"Sim";2;0;1;0;1;0;1;2;-15,88693337;-52,26909667;"SPRF-MT";"DEL07-MT";"UOP01-DEL07-MT"
751798;2026-02-12;"quinta-feira";"12:00:00";"PI";343;4,6;"TERESINA";"Ausência de reação do condutor";"Colisão traseira";"Com Vítimas Feridas";"Pleno dia";"Decrescente";"Nublado";"Dupla";"Reta";"Não";2;0;1;0;0;1;1;2;-5,08218321;-42,79418183;"SPRF-PI";"DEL01-PI";"UOP01-DEL01-PI"
751801;2026-02-12;"quinta-feira";"14:10:00";"RO";319;142;"PORTO VELHO";"Condutor deixou de manter distância do veículo da frente";"Colisão traseira";"Sem Vítimas";"Pleno dia";"Crescente";"Nublado";"Dupla";"Reta";"Sim";4;0;0;0;4;0;0;2;-8,74819959;-63,8884989;"SPRF-RO";"DEL01-RO";"UOP01-DEL01-RO"
751802;2026-02-12;"quinta-feira";"14:30:00";"AL";316;78;"POCO DAS TRINCHEIRAS";"Avarias e/ou desgaste excessivo no pneu";"Queda de ocupante de veículo";"Com Vítimas Feridas";"Pleno dia";"Crescente";"Céu Claro";"Simples";"Reta";"Não";2;0;2;0;0;0;2;1;-9,33744;-37,289247;"SPRF-AL";"DEL03-AL";"UOP02-DEL03-AL"
751804;2026-02-12;"quinta-feira";"15:10:00";"SC";280;28;"ARAQUARI";"Transitar na contramão";"Colisão transversal";"Com Vítimas Feridas";"Pleno dia";"Crescente";"Céu Claro";"Simples";"Reta";"Sim";2;0;2;0;0;0;2;2;-26,40638464;-48,74744487;"SPRF-SC";"DEL03-SC";"UOP03-DEL03-SC"
751805;2026-02-12;"quinta-feira";"14:55:00";"PR";369;192;"ARAPONGAS";"Reação tardia ou ineficiente do condutor";"Queda de ocupante de veículo";"Com Vítimas Feridas";"Pleno dia";"Crescente";"Nublado";"Dupla";"Reta";"Sim";1;0;1;0;0;0;1;1;-23,452341;-51,42346;"SPRF-PR";"DEL07-PR";"UOP03-DEL07-PR"
751806;2026-01-19;"segunda-feira";"10:25:00";"SC";101;75,9;"ARAQUARI";"Reação tardia ou ineficiente do condutor";"Engavetamento";"Sem Vítimas";"Pleno dia";"Decrescente";"Nublado";"Dupla";"Reta";"Sim";4;0;0;0;4;0;0;4;-26,55382403;-48,71906016;"SPRF-SC";"DEL03-SC";"UOP02-DEL03-SC"
751808;2026-02-12;"quinta-feira";"14:30:00";"MT";163;760;"SORRISO";"Pista esburacada";"Queda de ocupante de veículo";"Com Vítimas Feridas";"Pleno dia";"Decrescente";"Nublado";"Simples";"Reta";"Não";1;0;1;0;0;0;1;1;-12,489217;-55,682598;"SPRF-MT";"DEL06-MT";"UOP01-DEL06-MT"
751810;2026-02-12;"quinta-feira";"14:30:00";"MG";381;165,5;"GOVERNADOR VALADARES";"Reação tardia ou ineficiente do condutor";"Colisão lateral mesmo sentido";"Com Vítimas Feridas";"Pleno dia";"Crescente";"Céu Claro";"Simples";"Curva";"Não";2;0;1;0;1;0;1;2;-18,9613311;-42,07626343;"SPRF-MG";"DEL06-MG";"UOP01-DEL06-MG"
751812;2026-02-12;"quinta-feira";"16:10:00";"RJ";101;66,6;"CAMPOS DOS GOYTACAZES";"Condutor deixou de manter distância do veículo da frente";"Colisão traseira";"Com Vítimas Feridas";"Pleno dia";"Crescente";"Céu Claro";"Dupla";"Curva;Interseção de Vias";"Sim";7;0;1;0;6;0;1;2;-21,766903;-41,346078;"SPRF-RJ";"DEL08-RJ";"UOP02-DEL08-RJ"