"id";"data_inversa";"dia_semana";"horario";"uf";"br";"km";"municipio";"causa_acidente";"tipo_acidente";"classificacao_acidente";"fase_dia";"sentido_via";"condicao_metereologica";"tipo_pista";"tracado_via";"uso_solo";"pessoas";"mortos";"feridos_leves";"feridos_graves";"ilesos";"ignorados";"feridos";"veiculos";"latitude";"longitude";"regional";"delegacia";"uop"
752047;2026-02-13;"sexta-feira";"14:30:00";"SC";101;428,5;"SOMBRIO";"Ultrapassagem Indevida";"Colisão frontal";"Com Vítimas Feridas";"Pleno dia";"Decrescente";"Nublado";"Múltipla";"Curva;Aclive";"Sim";3;0;0;1;1;1;1;3;-29,04950046;-49,61944755;"SPRF-SC";"DEL02-SC";"UOP02-DEL02-SC"
752048;2026-02-13;"sexta-feira";"16:00:00";"PR";369;150;"LONDRINA";"Manobra de mudança de faixa";"Colisão traseira";"Com Vítimas Feridas";"Pleno dia";"Decrescente";"Garoa/Chuvisco";"Dupla";"Reta";"Sim";2;0;0;1;1;0;1;2;-23,29304141;-51,16401371;"SPRF-PR";"DEL07-PR";"UOP01-DEL07-PR"
752049;2026-02-13;"sexta-feira";"14:45:00";"SC";101;443,4;"SANTA ROSA DO SUL";"Acessar a via sem observar a presença dos outros veículos";"Colisão lateral mesmo sentido";"Com Vítimas Feridas";"Pleno dia";"Crescente";"Nublado";"Múltipla";"Interseção de Vias";"Sim";2;0;1;0;1;0;1;2;-29,13545034;-49,70877735;"SPRF-SC";"DEL02-SC";"UOP02-DEL02-SC"
752050;2026-02-13;"sexta-feira";"15:30:00";"SP";381;81;"SAO PAULO";"Ausência de reação do condutor";"Colisão traseira";"Sem Vítimas";"Pleno dia";"Decrescente";"Céu Claro";"Dupla";"Reta";"Sim";2;0;0;0;2;0;0;2;-23,43321488;-46,56876035;"SPRF-SP";"DEL03-SP";"UOP01-DEL03-SP"
752051;2026-02-13;"sexta-feira";"16:20:00";"PB";101;90,9;"JOAO PESSOA";"Condutor deixou de manter distância do veículo da frente";"Engavetamento";"Com Vítimas Feridas";"Pleno dia";"Decrescente";"Céu Claro";"Dupla";"Reta;Declive";"Não";3;0;1;0;1;1;1;3;-7,1877724;-34,9021169;"SPRF-PB";"DEL01-PB";"UOP01-DEL01-PB"
752052;2026-02-13;"sexta-feira";"11:25:00";"RO";364;11;"VILHENA";"Transitar na calçada";"Colisão transversal";"Com Vítimas Feridas";"Pleno dia";"Decrescente";"Céu Claro";"Simples";"Reta";"Sim";2;0;1;0;1;0;1;2;-12,74863024;-60,10835616;"SPRF-RO";"DEL04-RO";"UOP01-DEL04-RO"
752053;2026-02-12;"quinta-feira";"17:05:00";"SC";0;0;"SAO JOSE";"Reação tardia ou ineficiente do condutor";"Colisão lateral sentido oposto";"Sem Vítimas";"Pleno dia";"Não Informado";"Céu Claro";"Simples";"Reta";"Sim";1;0;0;0;1;0;0;1;-27,53234217;-48,63264911;"SPRF-SC";"DEL01-SC";"UOP01-DEL01-SC"
752055;2026-02-13;"sexta-feira";"15:40:00";"BA";324;621;"SALVADOR";"Demais falhas mecânicas ou elétricas";"Tombamento";"Com Vítimas Feridas";"Pleno dia";"Decrescente";"Nublado";"Dupla";"Curva";"Não";2;0;2;0;0;0;2;1;-12,9217712;-38,46737358;"SPRF-BA";"DEL01-BA";"UOP01-DEL01-BA"
752056;2026-02-13;"sexta-feira";"16:40:00";"SP";116;225;"GUARULHOS";"Condutor deixou de manter distância do veículo da frente";"Tombamento";"Com Vítimas Feridas";"Pleno dia";"Decrescente";"Nublado";"Múltipla";"Reta";"Sim";1;0;1;0;0;0;1;1;-23,487629;-46,5434;"SPRF-SP";"DEL01-SP";"UOP01-DEL01-SP"
752057;2026-02-13;"sexta-feira";"16:30:00";"SC";101;134;"BALNEARIO CAMBORIU";"Desrespeitar a preferência no cruzamento";"Colisão transversal";"Com Vítimas Feridas";"Pleno dia";"Crescente";"Céu Claro";"Dupla";"Reta;Interseção de Vias";"Sim";2;0;1;0;1;0;1;2;-27,00213;-48,638013;"SPRF-SC";"DEL04-SC";"UOP03-DEL04-SC"
752058;2026-02-13;"sexta-feira";"10:00:00";"PE";116;58;"CABROBO";"Entrada inopinada do pedestre";"Atropelamento de Pedestre";"Com Vítimas Fatais";"Pleno dia";"Decrescente";"Céu Claro";"Simples";"Reta";"Não";2;1;0;0;1;0;0;2;-8,347753;-39,140001;"SPRF-PE";"DEL05-PE";"UOP03-DEL05-PE"
752059;2026-02-13;"sexta-feira";"16:00:00";"MG";381;485;"BETIM";"Ausência de reação do condutor";"Colisão traseira";"Com Vítimas Feridas";"Pleno dia";"Crescente";"Céu Claro";"Múltipla";"Reta";"Sim";2;0;1;0;1;0;1;2;-19,95805041;-44,09212288;"SPRF-MG";"DEL01-MG";"UOP03-DEL01-MG"
752060;2026-02-13;"sexta-feira";"16:00:00";"PI";316;39,5;"LAGOA DO PIAUI";"Acessar a via sem observar a presença dos outros veículos";"Colisão transversal";"Sem Vítimas";"Pleno dia";"Decrescente";"Chuva";"Simples";"Interseção de Vias";"Sim";2;0;0;0;2;0;0;2;-5,40782;-42,647902;"SPRF-PI";"DEL01-PI";"UOP02-DEL01-PI"
752062;2026-02-13;"sexta-feira";"16:15:00";"CE";304;49,6;"ARACATI";"Animais na Pista";"Colisão traseira";"Sem Vítimas";"Pleno dia";"Crescente";"Céu Claro";"Simples";"Reta";"Sim";5;0;0;0;5;0;0;2;-4,57430539;-37,76435293;"SPRF-CE";"DEL03-CE";"UOP02-DEL03-CE"
752063;2026-02-13;"sexta-feira";"16:06:00";"MS";163;184,1;"JUTI";"Demais falhas mecânicas ou elétricas";"Saída de leito carroçável";"Com Vítimas Feridas";"Pleno dia";"Crescente";"Chuva";"Simples";"Reta";"Não";3;0;3;0;0;0;3;1;-22,815217;-54,709948;"SPRF-MS";"DEL09-MS";"UOP01-DEL09-MS"
752065;2026-02-13;"sexta-feira";"17:00:00";"DF";70;14,8;"BRASILIA";"Acessar a via sem observar a presença dos outros veículos";"Colisão transversal";"Com Vítimas Feridas";"Pleno dia";"Crescente";"Nublado";"Dupla";"Reta";"Sim";2;0;1;0;1;0;1;2;-15,79906;-48,18278;"SPRF-DF";"DEL03-DF";"UOP02-DEL03-DF"
752066;2026-02-13;"sexta-feira";"16:10:00";"MG";50;177,5;"UBERABA";"Condutor deixou de manter distância do veículo da frente";"Engavetamento";"Com Vítimas Feridas";"Pleno dia";"Decrescente";"Sol";"Dupla";"Reta";"Sim";5;0;1;0;3;1;1;3;-19,77944503;-47,94493675;"SPRF-MG";"DEL13-MG";"UOP01-DEL13-MG"
752067;2026-02-13;"sexta-feira";"16:15:00";"PR";476;159;"ARAUCARIA";"Acessar a via sem observar a presença dos outros veículos";"Colisão transversal";"Com Vítimas Feridas";"Pleno dia";"Crescente";"Chuva";"Simples";"Reta";"Sim";3;0;1;0;1;1;1;3;-25,6138956;-49,4246753;"SPRF-PR";"DEL01-PR";"UOP06-DEL01-PR"
752068;2026-02-13;"sexta-feira";"17:15:00";"MG";381;491,8;"BETIM";"Pista esburacada";"Colisão com objeto";"Com Vítimas Feridas";"Pleno dia";"Crescente";"Céu Claro";"Múltipla";"Reta";"Sim";1;0;1;0;0;0;1;1;-19,9606;-44,1574;"SPRF-MG";"DEL01-MG";"UOP03-DEL01-MG"
752069;2026-02-13;"sexta-feira";"17:00:00";"ES";262;195,5;"IUNA";"Reação tardia ou ineficiente do condutor";"Colisão lateral mesmo sentido";"Com Vítimas Feridas";"Pleno dia";"Crescente";"Sol";"Simples";"Reta";"Não";4;0;3;1;0;0;4;2;-20,28278051;-41,77402085;"SPRF-ES";"DEL01-ES";"UOP02-DEL01-ES"
752070;2026-02-13;"sexta-feira";"15:10:00";"SC";282;3;"FLORIANOPOLIS";"Condutor deixou de manter distância do veículo da frente";"Colisão traseira";"Com Vítimas Feridas";"Pleno dia";"Crescente";"Chuva";"Dupla";"Reta";"Sim";2;0;1;0;1;0;1;2;-27,59667315;-48,60096786;"SPRF-SC";"DEL01-SC";"UOP01-DEL01-SC"
752071;2026-02-13;"sexta-feira";"12:11:00";"MT";70;671;"POCONE";"Chuva";"Saída de leito carroçável";"Com Vítimas Feridas";"Pleno dia";"Crescente";"Chuva";"Simples";"Aclive";"Não";1;0;0;1;0;0;1;1;-15,94271209;-57,07960643;"SPRF-MT";"DEL03-MT";"UOP02-DEL03-MT"
752072;2026-02-13;"sexta-feira";"17:00:00";"PR";153;42,5;"SANTO ANTONIO DA PLATINA";"Desrespeitar a preferência no cruzamento";"Colisão transversal";"Com Vítimas Feridas";"Pleno dia";"Decrescente";"Nublado";"Simples";"Reta;Interseção de Vias";"Sim";2;0;1;0;1;0;1;2;-23,301342;-50,070216;"SPRF-PR";"DEL07-PR";"UOP04-DEL07-PR"
752074;2026-02-13;"sexta-feira";"16:30:00";"MT";163;834;"SINOP";"Conversão proibida";"Colisão lateral mesmo sentido";"Com Vítimas Feridas";"Pleno dia";"Decrescente";"Céu Claro";"Dupla";"Rotatória;Retorno Regulamentado";"Sim";3;0;1;0;2;0;1;2;-11,86623222;-55,49685214;"SPRF-MT";"DEL06-MT";"UOP02-DEL06-MT"
752075;2026-02-13;"sexta-feira";"15:15:00";"PE";101;178,5;"JOAQUIM NABUCO";"Manobra de mudança de faixa";"Colisão transversal";"Com Vítimas Feridas";"Pleno dia";"Decrescente";"Nublado";"Dupla";"Reta";"Não";2;0;1;0;1;0;1;2;-8,61938046;-35,5478096;"SPRF-PE";"DEL01-PE";"UOP03-DEL01-PE"
752076;2026-02-13;"sexta-feira";"17:00:00";"MG";267;13,2;"ALEM PARAIBA";"Acessar a via sem observar a presença dos outros veículos";"Colisão transversal";"Com Vítimas Feridas";"Pleno dia";"Crescente";"Céu Claro";"Simples";"Curva";"Não";2;0;1;0;1;0;1;2;-21,717847;-42,730227;"SPRF-MG";"DEL07-MG";"UOP01-DEL07-MG"
752078;2026-02-13;"sexta-feira";"17:30:00";"SP";381;30;"ATIBAIA";"Manobra de mudança de faixa";"Colisão lateral mesmo sentido";"Com Vítimas Feridas";"Pleno dia";"Decrescente";"Sol";"Dupla";"Reta";"Sim";4;0;2;0;2;0;2;2;-23,05065577;-46,56605098;"SPRF-SP";"DEL03-SP";"UOP02-DEL03-SP"
752079;2026-02-13;"sexta-feira";"15:00:00";"RJ";465;12;"SEROPEDICA";"Acessar a via sem observar a presença dos outros veículos";"Colisão transversal";"Com Vítimas Feridas";"Pleno dia";"Crescente";"Céu Claro";"Simples";"Reta";"Sim";2;0;1;0;1;0;1;2;-22,79426781;-43,64885179;"SPRF-RJ";"DEL06-RJ";"UOP02-DEL06-RJ"
752080;2026-02-13;"sexta-feira";"16:05:00";"PI";343;2,7;"TERESINA";"Reação tardia ou ineficiente do condutor";"Colisão traseira";"Sem Vítimas";"Pleno dia";"Crescente";"Chuva";"Dupla";"Rotatória";"Sim";3;0;0;0;3;0;0;2;-5,080613;-42,774763;"SPRF-PI";"DEL01-PI";"UOP01-DEL01-PI"
752081;2026-02-13;"sexta-feira";"16:20:00";"MG";50;133;"UBERABA";"Afundamento ou ondulação no pavimento";"Tombamento";"Com Vítimas Feridas";"Pleno dia";"Decrescente";"Céu Claro";"Dupla";"Reta";"Não";2;0;2;0;0;0;2;1;-19,415443;-48,071396;"SPRF-MG";"DEL13-MG";"UOP01-DEL13-MG"
752082;2026-02-13;"sexta-feira";"14:00:00";"RO";364;13;"VILHENA";"Acessar a via sem observar a presença dos outros veículos";"Colisão transversal";"Com Vítimas Feridas";"Pleno dia";"Crescente";"Céu Claro";"Simples";"Reta";"Sim";2;0;1;0;1;0;1;2;-12,74059827;-60,13193696;"SPRF-RO";"DEL04-RO";"UOP01-DEL04-RO"
752083;2026-02-13;"sexta-feira";"15:00:00";"BA";116;15,5;"VITORIA DA CONQUISTA";"Acessar a via sem observar a presença dos outros veículos";"Colisão transversal";"Com Vítimas Feridas";"Pleno dia";"Decrescente";"Nublado";"Simples";"Retorno Regulamentado";"Sim";2;0;1;0;1;0;1;2;-14,89929905;-40,85535977;"SPRF-BA";"DEL08-BA";"UOP01-DEL08-BA"
752084;2026-02-13;"sexta-feira";"17:30:00";"SP";381;65;"MAIRIPORA";"Demais falhas mecânicas ou elétricas";"Incêndio";"Sem Vítimas";"Pleno dia";"Decrescente";"Céu Claro";"Simples";"Reta";"Sim";1;0;0;0;1;0;0;1;-23,31704989;-46,5822408;"SPRF-SP";"DEL03-SP";"UOP01-DEL03-SP"
752086;2026-02-13;"sexta-feira";"17:45:00";"PR";116;117;"CURITIBA";"Ausência de reação do condutor";"Queda de ocupante de veículo";"Com Vítimas Feridas";"Pleno dia";"Decrescente";"Chuva";"Múltipla";"Curva";"Sim";1;0;1;0;0;0;1;1;-25,56111234;-49,30803236;"SPRF-PR";"DEL01-PR";"UOP03-DEL01-PR"
752088;2026-02-13;"sexta-feira";"17:30:00";"MG";381;482;"BETIM";"Ausência de reação do condutor";"Colisão traseira";"Com Vítimas Feridas";"Pleno dia";"Crescente";"Céu Claro";"Dupla";"Reta";"Sim";2;0;1;0;1;0;1;2;-19,95892114;-44,07144821;"SPRF-MG";"DEL01-MG";"UOP03-DEL01-MG"
752089;2026-02-13;"sexta-feira";"15:00:00";"PE";101;177,4;"JOAQUIM NABUCO";"Chuva";"Saída de leito carroçável";"Com Vítimas Feridas";"Pleno dia";"Crescente";"Chuva";"Dupla";"Curva";"Não";1;0;1;0;0;0;1;1;-8,620043;-35,548357;"SPRF-PE";"DEL01-PE";"UOP03-DEL01-PE"
752090;2026-02-13;"sexta-feira";"16:50:00";"PR";277;627,8;"CEU AZUL";"Condutor deixou de manter distância do veículo da frente";"Colisão traseira";"Sem Vítimas";"Pleno dia";"Decrescente";"Chuva";"Simples";"Declive;Reta";"Não";2;0;0;0;2;0;0;2;-25,10754728;-53,7596967;"SPRF-PR";"DEL05-PR";"UOP02-DEL05-PR"
752091;2026-02-13;"sexta-feira";"17:30:00";"RS";386;444;"CANOAS";"Problema na suspensão";"Colisão com objeto";"Sem Vítimas";"Pleno dia";"Decrescente";"Céu Claro";"Dupla";"Reta";"Não";2;0;0;0;2;0;0;2;-29,8891367;-51,21346593;"SPRF-RS";"DEL01-RS";"UOP01-DEL01-RS"
752092;2026-02-13;"sexta-feira";"17:45:00";"SC";470;168,8;"POUSO REDONDO";"Transitar na contramão";"Colisão frontal";"Com Vítimas Feridas";"Pleno dia";"Crescente";"Chuva";"Simples";"Aclive";"Não";3;0;2;1;0;0;3;2;-27,265228;-49,883598;"SPRF-SC";"DEL04-SC";"UOP02-DEL04-SC"
752095;2026-02-13;"sexta-feira";"17:00:00";"MG";116;522,8;"CARATINGA";"Acessar a via sem observar a presença dos outros veículos";"Colisão transversal";"Com Vítimas Feridas";"Pleno dia";"Decrescente";"Sol";"Simples";"Interseção de Vias";"Sim";2;0;1;0;1;0;1;2;-19,75280993;-42,13291168;"SPRF-MG";"DEL06-MG";"UOP02-DEL06-MG"
752096;2026-02-13;"sexta-feira";"18:00:00";"RJ";101;70;"CAMPOS DOS GOYTACAZES";"Retorno proibido";"Colisão transversal";"Sem Vítimas";"Pleno dia";"Crescente";"Céu Claro";"Simples";"Reta";"Não";2;0;0;0;2;0;0;2;-21,8360201;-41,42166117;"SPRF-RJ";"DEL08-RJ";"UOP02-DEL08-RJ"
752097;2026-02-13;"sexta-feira";"18:30:00";"SC";101;135;"BALNEARIO CAMBORIU";"Acessar a via sem observar a presença dos outros veículos";"Colisão transversal";"Com Vítimas Feridas";"Anoitecer";"Crescente";"Chuva";"Múltipla";"Interseção de Vias";"Sim";2;0;2;0;0;0;2;2;-27,00018724;-48,64363845;"SPRF-SC";"DEL04-SC";"UOP03-DEL04-SC"
752098;2026-02-13;"sexta-feira";"17:30:00";"RJ";116;179;"MESQUITA";"Transitar na contramão";"Colisão frontal";"Sem Vítimas";"Pleno dia";"Decrescente";"Céu Claro";"Múltipla";"Reta";"Sim";2;0;0;0;2;0;0;2;-22,76937006;-43,40944855;"SPRF-RJ";"DEL06-RJ";"UOP01-DEL06-RJ"
752100;2026-02-13;"sexta-feira";"18:30:00";"SC";101;186;"BIGUACU";"Manobra de mudança de faixa";"Colisão lateral mesmo sentido";"Com Vítimas Feridas";"Anoitecer";"Crescente";"Chuva";"Dupla";"Curva";"Não";3;0;0;1;2;0;1;2;-27,43988812;-48,62686157;"SPRF-SC";"DEL01-SC";"UOP01-DEL01-SC"
752101;2026-02-13;"sexta-feira";"18:00:00";"PR";369;201;"APUCARANA";"Chuva";"Engavetamento";"Sem Vítimas";"Anoitecer";"Decrescente";"Chuva";"Simples";"Reta";"Sim";3;0;0;0;3;0;0;3;-23,535533;-51,456255;"SPRF-PR";"DEL07-PR";"UOP03-DEL07-PR"
752102;2026-02-13;"sexta-feira";"17:25:00";"MG";116;276;"TEOFILO OTONI";"Entrada inopinada do pedestre";"Atropelamento de Pedestre";"Com Vítimas Feridas";"Pleno dia";"Decrescente";"Céu Claro";"Simples";"Reta";"Sim";3;0;0;3;0;0;3;2;-17,85274328;-41,51416747;"SPRF-MG";"DEL11-MG";"UOP01-DEL11-MG"
752103;2026-02-13;"sexta-feira";"18:30:00";"SC";101;201,7;"SAO JOSE";"Manobra de mudança de faixa";"Queda de ocupante de veículo";"Com Vítimas Feridas";"Plena Noite";"Decrescente";"Garoa/Chuvisco";"Múltipla";"Reta";"Sim";2;0;0;1;0;1;1;2;-27,55664901;-48,61921191;"SPRF-SC";"DEL01-SC";"UOP01-DEL01-SC"
752104;2026-02-13;"sexta-feira";"16:15:00";"PB";230;99;"GURINHEM";"Reação tardia ou ineficiente do condutor";"Saída de leito carroçável";"Sem Vítimas";"Pleno dia";"Crescente";"Chuva";"Dupla";"Curva";"Não";1;0;0;0;1;0;0;1;-7,1919483;-35,4773367;"SPRF-PB";"DEL01-PB";"UOP02-DEL01-PB"
752105;2026-02-13;"sexta-feira";"17:30:00";"PR";277;584,4;"CASCAVEL";"Manobra de mudança de faixa";"Colisão transversal";"Com Vítimas Feridas";"Pleno dia";"Crescente";"Chuva";"Dupla";"Reta;Aclive";"Sim";2;0;1;0;1;0;1;2;-24,97946448;-53,38091612;"SPRF-PR";"DEL04-PR";"UOP01-DEL04-PR"
752108;2026-02-13;"sexta-feira";"18:20:00";"SC";282;225,3;"LAGES";"Reação tardia ou ineficiente do condutor";"Colisão frontal";"Com Vítimas Feridas";"Anoitecer";"Crescente";"Chuva";"Simples";"Curva";"Não";5;0;1;1;3;0;2;2;-27,7957428;-50,3849085;"SPRF-SC";"DEL05-SC";"UOP02-DEL05-SC"
752109;2026-02-13;"sexta-feira";"18:50:00";"DF";20;4,1;"BRASILIA";"Trafegar com motocicleta (ou similar) entre as faixas";"Colisão lateral mesmo sentido";"Com Vítimas Feridas";"Anoitecer";"Crescente";"Céu Claro";"Dupla";"Reta;Declive";"Sim";2;0;1;0;1;0;1;2;-15,6742242;-47,8231391;"SPRF-DF";"DEL02-DF";"UOP01-DEL02-DF"
752111;2026-02-13;"sexta-feira";"18:25:00";"SP";116;334;"JUQUITIBA";"Ausência de reação do condutor";"Tombamento";"Com Vítimas Feridas";"Plena Noite";"Crescente";"Nublado";"Dupla";"Curva";"Não";1;0;0;1;0;0;1;1;-23,966992;-47,131355;"SPRF-SP";"DEL04-SP";"UOP03-DEL04-SP"
752113;2026-02-13;"sexta-feira";"15:00:00";"SC";282;591;"SAUDADES";"Chuva";"Saída de leito carroçável";"Sem Vítimas";"Pleno dia";"Crescente";"Chuva";"Simples";"Curva";"Não";2;0;0;0;2;0;0;1;-26,82636;-53,100651;"SPRF-SC";"DEL07-SC";"UOP02-DEL07-SC"
752116;2026-02-12;"quinta-feira";"09:20:00";"RJ";116;186;"NOVA IGUACU";"Trafegar com motocicleta (ou similar) entre as faixas";"Colisão traseira";"Com Vítimas Feridas";"Pleno dia";"Decrescente";"Céu Claro";"Dupla";"Reta";"Sim";3;0;1;0;2;0;1;2;-22,73928292;-43,46895067;"SPRF-RJ";"DEL06-RJ";"UOP01-DEL06-RJ"
752117;2026-02-13;"sexta-feira";"18:40:00";"SP";116;70,5;"APARECIDA";"Pista esburacada";"Tombamento";"Com Vítimas Feridas";"Plena Noite";"Crescente";"Céu Claro";"Dupla";"Curva";"Não";1;0;0;1;0;0;1;1;-22,85359808;-45,2289708;"SPRF-SP";"DEL08-SP";"UOP01-DEL08-SP"
752118;2026-02-13;"sexta-feira";"19:40:00";"SC";280;28;"ARAQUARI";"Condutor deixou de manter distância do veículo da frente";"Tombamento";"Com Vítimas Feridas";"Plena Noite";"Crescente";"Chuva";"Simples";"Reta";"Sim";1;0;1;0;0;0;1;1;-26,407111;-48,74852;"SPRF-SC";"DEL03-SC";"UOP03-DEL03-SC"
752119;2026-02-13;"sexta-feira";"19:20:00";"PR";116;62;"QUATRO BARRAS";"Acessar a via sem observar a presença dos outros veículos";"Colisão transversal";"Com Vítimas Feridas";"Plena Noite";"Decrescente";"Chuva";"Dupla";"Reta";"Não";3;0;1;0;2;0;1;2;-25,30636088;-48,99593926;"SPRF-PR";"DEL01-PR";"UOP02-DEL01-PR"
752120;2026-02-13;"sexta-feira";"17:45:00";"GO";60;366,5;"RIO VERDE";"Reação tardia ou ineficiente do condutor";"Saída de leito carroçável";"Com Vítimas Feridas";"Pleno dia";"Decrescente";"Céu Claro";"Dupla";"Reta";"Não";1;0;0;1;0;0;1;1;-17,677362;-50,829193;"SPRF-GO";"DEL04-GO";"UOP02-DEL04-GO"
752121;2026-02-13;"sexta-feira";"19:40:00";"GO";251;27;"CRISTALINA";"Conversão proibida";"Colisão transversal";"Com Vítimas Feridas";"Plena Noite";"Crescente";"Céu Claro";"Simples";"Reta";"Sim";2;0;1;0;1;0;1;2;-16,102783;-47,498829;"SPRF-DF";"DEL01-DF";"UOP01-DEL01-DF"
752122;2026-02-13;"sexta-feira";"19:00:00";"BA";116;356,7;"SERRINHA";"Acessar a via sem observar a presença dos outros veículos";"Colisão transversal";"Com Vítimas Feridas";"Plena Noite";"Crescente";"Céu Claro";"Simples";"Reta;Interseção de Vias";"Sim";2;0;0;1;1;0;1;2;-11,6504689;-38,9920635;"SPRF-BA";"DEL02-BA";"UOP01-DEL02-BA"
752123;2026-02-13;"sexta-feira";"17:30:00";"RJ";116;135;"MAGE";"Ingestão de álcool pelo condutor";"Colisão traseira";"Com Vítimas Feridas";"Pleno dia";"Crescente";"Sol";"Dupla";"Reta";"Não";2;0;1;0;1;0;1;2;-22,65278932;-43,16026211;"SPRF-RJ";"DEL04-RJ";"UOP02-DEL04-RJ"
752124;2026-02-13;"sexta-feira";"17:45:00";"RS";285;174,9;"MUITOS CAPOES";"Acessar a via sem observar a presença dos outros veículos";"Colisão traseira";"Com Vítimas Feridas";"Pleno dia";"Decrescente";"Nublado";"Simples";"Curva;Declive";"Não";5;0;1;0;4;0;1;2;-28,312341;-51,360805;"SPRF-RS";"DEL08-RS";"UOP05-DEL08-RS"
752129;2026-02-13;"sexta-feira";"20:00:00";"ES";101;288;"CARIACICA";"Manobra de mudança de faixa";"Colisão lateral mesmo sentido";"Com Vítimas Feridas";"Plena Noite";"Crescente";"Céu Claro";"Dupla";"Reta";"Sim";3;0;2;0;1;0;2;2;-20,272259;-40,391338;"SPRF-ES";"DEL01-ES";"UOP01-DEL01-ES"
752131;2026-02-13;"sexta-feira";"19:40:00";"GO";70;10;"AGUAS LINDAS DE GOIAS";"Ausência de reação do condutor";"Colisão traseira";"Com Vítimas Feridas";"Plena Noite";"Decrescente";"Nublado";"Dupla";"Reta;Aclive";"Sim";2;0;0;1;1;0;1;2;-15,73927953;-48,30248443;"SPRF-DF";"DEL03-DF";"UOP02-DEL03-DF"
752132;2026-02-13;"sexta-feira";"18:30:00";"MG";381;810;"CAREACU";"Demais falhas mecânicas ou elétricas";"Incêndio";"Sem Vítimas";"Anoitecer";"Crescente";"Céu Claro";"Dupla";"Curva;Aclive";"Não";4;0;0;0;4;0;0;1;-21,994121;-45,6735911;"SPRF-MG";"DEL16-MG";"UOP02-DEL16-MG"
752133;2026-02-13;"sexta-feira";"20:48:00";"RS";116;250,6;"SAPUCAIA DO SUL";"Avarias e/ou desgaste excessivo no pneu";"Tombamento";"Com Vítimas Feridas";"Plena Noite";"Decrescente";"Céu Claro";"Múltipla";"Reta";"Não";2;0;2;0;0;0;2;1;-29,79550562;-51,16465189;"SPRF-RS";"DEL01-RS";"UOP02-DEL01-RS"
752134;2026-02-13;"sexta-feira";"13:00:00";"BA";415;56,6;"ITABUNA";"Reação tardia ou ineficiente do condutor";"Saída de leito carroçável";"Com Vítimas Feridas";"Pleno dia";"Decrescente";"Céu Claro";"Simples";"Curva";"Não";2;0;2;0;0;0;2;1;-14,849539;-39,366631;"SPRF-BA";"DEL05-BA";"UOP01-DEL05-BA"
752135;2026-02-13;"sexta-feira";"20:30:00";"GO";40;97;"CRISTALINA";"Ultrapassagem Indevida";"Colisão frontal";"Com Vítimas Fatais";"Plena Noite";"Crescente";"Céu Claro";"Múltipla";"Reta;Declive";"Sim";3;1;0;1;1;0;1;3;-16,76475857;-47,59567022;"SPRF-DF";"DEL01-DF";"UOP02-DEL01-DF"
752136;2026-02-13;"sexta-feira";"18:52:00";"PR";277;334;"GUARAPUAVA";"Acessar a via sem observar a presença dos outros veículos";"Colisão transversal";"Com Vítimas Feridas";"Anoitecer";"Decrescente";"Chuva";"Simples";"Reta";"Não";4;0;1;0;3;0;1;2;-25,36590843;-51,34375691;"SPRF-PR";"DEL08-PR";"UOP01-DEL08-PR"
752137;2026-02-13;"sexta-feira";"19:30:00";"PR";376;232;"APUCARANA";"Reação tardia ou ineficiente do condutor";"Saída de leito carroçável";"Com Vítimas Feridas";"Anoitecer";"Decrescente";"Chuva";"Dupla";"Reta;Aclive";"Não";1;0;1;0;0;0;1;1;-23,56796009;-51,51525736;"SPRF-PR";"DEL07-PR";"UOP03-DEL07-PR"
752138;2026-02-13;"sexta-feira";"19:35:00";"SP";153;154;"PROMISSAO";"Animais na Pista";"Atropelamento de Animal";"Sem Vítimas";"Plena Noite";"Decrescente";"Céu Claro";"Simples";"Reta";"Não";3;0;0;0;3;0;0;1;-21,45608423;-49,78333354;"SPRF-SP";"DEL07-SP";"UOP01-DEL07-SP"
752139;2026-02-13;"sexta-feira";"14:00:00";"AP";156;73;"LARANJAL DO JARI";"Velocidade Incompatível";"Colisão frontal";"Com Vítimas Feridas";"Pleno dia";"Decrescente";"Chuva";"Simples";"Curva;Aclive";"Não";2;0;0;1;1;0;1;2;-0,70497939;-52,37784505;"SPRF-AP";"DEL01-AP";"UOP01-DEL01-AP"
752140;2026-02-13;"sexta-feira";"20:30:00";"MG";40;532;"BELO HORIZONTE";"Condutor deixou de manter distância do veículo da frente";"Engavetamento";"Com Vítimas Feridas";"Plena Noite";"Decrescente";"Céu Claro";"Dupla";"Reta;Declive";"Sim";4;0;2;0;2;0;2;3;-19,92484048;-44,01309671;"SPRF-MG";"DEL01-MG";"UOP02-DEL01-MG"
752142;2026-02-13;"sexta-feira";"20:05:00";"MG";381;862,8;"POUSO ALEGRE";"Reação tardia ou ineficiente do condutor";"Colisão com objeto";"Com Vítimas Feridas";"Plena Noite";"Decrescente";"Céu Claro";"Dupla";"Reta;Declive";"Não";1;0;0;1;0;0;1;1;-22,337425;-45,923808;"SPRF-MG";"DEL16-MG";"UOP01-DEL16-MG"
752143;2026-02-13;"sexta-feira";"20:30:00";"SC";101;217,2;"PALHOCA";"Acessar a via sem observar a presença dos outros veículos";"Colisão transversal";"Com Vítimas Feridas";"Plena Noite";"Crescente";"Chuva";"Dupla";"Interseção de Vias;Reta";"Sim";2;0;1;0;1;0;1;2;-27,669765;-48,673313;"SPRF-SC";"DEL01-SC";"UOP02-DEL01-SC"