"id";"data_inversa";"dia_semana";"horario";"uf";"br";"km";"municipio";"causa_acidente";"tipo_acidente";"classificacao_acidente";"fase_dia";"sentido_via";"condicao_metereologica";"tipo_pista";"tracado_via";"uso_solo";"pessoas";"mortos";"feridos_leves";"feridos_graves";"ilesos";"ignorados";"feridos";"veiculos";"latitude";"longitude";"regional";"delegacia";"uop"
752357;2026-02-14;"sábado";"16:00:00";"PR";116;145,4;"MANDIRITUBA";"Ausência de reação do condutor";"Saída de leito carroçável";"Com Vítimas Fatais";"Pleno dia";"Decrescente";"Chuva";"Simples";"Curva;Declive";"Não";1;1;0;0;0;0;0;1;-25,8104;-49,326714;"SPRF-PR";"DEL01-PR";"UOP03-DEL01-PR"
752358;2026-02-14;"sábado";"16:20:00";"PR";277;39;"MORRETES";"Reação tardia ou ineficiente do condutor";"Colisão traseira";"Com Vítimas Feridas";"Pleno dia";"Decrescente";"Garoa/Chuvisco";"Dupla";"Reta;Declive";"Não";7;0;2;0;4;1;2;5;-25,5782962;-48,86140315;"SPRF-PR";"DEL01-PR";"UOP05-DEL01-PR"
752360;2026-02-14;"sábado";"15:20:00";"RS";470;218;"BENTO GONCALVES";"Reação tardia ou ineficiente do condutor";"Colisão frontal";"Com Vítimas Feridas";"Pleno dia";"Decrescente";"Garoa/Chuvisco";"Simples";"Curva;Aclive";"Não";3;0;2;0;1;0;2;2;-29,18717109;-51,52039134;"SPRF-RS";"DEL06-RS";"UOP01-DEL06-RS"
752361;2026-02-14;"sábado";"16:30:00";"PE";101;69;"RECIFE";"Manobra de mudança de faixa";"Colisão transversal";"Com Vítimas Feridas";"Pleno dia";"Decrescente";"Nublado";"Múltipla";"Reta";"Sim";3;0;0;1;0;2;1;3;-8,0597617;-34,945396;"SPRF-PE";"DEL01-PE";"UOP01-DEL01-PE"
752362;2026-02-14;"sábado";"12:40:00";"RJ";465;20;"NOVA IGUACU";"Ausência de reação do condutor";"Tombamento";"Com Vítimas Feridas";"Pleno dia";"Crescente";"Céu Claro";"Simples";"Reta";"Sim";2;0;1;0;1;0;1;2;-22,8405693;-43,60964159;"SPRF-RJ";"DEL06-RJ";"UOP02-DEL06-RJ"
752364;2026-02-14;"sábado";"15:30:00";"RJ";465;2;"SEROPEDICA";"Conversão proibida";"Colisão transversal";"Com Vítimas Feridas";"Pleno dia";"Crescente";"Céu Claro";"Simples";"Reta";"Não";2;0;1;0;1;0;1;2;-22,72662674;-43,71936891;"SPRF-RJ";"DEL06-RJ";"UOP02-DEL06-RJ"
752365;2026-02-14;"sábado";"17:09:00";"ES";101;298,6;"VIANA";"Avarias e/ou desgaste excessivo no pneu";"Tombamento";"Com Vítimas Feridas";"Pleno dia";"Decrescente";"Céu Claro";"Dupla";"Reta;Aclive";"Não";2;0;2;0;0;0;2;1;-20,35361355;-40,41559267;"SPRF-ES";"DEL01-ES";"UOP01-DEL01-ES"
752366;2026-02-14;"sábado";"17:15:00";"MG";381;504,9;"BETIM";"Demais falhas mecânicas ou elétricas";"Tombamento";"Com Vítimas Feridas";"Pleno dia";"Crescente";"Céu Claro";"Múltipla";"Reta;Declive";"Não";2;0;2;0;0;0;2;1;-20,02901834;-44,23513817;"SPRF-MG";"DEL01-MG";"UOP03-DEL01-MG"
752367;2026-02-14;"sábado";"15:30:00";"CE";222;194,4;"FORQUILHA";"Avarias e/ou desgaste excessivo no pneu";"Saída de leito carroçável";"Sem Vítimas";"Pleno dia";"Decrescente";"Chuva";"Simples";"Curva";"Não";1;0;0;0;1;0;0;1;-3,799574;-40,160576;"SPRF-CE";"DEL04-CE";"UOP01-DEL04-CE"
752368;2026-02-14;"sábado";"17:00:00";"SC";101;216;"PALHOCA";"Pista Escorregadia";"Queda de ocupante de veículo";"Com Vítimas Feridas";"Pleno dia";"Decrescente";"Nublado";"Múltipla";"Reta";"Sim";2;0;2;0;0;0;2;1;-27,66411321;-48,67521493;"SPRF-SC";"DEL01-SC";"UOP02-DEL01-SC"
752369;2026-02-14;"sábado";"16:10:00";"RJ";101;503;"ANGRA DOS REIS";"Acessar a via sem observar a presença dos outros veículos";"Colisão frontal";"Com Vítimas Feridas";"Pleno dia";"Crescente";"Céu Claro";"Simples";"Reta";"Sim";2;0;1;0;1;0;1;2;-22,92723635;-44,37430501;"SPRF-RJ";"DEL03-RJ";"UOP03-DEL03-RJ"
752370;2026-02-14;"sábado";"16:30:00";"PI";316;397,2;"FRANCISCO MACEDO";"Reação tardia ou ineficiente do condutor";"Colisão traseira";"Sem Vítimas";"Pleno dia";"Crescente";"Céu Claro";"Simples";"Reta";"Sim";2;0;0;0;1;1;0;2;-7,32990611;-40,78942537;"SPRF-PI";"DEL04-PI";"UOP03-DEL04-PI"
752371;2026-02-14;"sábado";"17:05:00";"SC";470;54;"BLUMENAU";"Desrespeitar a preferência no cruzamento";"Colisão transversal";"Sem Vítimas";"Pleno dia";"Crescente";"Nublado";"Simples";"Reta";"Sim";4;0;0;0;4;0;0;2;-26,93440769;-49,11422;"SPRF-SC";"DEL04-SC";"UOP01-DEL04-SC"
752372;2026-02-14;"sábado";"17:10:00";"ES";101;125,2;"SOORETAMA";"Ausência de reação do condutor";"Colisão com objeto";"Com Vítimas Feridas";"Anoitecer";"Decrescente";"Céu Claro";"Dupla";"Reta";"Não";2;0;1;0;1;0;1;1;-19,18630183;-40,09427961;"SPRF-ES";"DEL04-ES";"UOP01-DEL04-ES"
752373;2026-02-14;"sábado";"13:50:00";"BA";110;194;"RIBEIRA DO AMPARO";"Ausência de reação do condutor";"Colisão traseira";"Com Vítimas Feridas";"Pleno dia";"Decrescente";"Céu Claro";"Simples";"Aclive";"Não";2;0;0;1;0;1;1;2;-10,981461;-38,513229;"SPRF-BA";"DEL07-BA";"UOP02-DEL07-BA"
752374;2026-01-21;"quarta-feira";"17:45:00";"RJ";101;322;"NITEROI";"Reação tardia ou ineficiente do condutor";"Colisão traseira";"Com Vítimas Feridas";"Plena Noite";"Decrescente";"Chuva";"Dupla";"Reta";"Sim";2;0;1;0;1;0;1;2;-22,87698391;-43,11046019;"SPRF-RJ";"DEL02-RJ";"UOP01-DEL02-RJ"
752376;2026-02-14;"sábado";"12:25:00";"MG";116;776;"LEOPOLDINA";"Ausência de reação do condutor";"Saída de leito carroçável";"Com Vítimas Feridas";"Pleno dia";"Crescente";"Céu Claro";"Simples";"Curva";"Não";1;0;1;0;0;0;1;1;-21,54265452;-42,65586016;"SPRF-MG";"DEL07-MG";"UOP01-DEL07-MG"
752377;2026-02-14;"sábado";"17:45:00";"SP";116;280;"EMBU DAS ARTES";"Reação tardia ou ineficiente do condutor";"Colisão traseira";"Com Vítimas Feridas";"Pleno dia";"Crescente";"Nublado";"Dupla";"Declive;Reta";"Não";4;0;0;1;1;2;1;4;-23,64921443;-46,8447622;"SPRF-SP";"DEL04-SP";"UOP01-DEL04-SP"
752378;2026-02-14;"sábado";"10:00:00";"PR";116;29,3;"CAMPINA GRANDE DO SUL";"Demais falhas mecânicas ou elétricas";"Incêndio";"Sem Vítimas";"Pleno dia";"Crescente";"Nublado";"Dupla";"Reta";"Não";3;0;0;0;3;0;0;1;-25,09953995;-48,81443851;"SPRF-PR";"DEL01-PR";"UOP02-DEL01-PR"
752379;2026-02-14;"sábado";"18:00:00";"MG";381;539;"ITATIAIUCU";"Ausência de reação do condutor";"Tombamento";"Com Vítimas Feridas";"Pleno dia";"Decrescente";"Céu Claro";"Dupla";"Reta;Aclive";"Não";1;0;1;0;0;0;1;1;-20,21507063;-44,39316479;"SPRF-MG";"DEL04-MG";"UOP03-DEL04-MG"
752381;2026-02-14;"sábado";"11:30:00";"BA";116;791;"JEQUIE";"Ausência de reação do condutor";"Saída de leito carroçável";"Com Vítimas Feridas";"Pleno dia";"Crescente";"Céu Claro";"Simples";"Reta";"Não";1;0;1;0;0;0;1;1;-13,88207903;-40,03246307;"SPRF-BA";"DEL08-BA";"UOP02-DEL08-BA"
752385;2026-02-14;"sábado";"18:10:00";"RJ";101;283;"ITABORAI";"Demais falhas mecânicas ou elétricas";"Queda de ocupante de veículo";"Com Vítimas Feridas";"Anoitecer";"Crescente";"Nublado";"Dupla";"Curva";"Sim";2;0;1;0;1;0;1;1;-22,73893842;-42,80722098;"SPRF-RJ";"DEL02-RJ";"UOP02-DEL02-RJ"
752386;2026-02-14;"sábado";"15:35:00";"SC";282;30,2;"SANTO AMARO DA IMPERATRIZ";"Velocidade Incompatível";"Colisão frontal";"Com Vítimas Fatais";"Pleno dia";"Crescente";"Nublado";"Simples";"Aclive;Reta";"Não";7;1;1;4;0;1;5;3;-27,68885;-48,79233;"SPRF-SC";"DEL01-SC";"UOP03-DEL01-SC"
752387;2026-02-14;"sábado";"17:45:00";"GO";60;14,4;"ALEXANIA";"Demais falhas mecânicas ou elétricas";"Saída de leito carroçável";"Sem Vítimas";"Pleno dia";"Decrescente";"Céu Claro";"Dupla";"Curva;Aclive";"Não";1;0;0;0;1;0;0;1;-16,110523;-48,354884;"SPRF-DF";"DEL03-DF";"UOP01-DEL03-DF"
752388;2026-02-14;"sábado";"18:00:00";"SP";381;84;"SAO PAULO";"Demais falhas mecânicas ou elétricas";"Tombamento";"Com Vítimas Feridas";"Anoitecer";"Crescente";"Nublado";"Dupla";"Reta";"Não";1;0;1;0;0;0;1;1;-23,442827;-46,568369;"SPRF-SP";"DEL03-SP";"UOP01-DEL03-SP"
752389;2026-02-14;"sábado";"18:20:00";"PE";232;10;"JABOATAO DOS GUARARAPES";"Ausência de reação do condutor";"Colisão traseira";"Com Vítimas Feridas";"Plena Noite";"Crescente";"Céu Claro";"Dupla";"Reta";"Sim";6;0;2;0;4;0;2;3;-8,07808123;-34,98137848;"SPRF-PE";"DEL01-PE";"UOP01-DEL01-PE"
752390;2026-02-14;"sábado";"18:30:00";"RJ";101;287;"ITABORAI";"Ausência de reação do condutor";"Saída de leito carroçável";"Com Vítimas Feridas";"Anoitecer";"Decrescente";"Céu Claro";"Dupla";"Reta";"Sim";1;0;1;0;0;0;1;1;-22,75416332;-42,82489591;"SPRF-RJ";"DEL02-RJ";"UOP02-DEL02-RJ"
752391;2026-02-14;"sábado";"17:15:00";"AM";174;976;"MANAUS";"Reação tardia ou ineficiente do condutor";"Colisão traseira";"Com Vítimas Fatais";"Anoitecer";"Crescente";"Garoa/Chuvisco";"Simples";"Aclive;Reta";"Não";6;3;0;0;3;0;0;4;-2,16915;-60,00742;"SPRF-AM";"DEL01-AM";"UOP02-DEL01-AM"
752393;2026-02-14;"sábado";"18:50:00";"RJ";101;419;"MANGARATIBA";"Curva acentuada";"Tombamento";"Com Vítimas Feridas";"Plena Noite";"Decrescente";"Céu Claro";"Simples";"Reta";"Não";1;0;1;0;0;0;1;1;-22,91964053;-43,92838374;"SPRF-RJ";"DEL03-RJ";"UOP02-DEL03-RJ"
752394;2026-02-14;"sábado";"19:30:00";"AL";316;250;"PILAR";"Iluminação deficiente";"Colisão traseira";"Com Vítimas Feridas";"Plena Noite";"Crescente";"Céu Claro";"Simples";"Reta";"Não";3;0;2;0;0;1;2;2;-9,5520577;-35,9784558;"SPRF-AL";"DEL01-AL";"UOP01-DEL01-AL"
752395;2026-02-14;"sábado";"19:25:00";"SC";101;211;"FLORIANOPOLIS";"Condutor deixou de manter distância do veículo da frente";"Colisão traseira";"Sem Vítimas";"Anoitecer";"Decrescente";"Chuva";"Dupla";"Reta";"Não";2;0;0;0;2;0;0;2;-27,60115522;-48,54885689;"SPRF-SC";"DEL01-SC";"UOP02-DEL01-SC"
752396;2026-02-14;"sábado";"16:19:00";"MT";174;1;"PONTES E LACERDA";"Ingestão de álcool pelo condutor";"Colisão traseira";"Com Vítimas Feridas";"Pleno dia";"Crescente";"Céu Claro";"Simples";"Reta";"Sim";3;0;0;1;1;1;1;3;-15,2517202;-59,3280018;"SPRF-MT";"DEL04-MT";"UOP01-DEL04-MT"
752397;2026-02-14;"sábado";"19:30:00";"RN";101;81;"SAO GONCALO DO AMARANTE";"Acessar a via sem observar a presença dos outros veículos";"Colisão transversal";"Com Vítimas Feridas";"Plena Noite";"Crescente";"Céu Claro";"Simples";"Reta";"Não";2;0;1;1;0;0;2;2;-5,7627969;-35,2873226;"SPRF-RN";"DEL02-RN";"UOP01-DEL02-RN"
752398;2026-02-14;"sábado";"17:00:00";"BA";110;45;"SANTA BRIGIDA";"Ausência de reação do condutor";"Saída de leito carroçável";"Com Vítimas Feridas";"Pleno dia";"Decrescente";"Chuva";"Simples";"Reta";"Não";1;0;1;0;0;0;1;1;-9,820946;-38,258735;"SPRF-BA";"DEL07-BA";"UOP01-DEL07-BA"
752399;2026-02-14;"sábado";"12:30:00";"BA";101;839;"VEREDA";"Velocidade Incompatível";"Tombamento";"Com Vítimas Feridas";"Pleno dia";"Crescente";"Céu Claro";"Simples";"Curva";"Não";1;0;0;1;0;0;1;1;-17,241253;-39,619263;"SPRF-BA";"DEL09-BA";"UOP02-DEL09-BA"
752400;2026-02-14;"sábado";"18:50:00";"RS";386;27;"FREDERICO WESTPHALEN";"Ausência de reação do condutor";"Saída de leito carroçável";"Com Vítimas Feridas";"Pleno dia";"Decrescente";"Céu Claro";"Simples";"Curva";"Não";2;0;1;0;0;1;1;1;-27,30641599;-53,37172922;"SPRF-RS";"DEL08-RS";"UOP02-DEL08-RS"
752401;2026-02-14;"sábado";"19:00:00";"MG";50;10;"ARAGUARI";"Acessar a via sem observar a presença dos outros veículos";"Colisão traseira";"Com Vítimas Feridas";"Plena Noite";"Crescente";"Céu Claro";"Dupla";"Retorno Regulamentado;Aclive;Reta";"Não";3;0;2;0;1;0;2;2;-18,5077266;-48,0399069;"SPRF-MG";"DEL15-MG";"UOP02-DEL15-MG"
752402;2026-02-14;"sábado";"17:20:00";"DF";251;32;"BRASILIA";"Retorno proibido";"Colisão transversal";"Com Vítimas Feridas";"Pleno dia";"Decrescente";"Céu Claro";"Simples";"Reta";"Sim";2;0;1;1;0;0;2;2;-15,93852085;-47,74682879;"SPRF-DF";"DEL01-DF";"UOP01-DEL01-DF"
752403;2026-02-14;"sábado";"19:00:00";"PR";373;172,5;"PONTA GROSSA";"Reação tardia ou ineficiente do condutor";"Queda de ocupante de veículo";"Com Vítimas Feridas";"Plena Noite";"Crescente";"Nublado";"Dupla";"Reta;Viaduto";"Sim";1;0;0;1;0;0;1;1;-25,0804772;-50,2009092;"SPRF-PR";"DEL03-PR";"UOP01-DEL03-PR"
752404;2026-02-14;"sábado";"17:30:00";"AL";316;266;"SATUBA";"Ausência de reação do condutor";"Queda de ocupante de veículo";"Com Vítimas Feridas";"Pleno dia";"Decrescente";"Céu Claro";"Simples";"Reta";"Não";1;0;1;0;0;0;1;1;-9,58683;-35,84639;"SPRF-AL";"DEL02-AL";"UOP01-DEL02-AL"
752405;2026-02-14;"sábado";"19:55:00";"DF";60;15;"BRASILIA";"Ausência de reação do condutor";"Colisão traseira";"Com Vítimas Feridas";"Pleno dia";"Decrescente";"Céu Claro";"Dupla";"Reta";"Sim";2;0;1;0;1;0;1;2;-15,949826;-48,17365;"SPRF-DF";"DEL03-DF";"UOP01-DEL03-DF"
752406;2026-02-14;"sábado";"19:30:00";"PE";101;49,5;"ABREU E LIMA";"Manobra de mudança de faixa";"Colisão lateral mesmo sentido";"Com Vítimas Feridas";"Plena Noite";"Decrescente";"Nublado";"Múltipla";"Reta";"Sim";4;0;1;1;1;1;2;3;-7,90877131;-34,90130067;"SPRF-PE";"DEL01-PE";"UOP02-DEL01-PE"
752407;2026-02-14;"sábado";"15:30:00";"MG";40;300;"TRES MARIAS";"Condutor deixou de manter distância do veículo da frente";"Colisão traseira";"Com Vítimas Feridas";"Pleno dia";"Decrescente";"Céu Claro";"Simples";"Curva";"Não";8;0;4;0;4;0;4;2;-18,352154;-45,093069;"SPRF-MG";"DEL14-MG";"UOP02-DEL14-MG"
752408;2026-02-14;"sábado";"19:00:00";"PB";230;337;"PATOS";"Ausência de reação do condutor";"Saída de leito carroçável";"Com Vítimas Feridas";"Plena Noite";"Decrescente";"Nublado";"Dupla";"Declive";"Sim";1;0;0;1;0;0;1;1;-7,004265;-37,302227;"SPRF-PB";"DEL03-PB";"UOP01-DEL03-PB"
752409;2026-02-14;"sábado";"18:00:00";"GO";153;579;"PROFESSOR JAMIL";"Demais falhas mecânicas ou elétricas";"Saída de leito carroçável";"Com Vítimas Feridas";"Pleno dia";"Crescente";"Nublado";"Dupla";"Reta";"Não";2;0;1;0;1;0;1;1;-17,37302;-49,241255;"SPRF-GO";"DEL03-GO";"UOP01-DEL03-GO"
752410;2026-02-14;"sábado";"17:28:00";"MT";0;0;"PONTES E LACERDA";"Desrespeitar a preferência no cruzamento";"Colisão transversal";"Com Vítimas Feridas";"Anoitecer";"Não Informado";"Chuva";"Simples";"Interseção de Vias";"Sim";3;0;1;0;2;0;1;2;-15,2305107;-59,3311511;"SPRF-MT";"DEL04-MT";"UOP01-DEL04-MT"
752412;2026-02-14;"sábado";"20:00:00";"PI";407;427;"PICOS";"Acessar a via sem observar a presença dos outros veículos";"Colisão transversal";"Com Vítimas Feridas";"Plena Noite";"Crescente";"Nublado";"Simples";"Reta";"Não";3;0;0;1;0;2;1;2;-7,115287;-41,408835;"SPRF-PI";"DEL04-PI";"UOP01-DEL04-PI"
752413;2026-02-14;"sábado";"20:20:00";"SP";116;307;"SAO LOURENCO DA SERRA";"Avarias e/ou desgaste excessivo no pneu";"Colisão com objeto";"Com Vítimas Feridas";"Plena Noite";"Decrescente";"Céu Claro";"Dupla";"Reta";"Sim";3;0;1;0;2;0;1;1;-23,85438719;-46,93971933;"SPRF-SP";"DEL04-SP";"UOP01-DEL04-SP"
752414;2026-02-14;"sábado";"19:00:00";"MG";459;19;"CALDAS";"Ausência de reação do condutor";"Saída de leito carroçável";"Com Vítimas Feridas";"Plena Noite";"Decrescente";"Nublado";"Simples";"Curva";"Não";1;0;1;0;0;0;1;1;-21,85752622;-46,43365896;"SPRF-MG";"DEL09-MG";"UOP01-DEL09-MG"
752415;2026-02-14;"sábado";"18:20:00";"RJ";465;5;"SEROPEDICA";"Acessar a via sem observar a presença dos outros veículos";"Colisão transversal";"Com Vítimas Feridas";"Plena Noite";"Crescente";"Nublado";"Simples";"Reta";"Sim";2;0;1;0;1;0;1;2;-22,74269268;-43,70395231;"SPRF-RJ";"DEL06-RJ";"UOP02-DEL06-RJ"
752416;2026-02-14;"sábado";"20:10:00";"RJ";101;504;"ANGRA DOS REIS";"Entrada inopinada do pedestre";"Atropelamento de Pedestre";"Com Vítimas Feridas";"Plena Noite";"Decrescente";"Céu Claro";"Simples";"Reta";"Sim";2;0;1;0;1;0;1;2;-22,93083709;-44,38482698;"SPRF-RJ";"DEL03-RJ";"UOP03-DEL03-RJ"
752417;2026-02-14;"sábado";"19:15:00";"RJ";101;568;"PARATY";"Acessar a via sem observar a presença dos outros veículos";"Colisão transversal";"Com Vítimas Feridas";"Plena Noite";"Crescente";"Céu Claro";"Simples";"Reta";"Não";2;0;0;1;1;0;1;2;-23,17393351;-44,70980108;"SPRF-RJ";"DEL03-RJ";"UOP04-DEL03-RJ"
752418;2026-02-14;"sábado";"20:50:00";"RN";405;77;"APODI";"Condutor deixou de manter distância do veículo da frente";"Colisão traseira";"Com Vítimas Feridas";"Plena Noite";"Crescente";"Chuva";"Simples";"Curva";"Sim";4;0;1;2;1;0;3;2;-5,64487227;-37,79991491;"SPRF-RN";"DEL04-RN";"UOP02-DEL04-RN"
752420;2026-02-14;"sábado";"17:40:00";"MS";163;265;"DOURADOS";"Ausência de reação do condutor";"Colisão com objeto";"Com Vítimas Feridas";"Anoitecer";"Decrescente";"Céu Claro";"Dupla";"Retorno Regulamentado";"Sim";1;0;1;0;0;0;1;1;-22,22282661;-54,7307539;"SPRF-MS";"DEL04-MS";"UOP01-DEL04-MS"
752423;2026-02-14;"sábado";"20:10:00";"SC";101;88,3;"BARRA VELHA";"Ingestão de álcool pelo condutor";"Colisão com objeto";"Com Vítimas Feridas";"Plena Noite";"Decrescente";"Nublado";"Múltipla";"Reta";"Não";1;0;1;0;0;0;1;1;-26,65339145;-48,68727062;"SPRF-SC";"DEL03-SC";"UOP02-DEL03-SC"
752424;2026-02-14;"sábado";"21:10:00";"SC";101;418;"ARARANGUA";"Desrespeitar a preferência no cruzamento";"Colisão frontal";"Com Vítimas Feridas";"Plena Noite";"Crescente";"Chuva";"Simples";"Reta";"Sim";2;0;0;1;1;0;1;2;-28,9844572;-49,5408954;"SPRF-SC";"DEL02-SC";"UOP02-DEL02-SC"
752425;2026-02-14;"sábado";"21:30:00";"MG";381;591;"CARMOPOLIS DE MINAS";"Reação tardia ou ineficiente do condutor";"Colisão lateral mesmo sentido";"Com Vítimas Feridas";"Plena Noite";"Crescente";"Céu Claro";"Dupla";"Curva";"Sim";2;0;1;0;1;0;1;2;-20,548594;-44,659065;"SPRF-MG";"DEL04-MG";"UOP01-DEL04-MG"
752426;2026-02-14;"sábado";"21:50:00";"SP";116;149;"SAO JOSE DOS CAMPOS";"Condutor deixou de manter distância do veículo da frente";"Colisão lateral mesmo sentido";"Com Vítimas Feridas";"Plena Noite";"Crescente";"Céu Claro";"Dupla";"Reta";"Não";3;0;2;0;1;0;2;2;-23,21053814;-45,88986844;"SPRF-SP";"DEL02-SP";"UOP01-DEL02-SP"
752429;2026-02-14;"sábado";"21:00:00";"PE";104;76,6;"CARUARU";"Ingestão de álcool pelo condutor";"Colisão frontal";"Com Vítimas Feridas";"Plena Noite";"Crescente";"Céu Claro";"Simples";"Reta";"Não";5;0;5;0;0;0;5;2;-8,3756;-35,98364;"SPRF-PE";"DEL02-PE";"UOP01-DEL02-PE"
752430;2026-02-14;"sábado";"19:30:00";"TO";153;271,2;"BRASILANDIA DO TOCANTINS";"Ausência de reação do condutor";"Colisão traseira";"Com Vítimas Feridas";"Plena Noite";"Decrescente";"Céu Claro";"Simples";"Reta";"Não";3;0;3;0;0;0;3;2;-8,2762006;-48,468861;"SPRF-TO";"DEL02-TO";"UOP02-DEL02-TO"
752431;2026-02-14;"sábado";"20:50:00";"MG";116;107;"ITAOBIM";"Demais falhas mecânicas ou elétricas";"Incêndio";"Sem Vítimas";"Plena Noite";"Crescente";"Céu Claro";"Simples";"Reta;Aclive";"Não";1;0;0;0;0;1;0;1;-16,494428;-41,508965;"SPRF-MG";"DEL11-MG";"UOP02-DEL11-MG"
752432;2026-02-14;"sábado";"21:40:00";"SP";116;83,4;"ROSEIRA";"Ausência de reação do condutor";"Queda de ocupante de veículo";"Com Vítimas Feridas";"Plena Noite";"Decrescente";"Céu Claro";"Dupla";"Reta";"Sim";2;0;2;0;0;0;2;1;-22,91496;-45,330683;"SPRF-SP";"DEL08-SP";"UOP01-DEL08-SP"
752435;2026-02-14;"sábado";"20:50:00";"RO";364;709;"PORTO VELHO";"Ausência de reação do condutor";"Saída de leito carroçável";"Sem Vítimas";"Plena Noite";"Decrescente";"Chuva";"Dupla";"Reta";"Sim";1;0;0;0;1;0;0;1;-8,789233;-63,8525;"SPRF-RO";"DEL01-RO";"UOP01-DEL01-RO"
752436;2026-02-14;"sábado";"20:50:00";"BA";110;175;"RIBEIRA DO POMBAL";"Acessar a via sem observar a presença dos outros veículos";"Colisão transversal";"Com Vítimas Feridas";"Plena Noite";"Crescente";"Céu Claro";"Simples";"Reta;Interseção de Vias";"Sim";2;0;0;1;1;0;1;2;-10,84423213;-38,53103447;"SPRF-BA";"DEL07-BA";"UOP02-DEL07-BA"
752439;2026-02-14;"sábado";"21:50:00";"BA";324;469;"TANQUINHO";"Reação tardia ou ineficiente do condutor";"Colisão traseira";"Com Vítimas Feridas";"Plena Noite";"Crescente";"Nublado";"Simples";"Reta";"Não";3;0;1;1;1;0;2;2;-11,968325;-39,135687;"SPRF-BA";"DEL02-BA";"UOP01-DEL02-BA"
752440;2026-02-14;"sábado";"23:00:00";"RJ";116;192;"NOVA IGUACU";"Ausência de reação do condutor";"Tombamento";"Com Vítimas Feridas";"Plena Noite";"Decrescente";"Céu Claro";"Dupla";"Reta";"Não";1;0;1;0;0;0;1;1;-22,74357277;-43,51650238;"SPRF-RJ";"DEL06-RJ";"UOP01-DEL06-RJ"
752441;2026-02-14;"sábado";"21:00:00";"MG";40;118,9;"LAGOA GRANDE";"Ausência de reação do condutor";"Colisão com objeto";"Sem Vítimas";"Plena Noite";"Decrescente";"Céu Claro";"Simples";"Interseção de Vias;Rotatória;Reta";"Não";1;0;0;0;1;0;0;1;-17,660399;-46,374409;"SPRF-MG";"DEL14-MG";"UOP01-DEL14-MG"
752442;2026-01-10;"sábado";"04:10:00";"RJ";101;320;"NITEROI";"Reação tardia ou ineficiente do condutor";"Queda de ocupante de veículo";"Com Vítimas Feridas";"Plena Noite";"Decrescente";"Céu Claro";"Dupla";"Curva";"Sim";1;0;1;0;0;0;1;1;-22,86680862;-43,10930877;"SPRF-RJ";"DEL02-RJ";"UOP01-DEL02-RJ"
752444;2026-02-14;"sábado";"22:30:00";"MG";50;20;"UBERLANDIA";"Animais na Pista";"Colisão traseira";"Com Vítimas Feridas";"Plena Noite";"Crescente";"Céu Claro";"Dupla";"Reta";"Sim";1;0;1;0;0;0;1;1;-18,9353721;-48,2107118;"SPRF-MG";"DEL15-MG";"UOP01-DEL15-MG"
752445;2026-02-14;"sábado";"22:20:00";"PR";376;74,3;"GUAIRACA";"Ultrapassagem Indevida";"Colisão frontal";"Com Vítimas Feridas";"Plena Noite";"Crescente";"Céu Claro";"Simples";"Reta";"Não";3;0;0;1;2;0;1;2;-22,94835;-52,714095;"SPRF-PR";"DEL09-PR";"UOP02-DEL09-PR"
752446;2026-02-14;"sábado";"21:15:00";"RS";470;238;"CARLOS BARBOSA";"Reação tardia ou ineficiente do condutor";"Saída de leito carroçável";"Sem Vítimas";"Plena Noite";"Decrescente";"Nevoeiro/Neblina";"Simples";"Curva";"Não";1;0;0;0;1;0;0;1;-29,337822;-51,504478;"SPRF-RS";"DEL06-RS";"UOP01-DEL06-RS"
752447;2026-02-14;"sábado";"23:43:00";"RN";101;112;"SAO JOSE DE MIPIBU";"Animais na Pista";"Atropelamento de Animal";"Com Vítimas Feridas";"Pleno dia";"Crescente";"Céu Claro";"Dupla";"Reta";"Não";1;0;0;1;0;0;1;1;-5,97402242;-35,26484426;"SPRF-RN";"DEL01-RN";"UOP01-DEL01-RN"
752448;2026-02-14;"sábado";"21:45:00";"MT";163;687;"LUCAS DO RIO VERDE";"Pedestre cruzava a pista fora da faixa";"Atropelamento de Pedestre";"Com Vítimas Feridas";"Plena Noite";"Crescente";"Céu Claro";"Simples";"Reta";"Sim";2;0;0;1;0;1;1;2;-13,076827;-55,9344431;"SPRF-MT";"DEL06-MT";"UOP01-DEL06-MT"
752449;2026-02-15;"domingo";"00:40:00";"PR";369;373,5;"MAMBORE";"Transitar na contramão";"Colisão lateral sentido oposto";"Com Vítimas Feridas";"Plena Noite";"Crescente";"Céu Claro";"Simples";"Reta";"Não";3;0;3;0;0;0;3;2;-24,28045501;-52,53559113;"SPRF-PR";"DEL04-PR";"UOP03-DEL04-PR"
752450;2026-02-14;"sábado";"19:50:00";"MT";163;730;"SORRISO";"Ausência de reação do condutor";"Tombamento";"Com Vítimas Feridas";"Plena Noite";"Decrescente";"Céu Claro";"Simples";"Em Obras;Desvio Temporário;Reta";"Não";1;0;1;0;0;0;1;1;-12,71712639;-55,82440169;"SPRF-MT";"DEL06-MT";"UOP01-DEL06-MT"
752453;2026-02-14;"sábado";"23:56:00";"SC";101;180,6;"BIGUACU";"Acessar a via sem observar a presença dos outros veículos";"Colisão traseira";"Com Vítimas Fatais";"Plena Noite";"Crescente";"Nublado";"Múltipla";"Reta";"Não";3;1;0;0;2;0;0;2;-27,3863;-48,63182;"SPRF-SC";"DEL01-SC";"UOP01-DEL01-SC"