"id";"data_inversa";"dia_semana";"horario";"uf";"br";"km";"municipio";"causa_acidente";"tipo_acidente";"classificacao_acidente";"fase_dia";"sentido_via";"condicao_metereologica";"tipo_pista";"tracado_via";"uso_solo";"pessoas";"mortos";"feridos_leves";"feridos_graves";"ilesos";"ignorados";"feridos";"veiculos";"latitude";"longitude";"regional";"delegacia";"uop"
752739;2026-02-16;"segunda-feira";"12:35:00";"RS";470;217,3;"BENTO GONCALVES";"Avarias e/ou desgaste excessivo no pneu";"Tombamento";"Com Vítimas Feridas";"Pleno dia";"Crescente";"Nublado";"Dupla";"Rotatória";"Sim";1;0;1;0;0;0;1;1;-29,17641172;-51,52155368;"SPRF-RS";"DEL06-RS";"UOP01-DEL06-RS"
752740;2026-02-08;"domingo";"19:50:00";"MS";163;267,7;"DOURADOS";"Falta de elemento de contenção que evite a saída do leito carroçável";"Saída de leito carroçável";"Sem Vítimas";"Plena Noite";"Crescente";"Céu Claro";"Dupla";"Reta";"Sim";1;0;0;0;1;0;0;1;-22,20907456;-54,7105;"SPRF-MS";"DEL04-MS";"UOP01-DEL04-MS"
752742;2026-02-16;"segunda-feira";"12:55:00";"PE";101;64;"RECIFE";"Manobra de mudança de faixa";"Colisão lateral mesmo sentido";"Com Vítimas Feridas";"Pleno dia";"Crescente";"Sol";"Múltipla";"Reta";"Sim";2;0;1;0;1;0;1;2;-8,019127;-34,942417;"SPRF-PE";"DEL01-PE";"UOP01-DEL01-PE"
752743;2026-02-16;"segunda-feira";"10:15:00";"ES";262;170;"IBATIBA";"Velocidade Incompatível";"Tombamento";"Com Vítimas Feridas";"Pleno dia";"Crescente";"Sol";"Simples";"Curva";"Não";2;0;2;0;0;0;2;1;-20,264775;-41,584815;"SPRF-ES";"DEL01-ES";"UOP02-DEL01-ES"
752744;2026-02-16;"segunda-feira";"13:30:00";"RJ";101;540;"PARATY";"Velocidade Incompatível";"Colisão lateral sentido oposto";"Com Vítimas Feridas";"Pleno dia";"Decrescente";"Céu Claro";"Simples";"Curva;Declive";"Não";2;0;1;0;1;0;1;2;-23,05073475;-44,58886949;"SPRF-RJ";"DEL03-RJ";"UOP04-DEL03-RJ"
752745;2026-02-16;"segunda-feira";"12:05:00";"RN";101;83,3;"SAO GONCALO DO AMARANTE";"Acessar a via sem observar a presença dos outros veículos";"Colisão lateral mesmo sentido";"Com Vítimas Feridas";"Pleno dia";"Crescente";"Céu Claro";"Dupla";"Reta";"Não";3;0;1;0;2;0;1;2;-5,771942;-35,264263;"SPRF-RN";"DEL02-RN";"UOP01-DEL02-RN"
752746;2026-02-16;"segunda-feira";"12:45:00";"SC";470;67,8;"INDAIAL";"Ultrapassagem Indevida";"Colisão transversal";"Com Vítimas Feridas";"Pleno dia";"Crescente";"Céu Claro";"Dupla";"Reta";"Não";2;0;1;0;1;0;1;2;-26,87201343;-49,23063604;"SPRF-SC";"DEL04-SC";"UOP01-DEL04-SC"
752749;2026-02-16;"segunda-feira";"12:10:00";"ES";262;46,1;"MARECHAL FLORIANO";"Ingestão de álcool pelo condutor";"Colisão transversal";"Com Vítimas Feridas";"Pleno dia";"Crescente";"Garoa/Chuvisco";"Simples";"Reta";"Não";2;0;2;0;0;0;2;2;-20,408056;-40,673833;"SPRF-ES";"DEL01-ES";"UOP01-DEL01-ES"
752750;2026-02-16;"segunda-feira";"13:10:00";"RJ";40;112;"DUQUE DE CAXIAS";"Entrada inopinada do pedestre";"Atropelamento de Pedestre";"Com Vítimas Fatais";"Pleno dia";"Decrescente";"Céu Claro";"Múltipla";"Reta";"Sim";2;1;0;0;0;1;0;2;-22,70777978;-43,29015291;"SPRF-RJ";"DEL01-RJ";"UOP02-DEL01-RJ"
752751;2026-02-16;"segunda-feira";"14:00:00";"ES";101;276;"SERRA";"Retorno proibido";"Colisão transversal";"Com Vítimas Feridas";"Pleno dia";"Crescente";"Céu Claro";"Dupla";"Reta";"Sim";2;0;2;0;0;0;2;2;-20,20941658;-40,31576693;"SPRF-ES";"DEL02-ES";"UOP01-DEL02-ES"
752752;2026-01-23;"sexta-feira";"16:30:00";"GO";364;20,7;"PARANAIGUARA";"Avarias e/ou desgaste excessivo no pneu";"Queda de ocupante de veículo";"Com Vítimas Feridas";"Pleno dia";"Decrescente";"Céu Claro";"Simples";"Reta";"Não";2;0;1;0;1;0;1;1;-18,929;-50,65;"SPRF-GO";"DEL05-GO";"UOP02-DEL05-GO"
752753;2026-02-16;"segunda-feira";"10:20:00";"CE";20;326;"CARIDADE";"Reação tardia ou ineficiente do condutor";"Colisão com objeto";"Com Vítimas Feridas";"Pleno dia";"Crescente";"Céu Claro";"Simples";"Aclive";"Não";2;0;2;0;0;0;2;1;-4,215034;-39,189579;"SPRF-CE";"DEL02-CE";"UOP01-DEL02-CE"
752754;2026-02-16;"segunda-feira";"12:50:00";"MG";262;855;"VERISSIMO";"Demais falhas mecânicas ou elétricas";"Tombamento";"Com Vítimas Feridas";"Pleno dia";"Decrescente";"Céu Claro";"Dupla";"Reta";"Não";2;0;2;0;0;0;2;1;-19,76776278;-48,3484034;"SPRF-MG";"DEL13-MG";"UOP01-DEL13-MG"
752756;2026-02-16;"segunda-feira";"13:05:00";"RO";364;510,4;"ARIQUEMES";"Ausência de reação do condutor";"Saída de leito carroçável";"Com Vítimas Feridas";"Pleno dia";"Crescente";"Chuva";"Simples";"Reta;Declive";"Não";2;0;2;0;0;0;2;1;-9,963872;-63,048272;"SPRF-RO";"DEL03-RO";"UOP01-DEL03-RO"
752760;2026-02-15;"domingo";"05:00:00";"PA";308;152;"CAPANEMA";"Ausência de reação do condutor";"Colisão traseira";"Com Vítimas Feridas";"Amanhecer";"Decrescente";"Nublado";"Simples";"Curva";"Não";3;0;0;3;0;0;3;2;-1,203723;-47,171453;"SPRF-PA";"DEL01-PA";"UOP03-DEL01-PA"
752761;2026-02-16;"segunda-feira";"15:50:00";"RJ";101;456,5;"ANGRA DOS REIS";"Ausência de reação do condutor";"Colisão traseira";"Com Vítimas Feridas";"Pleno dia";"Crescente";"Céu Claro";"Simples";"Reta";"Sim";2;0;1;0;1;0;1;2;-22,98986808;-44,24192848;"SPRF-RJ";"DEL03-RJ";"UOP03-DEL03-RJ"
752762;2026-02-16;"segunda-feira";"15:35:00";"MG";116;324,7;"CAMPANARIO";"Transitar na contramão";"Colisão lateral sentido oposto";"Com Vítimas Fatais";"Pleno dia";"Crescente";"Céu Claro";"Simples";"Reta";"Não";2;1;1;0;0;0;1;2;-18,196285;-41,715292;"SPRF-MG";"DEL11-MG";"UOP01-DEL11-MG"
752767;2026-02-16;"segunda-feira";"14:39:00";"RJ";40;80;"DUQUE DE CAXIAS";"Demais falhas na via";"Tombamento";"Com Vítimas Feridas";"Pleno dia";"Decrescente";"Céu Claro";"Dupla";"Reta";"Não";2;0;2;0;0;0;2;1;-22,520938;-43,22756;"SPRF-RJ";"DEL01-RJ";"UOP01-DEL01-RJ"
752768;2026-02-16;"segunda-feira";"16:40:00";"PR";469;14;"FOZ DO IGUACU";"Trafegar com motocicleta (ou similar) entre as faixas";"Colisão lateral mesmo sentido";"Com Vítimas Feridas";"Pleno dia";"Decrescente";"Sol";"Dupla";"Reta;Desvio Temporário;Em Obras";"Sim";4;0;2;0;2;0;2;3;-25,585624;-54,52241;"SPRF-PR";"DEL05-PR";"UOP04-DEL05-PR"
752769;2026-02-16;"segunda-feira";"13:00:00";"GO";153;644,7;"MORRINHOS";"Ausência de reação do condutor";"Queda de ocupante de veículo";"Com Vítimas Feridas";"Pleno dia";"Decrescente";"Sol";"Dupla";"Reta";"Não";1;0;1;0;0;0;1;1;-17,909238;-49,23816;"SPRF-GO";"DEL03-GO";"UOP01-DEL03-GO"
752771;2026-02-16;"segunda-feira";"17:00:00";"RS";392;20,6;"RIO GRANDE";"Ingestão de álcool pelo condutor";"Tombamento";"Com Vítimas Feridas";"Pleno dia";"Decrescente";"Céu Claro";"Dupla";"Reta";"Não";1;0;1;0;0;0;1;1;-32,08924003;-52,20597786;"SPRF-RS";"DEL07-RS";"UOP02-DEL07-RS"
752772;2026-02-16;"segunda-feira";"17:15:00";"SC";280;58;"GUARAMIRIM";"Ausência de reação do condutor";"Queda de ocupante de veículo";"Com Vítimas Feridas";"Pleno dia";"Crescente";"Céu Claro";"Múltipla";"Reta";"Sim";2;0;2;0;0;0;2;1;-26,47463982;-49,02654139;"SPRF-SC";"DEL03-SC";"UOP03-DEL03-SC"
752775;2026-02-16;"segunda-feira";"16:50:00";"RS";101;28;"TRES CACHOEIRAS";"Entrada inopinada do pedestre";"Atropelamento de Pedestre";"Com Vítimas Feridas";"Pleno dia";"Crescente";"Céu Claro";"Dupla";"Reta";"Não";2;0;0;1;1;0;1;2;-29,47090562;-49,95798524;"SPRF-RS";"DEL03-RS";"UOP02-DEL03-RS"
752776;2026-02-16;"segunda-feira";"13:00:00";"MA";230;316;"SAO RAIMUNDO DAS MANGABEIRAS";"Acesso irregular";"Colisão frontal";"Com Vítimas Fatais";"Pleno dia";"Decrescente";"Nublado";"Simples";"Reta";"Sim";1;1;0;0;0;0;0;1;-7,03888302;-45,47158817;"SPRF-MA";"DEL05-MA";"UOP01-DEL05-MA"
752777;2026-02-16;"segunda-feira";"14:50:00";"GO";364;19;"SAO SIMAO";"Ausência de reação do condutor";"Queda de ocupante de veículo";"Com Vítimas Feridas";"Pleno dia";"Decrescente";"Céu Claro";"Simples";"Aclive;Reta";"Não";1;0;1;0;0;0;1;1;-18,936362;-50,64298;"SPRF-GO";"DEL05-GO";"UOP02-DEL05-GO"
752778;2026-02-16;"segunda-feira";"16:17:00";"TO";153;328,8;"GUARAI";"Ausência de reação do condutor";"Colisão traseira";"Com Vítimas Fatais";"Pleno dia";"Crescente";"Nublado";"Simples";"Reta;Em Obras";"Não";4;1;0;0;3;0;0;3;-8,78544;-48,5119;"SPRF-TO";"DEL02-TO";"UOP02-DEL02-TO"
752781;2026-02-16;"segunda-feira";"17:30:00";"GO";80;25;"PADRE BERNARDO";"Acessar a via sem observar a presença dos outros veículos";"Colisão transversal";"Com Vítimas Feridas";"Pleno dia";"Crescente";"Céu Claro";"Dupla";"Reta";"Sim";2;0;1;0;1;0;1;2;-15,613603;-48,198372;"SPRF-DF";"DEL03-DF";"UOP02-DEL03-DF"
752782;2026-02-16;"segunda-feira";"17:25:00";"RS";293;31,1;"MORRO REDONDO";"Desrespeitar a preferência no cruzamento";"Colisão transversal";"Com Vítimas Feridas";"Pleno dia";"Crescente";"Sol";"Simples";"Reta";"Sim";4;0;1;0;3;0;1;2;-31,73013822;-52,63963938;"SPRF-RS";"DEL07-RS";"UOP01-DEL07-RS"
752783;2026-02-16;"segunda-feira";"16:00:00";"MT";174;263;"VALE DE SAO DOMINGOS";"Ultrapassagem Indevida";"Saída de leito carroçável";"Com Vítimas Feridas";"Pleno dia";"Crescente";"Chuva";"Simples";"Declive;Reta";"Não";1;0;1;0;0;0;1;1;-15,3987987;-59,1489352;"SPRF-MT";"DEL04-MT";"UOP01-DEL04-MT"
752784;2026-02-16;"segunda-feira";"18:19:00";"GO";153;331;"JARAGUA";"Chuva";"Saída de leito carroçável";"Com Vítimas Feridas";"Anoitecer";"Decrescente";"Chuva";"Simples";"Declive;Reta";"Não";4;0;4;0;0;0;4;1;-15,545142;-49,434525;"SPRF-GO";"DEL02-GO";"UOP02-DEL02-GO"
752785;2026-02-16;"segunda-feira";"12:00:00";"MG";116;661,3;"SAO FRANCISCO DO GLORIA";"Reação tardia ou ineficiente do condutor";"Colisão com objeto";"Com Vítimas Feridas";"Pleno dia";"Decrescente";"Céu Claro";"Simples";"Curva";"Não";2;0;2;0;0;0;2;1;-20,80277782;-42,31136613;"SPRF-MG";"DEL07-MG";"UOP02-DEL07-MG"
752786;2026-02-16;"segunda-feira";"18:10:00";"SP";101;45;"UBATUBA";"Ultrapassagem Indevida";"Colisão lateral mesmo sentido";"Com Vítimas Feridas";"Pleno dia";"Crescente";"Céu Claro";"Simples";"Interseção de Vias";"Sim";2;0;1;0;0;1;1;2;-23,42278878;-45,07320754;"SPRF-SP";"DEL06-SP";"UOP01-DEL06-SP"
752787;2026-02-16;"segunda-feira";"18:30:00";"SC";101;137;"BALNEARIO CAMBORIU";"Reação tardia ou ineficiente do condutor";"Tombamento";"Com Vítimas Feridas";"Anoitecer";"Decrescente";"Sol";"Dupla";"Reta;Declive";"Sim";1;0;1;0;0;0;1;1;-27,02243077;-48,60900879;"SPRF-SC";"DEL04-SC";"UOP03-DEL04-SC"
752788;2026-02-16;"segunda-feira";"17:15:00";"MS";163;32;"ELDORADO";"Objeto estático sobre o leito carroçável";"Colisão com objeto";"Com Vítimas Feridas";"Anoitecer";"Decrescente";"Céu Claro";"Simples";"Reta";"Não";2;0;0;1;0;1;1;2;-23,8309471;-54,3324599;"SPRF-MS";"DEL09-MS";"UOP02-DEL09-MS"
752789;2026-02-16;"segunda-feira";"17:48:00";"PR";369;161;"CAMBE";"Acessar a via sem observar a presença dos outros veículos";"Atropelamento de Pedestre";"Com Vítimas Feridas";"Anoitecer";"Crescente";"Céu Claro";"Dupla";"Interseção de Vias";"Sim";3;0;2;1;0;0;3;2;-23,28856837;-51,2618959;"SPRF-PR";"DEL07-PR";"UOP01-DEL07-PR"
752790;2026-02-16;"segunda-feira";"18:15:00";"SC";116;245,5;"LAGES";"Acessar a via sem observar a presença dos outros veículos";"Colisão transversal";"Com Vítimas Feridas";"Pleno dia";"Decrescente";"Nublado";"Simples";"Interseção de Vias";"Sim";5;0;1;0;4;0;1;2;-27,79983;-50,3634;"SPRF-SC";"DEL05-SC";"UOP02-DEL05-SC"
752794;2026-02-16;"segunda-feira";"17:50:00";"RO";364;2,3;"JI-PARANA";"Pista esburacada";"Colisão traseira";"Com Vítimas Feridas";"Pleno dia";"Crescente";"Nublado";"Simples";"Reta;Ponte";"Não";2;0;1;0;1;0;1;2;-10,91768;-61,95115;"SPRF-RO";"DEL02-RO";"UOP01-DEL02-RO"
752796;2026-02-16;"segunda-feira";"19:40:00";"CE";116;64;"CHOROZINHO";"Ausência de reação do condutor";"Atropelamento de Animal";"Com Vítimas Feridas";"Plena Noite";"Decrescente";"Vento";"Simples";"Reta";"Sim";1;0;1;0;0;0;1;1;-4,33801166;-38,47619245;"SPRF-CE";"DEL01-CE";"UOP04-DEL01-CE"
752797;2026-02-16;"segunda-feira";"20:00:00";"MG";381;778;"CAMPANHA";"Ingestão de substâncias psicoativas pelo condutor";"Saída de leito carroçável";"Sem Vítimas";"Plena Noite";"Decrescente";"Céu Claro";"Dupla";"Curva";"Não";1;0;0;0;1;0;0;1;-21,809559;-45,48694;"SPRF-MG";"DEL16-MG";"UOP02-DEL16-MG"
752798;2026-02-16;"segunda-feira";"20:30:00";"SP";116;338;"JUQUITIBA";"Avarias e/ou desgaste excessivo no pneu";"Tombamento";"Com Vítimas Feridas";"Pleno dia";"Decrescente";"Nublado";"Dupla";"Curva";"Não";2;0;2;0;0;0;2;1;-24,00301165;-47,15507381;"SPRF-SP";"DEL04-SP";"UOP03-DEL04-SP"
752799;2026-02-16;"segunda-feira";"19:15:00";"RO";364;430,8;"JARU";"Desrespeitar a preferência no cruzamento";"Colisão transversal";"Com Vítimas Feridas";"Plena Noite";"Crescente";"Céu Claro";"Simples";"Rotatória;Reta";"Não";5;0;1;0;4;0;1;2;-10,40648494;-62,51641273;"SPRF-RO";"DEL03-RO";"UOP02-DEL03-RO"
752800;2026-02-16;"segunda-feira";"19:50:00";"SP";153;83;"BADY BASSITT";"Animais na Pista";"Atropelamento de Animal";"Com Vítimas Feridas";"Plena Noite";"Crescente";"Céu Claro";"Dupla";"Reta;Declive";"Não";5;0;1;0;4;0;1;2;-20,92158854;-49,50280365;"SPRF-SP";"DEL09-SP";"UOP01-DEL09-SP"
752802;2026-02-16;"segunda-feira";"19:30:00";"MG";40;640;"CONSELHEIRO LAFAIETE";"Animais na Pista";"Atropelamento de Animal";"Com Vítimas Feridas";"Plena Noite";"Decrescente";"Céu Claro";"Simples";"Reta";"Não";1;0;1;0;0;0;1;1;-20,721277;-43,7993145;"SPRF-MG";"DEL05-MG";"UOP02-DEL05-MG"
752803;2026-02-16;"segunda-feira";"17:30:00";"PI";402;41;"BOM PRINCIPIO DO PIAUI";"Demais falhas mecânicas ou elétricas";"Tombamento";"Com Vítimas Feridas";"Anoitecer";"Crescente";"Céu Claro";"Simples";"Reta";"Não";2;0;2;0;0;0;2;1;-3,01831615;-41,65653706;"SPRF-PI";"DEL05-PI";"UOP01-DEL05-PI"
752804;2026-02-16;"segunda-feira";"16:30:00";"RJ";40;121;"DUQUE DE CAXIAS";"Reação tardia ou ineficiente do condutor";"Colisão traseira";"Com Vítimas Feridas";"Pleno dia";"Decrescente";"Céu Claro";"Múltipla";"Reta";"Sim";2;0;1;0;1;0;1;2;-22,78733866;-43,28506818;"SPRF-RJ";"DEL01-RJ";"UOP02-DEL01-RJ"
752805;2026-02-16;"segunda-feira";"21:00:00";"RJ";101;427;"MANGARATIBA";"Demais falhas mecânicas ou elétricas";"Queda de ocupante de veículo";"Com Vítimas Feridas";"Plena Noite";"Crescente";"Céu Claro";"Simples";"Declive;Reta";"Não";2;0;2;0;0;0;2;1;-22,93473015;-43,99468359;"SPRF-RJ";"DEL03-RJ";"UOP02-DEL03-RJ"
752808;2026-02-16;"segunda-feira";"20:40:00";"MG";50;34,4;"ARAGUARI";"Reação tardia ou ineficiente do condutor";"Saída de leito carroçável";"Com Vítimas Feridas";"Plena Noite";"Crescente";"Céu Claro";"Dupla";"Reta";"Não";2;0;2;0;0;0;2;1;-18,64997591;-48,13674688;"SPRF-MG";"DEL15-MG";"UOP02-DEL15-MG"
752810;2026-02-16;"segunda-feira";"20:44:00";"DF";80;3;"BRASILIA";"Reação tardia ou ineficiente do condutor";"Tombamento";"Com Vítimas Feridas";"Plena Noite";"Crescente";"Céu Claro";"Simples";"Reta";"Sim";2;0;1;0;1;0;1;2;-15,731581;-48,102919;"SPRF-DF";"DEL03-DF";"UOP02-DEL03-DF"
752811;2026-02-16;"segunda-feira";"20:00:00";"MG";262;54,3;"MANHUACU";"Pista esburacada";"Colisão com objeto";"Com Vítimas Feridas";"Plena Noite";"Decrescente";"Céu Claro";"Simples";"Reta";"Não";2;0;0;1;1;0;1;1;-20,262156;-42,167524;"SPRF-MG";"DEL06-MG";"UOP03-DEL06-MG"
752812;2026-02-16;"segunda-feira";"17:09:00";"MT";163;686;"LUCAS DO RIO VERDE";"Reação tardia ou ineficiente do condutor";"Colisão traseira";"Sem Vítimas";"Pleno dia";"Crescente";"Céu Claro";"Dupla";"Interseção de Vias";"Não";2;0;0;0;1;1;0;2;-13,07976262;-55,93743481;"SPRF-MT";"DEL06-MT";"UOP01-DEL06-MT"
752813;2026-02-16;"segunda-feira";"18:00:00";"MT";163;815;"SINOP";"Ausência de reação do condutor";"Saída de leito carroçável";"Com Vítimas Feridas";"Plena Noite";"Decrescente";"Céu Claro";"Simples";"Reta";"Não";3;0;2;0;1;0;2;1;-12,039541;-55,517575;"SPRF-MT";"DEL06-MT";"UOP02-DEL06-MT"
752814;2026-02-16;"segunda-feira";"17:30:00";"MG";381;242;"SANTANA DO PARAISO";"Conversão proibida";"Colisão transversal";"Com Vítimas Feridas";"Pleno dia";"Crescente";"Céu Claro";"Simples";"Interseção de Vias";"Não";4;0;0;3;1;0;3;2;-19,44346458;-42,51320735;"SPRF-MG";"DEL06-MG";"UOP01-DEL06-MG"
752816;2026-02-16;"segunda-feira";"17:35:00";"MT";163;580;"NOVA MUTUM";"Avarias e/ou desgaste excessivo no pneu";"Saída de leito carroçável";"Com Vítimas Feridas";"Anoitecer";"Crescente";"Céu Claro";"Dupla";"Reta";"Não";1;0;0;1;0;0;1;1;-13,974532;-56,098955;"SPRF-MT";"DEL01-MT";"UOP01-DEL01-MT"
752817;2026-02-16;"segunda-feira";"21:30:00";"MS";163;251;"DOURADOS";"Ingestão de álcool pelo condutor";"Colisão traseira";"Com Vítimas Feridas";"Plena Noite";"Crescente";"Céu Claro";"Simples";"Reta";"Não";2;0;0;1;1;0;1;2;-22,29597487;-54,82114501;"SPRF-MS";"DEL04-MS";"UOP02-DEL04-MS"
752822;2026-02-16;"segunda-feira";"22:30:00";"RJ";116;184;"NOVA IGUACU";"Demais falhas mecânicas ou elétricas";"Colisão traseira";"Com Vítimas Feridas";"Plena Noite";"Decrescente";"Céu Claro";"Múltipla";"Reta";"Sim";2;0;1;0;1;0;1;2;-22,74142809;-43,4993121;"SPRF-RJ";"DEL06-RJ";"UOP01-DEL06-RJ"
752823;2026-02-16;"segunda-feira";"21:00:00";"RO";364;755;"PORTO VELHO";"Acostamento em desnível";"Queda de ocupante de veículo";"Com Vítimas Feridas";"Plena Noite";"Crescente";"Nublado";"Simples";"Reta";"Não";2;0;2;0;0;0;2;1;-9,07377756;-64,05380197;"SPRF-RO";"DEL01-RO";"UOP02-DEL01-RO"
752825;2026-02-16;"segunda-feira";"23:50:00";"SP";116;223;"GUARULHOS";"Chuva";"Colisão traseira";"Com Vítimas Feridas";"Plena Noite";"Decrescente";"Ignorado";"Dupla";"Reta";"Sim";6;0;2;0;4;0;2;2;-23,46064071;-46,48467511;"SPRF-SP";"DEL01-SP";"UOP01-DEL01-SP"
752827;2026-02-16;"segunda-feira";"23:20:00";"PI";343;1,8;"TERESINA";"Condutor desrespeitou a iluminação vermelha do semáforo";"Colisão transversal";"Com Vítimas Feridas";"Plena Noite";"Decrescente";"Céu Claro";"Múltipla";"Interseção de Vias";"Sim";2;0;1;0;0;1;1;2;-5,08158756;-42,76583288;"SPRF-PI";"DEL01-PI";"UOP01-DEL01-PI"
752829;2026-02-16;"segunda-feira";"23:30:00";"PR";376;3,7;"APUCARANA";"Ingestão de álcool pelo condutor";"Colisão traseira";"Sem Vítimas";"Plena Noite";"Crescente";"Nublado";"Simples";"Reta";"Sim";2;0;0;0;2;0;0;2;-23,557481;-51,441757;"SPRF-PR";"DEL07-PR";"UOP03-DEL07-PR"
752830;2026-02-17;"terça-feira";"00:45:00";"PR";277;31,5;"MORRETES";"Demais falhas mecânicas ou elétricas";"Colisão com objeto";"Com Vítimas Feridas";"Plena Noite";"Crescente";"Nublado";"Dupla";"Curva";"Não";1;0;0;1;0;0;1;1;-25,56084728;-48,80862951;"SPRF-PR";"DEL01-PR";"UOP05-DEL01-PR"
752831;2026-02-17;"terça-feira";"01:00:00";"SC";101;97;"BALNEARIO PICARRAS";"Acessar a via sem observar a presença dos outros veículos";"Colisão transversal";"Com Vítimas Feridas";"Plena Noite";"Crescente";"Céu Claro";"Dupla";"Reta";"Não";3;0;2;0;1;0;2;2;-26,73163916;-48,70114518;"SPRF-SC";"DEL03-SC";"UOP02-DEL03-SC"
752832;2026-02-17;"terça-feira";"00:45:00";"PR";376;678;"GUARATUBA";"Condutor Dormindo";"Saída de leito carroçável";"Sem Vítimas";"Plena Noite";"Crescente";"Céu Claro";"Dupla";"Reta;Aclive";"Não";1;0;0;0;1;0;0;1;-25,95211979;-48,90357368;"SPRF-PR";"DEL01-PR";"UOP04-DEL01-PR"
752833;2026-02-17;"terça-feira";"01:15:00";"RS";290;579;"ALEGRETE";"Reação tardia ou ineficiente do condutor";"Colisão traseira";"Com Vítimas Feridas";"Plena Noite";"Decrescente";"Nublado";"Simples";"Reta";"Não";4;0;0;2;2;0;2;2;-29,8076942;-55,76842149;"SPRF-RS";"DEL13-RS";"UOP02-DEL13-RS"
752835;2026-02-16;"segunda-feira";"22:40:00";"RJ";356;166;"SAO JOAO DA BARRA";"Reação tardia ou ineficiente do condutor";"Saída de leito carroçável";"Sem Vítimas";"Plena Noite";"Decrescente";"Céu Claro";"Simples";"Curva";"Não";1;0;0;0;0;1;0;1;-21,709518;-41,139978;"SPRF-RJ";"DEL08-RJ";"UOP02-DEL08-RJ"
752837;2026-02-17;"terça-feira";"01:20:00";"SP";381;22;"BRAGANCA PAULISTA";"Ausência de reação do condutor";"Colisão com objeto";"Sem Vítimas";"Plena Noite";"Decrescente";"Céu Claro";"Múltipla";"Declive;Reta";"Sim";3;0;0;0;2;1;0;1;-22,99698962;-46,51552963;"SPRF-SP";"DEL03-SP";"UOP02-DEL03-SP"
752839;2026-02-17;"terça-feira";"02:00:00";"PR";373;459;"CHOPINZINHO";"Pedestre andava na pista";"Atropelamento de Pedestre";"Com Vítimas Fatais";"Plena Noite";"Crescente";"Céu Claro";"Simples";"Reta";"Não";3;1;0;0;0;2;0;2;-25,89889525;-52,402023;"SPRF-PR";"DEL02-PR";"UOP01-DEL02-PR"
752842;2026-02-17;"terça-feira";"00:20:00";"GO";40;6;"VALPARAISO DE GOIAS";"Reação tardia ou ineficiente do condutor";"Colisão com objeto";"Sem Vítimas";"Plena Noite";"Decrescente";"Céu Claro";"Dupla";"Reta;Viaduto";"Sim";1;0;0;0;0;1;0;1;-16,10281;-47,97583;"SPRF-DF";"DEL01-DF";"UOP01-DEL01-DF"
752843;2026-02-17;"terça-feira";"04:40:00";"ES";101;295;"CARIACICA";"Acessar a via sem observar a presença dos outros veículos";"Atropelamento de Pedestre";"Com Vítimas Fatais";"Plena Noite";"Decrescente";"Céu Claro";"Dupla";"Reta";"Sim";3;1;0;1;0;1;1;2;-20,335292;-40,4019207;"SPRF-ES";"DEL01-ES";"UOP01-DEL01-ES"
752844;2026-02-17;"terça-feira";"04:30:00";"PR";373;479,9;"CORONEL VIVIDA";"Ingestão de álcool pelo condutor";"Colisão com objeto";"Sem Vítimas";"Plena Noite";"Decrescente";"Céu Claro";"Simples";"Aclive;Reta";"Não";1;0;0;0;1;0;0;1;-26,001123;-52,561144;"SPRF-PR";"DEL02-PR";"UOP01-DEL02-PR"
752847;2026-02-17;"terça-feira";"04:50:00";"TO";10;466;"PALMAS";"Ausência de reação do condutor";"Saída de leito carroçável";"Sem Vítimas";"Amanhecer";"Decrescente";"Céu Claro";"Simples";"Reta";"Não";1;0;0;0;0;1;0;1;-10,24026;-48,22823;"SPRF-TO";"DEL01-TO";"UOP03-DEL01-TO"
752848;2026-02-17;"terça-feira";"06:00:00";"RN";101;158,5;"GOIANINHA";"Ausência de reação do condutor";"Colisão traseira";"Com Vítimas Feridas";"Pleno dia";"Decrescente";"Céu Claro";"Dupla";"Reta";"Não";4;0;2;0;2;0;2;2;-6,336668;-35,172221;"SPRF-RN";"DEL01-RN";"UOP01-DEL01-RN"
752849;2026-02-16;"segunda-feira";"19:00:00";"RJ";116;188;"QUEIMADOS";"Manobra de mudança de faixa";"Colisão traseira";"Com Vítimas Feridas";"Plena Noite";"Decrescente";"Ignorado";"Dupla";"Reta";"Não";2;0;1;0;1;0;1;2;-22,73834832;-43,53397965;"SPRF-RJ";"DEL06-RJ";"UOP01-DEL06-RJ"
752850;2026-02-17;"terça-feira";"05:50:00";"PR";376;108,1;"PARANAVAI";"Transitar no Acostamento";"Atropelamento de Pedestre";"Com Vítimas Fatais";"Amanhecer";"Crescente";"Céu Claro";"Dupla";"Declive;Viaduto;Reta";"Sim";2;1;0;0;0;1;0;2;-23,0692649;-52,4251445;"SPRF-PR";"DEL09-PR";"UOP02-DEL09-PR"
752851;2026-02-17;"terça-feira";"06:00:00";"MG";381;936,1;"EXTREMA";"Retorno proibido";"Colisão frontal";"Com Vítimas Feridas";"Pleno dia";"Decrescente";"Sol";"Dupla";"Retorno Regulamentado";"Não";2;0;1;0;1;0;1;2;-22,80816235;-46,27661777;"SPRF-MG";"DEL16-MG";"UOP03-DEL16-MG"
752854;2026-02-17;"terça-feira";"06:45:00";"SC";101;129;"CAMBORIU";"Objeto estático sobre o leito carroçável";"Queda de ocupante de veículo";"Com Vítimas Feridas";"Pleno dia";"Crescente";"Céu Claro";"Dupla";"Curva";"Sim";1;0;1;0;0;0;1;1;-26,9801871;-48,68000921;"SPRF-SC";"DEL04-SC";"UOP03-DEL04-SC"