"id";"data_inversa";"dia_semana";"horario";"uf";"br";"km";"municipio";"causa_acidente";"tipo_acidente";"classificacao_acidente";"fase_dia";"sentido_via";"condicao_metereologica";"tipo_pista";"tracado_via";"uso_solo";"pessoas";"mortos";"feridos_leves";"feridos_graves";"ilesos";"ignorados";"feridos";"veiculos";"latitude";"longitude";"regional";"delegacia";"uop"
752966;2026-02-17;"terça-feira";"19:15:00";"PE";101;45,3;"IGARASSU";"Pedestre cruzava a pista fora da faixa";"Atropelamento de Pedestre";"Com Vítimas Feridas";"Plena Noite";"Crescente";"Céu Claro";"Dupla";"Reta";"Sim";2;0;0;1;1;0;1;2;-7,87554283;-34,90594246;"SPRF-PE";"DEL01-PE";"UOP02-DEL01-PE"
752967;2026-02-17;"terça-feira";"18:00:00";"SC";282;48,5;"AGUAS MORNAS";"Ausência de reação do condutor";"Colisão lateral mesmo sentido";"Com Vítimas Feridas";"Amanhecer";"Decrescente";"Chuva";"Simples";"Curva";"Não";3;0;1;0;0;2;1;3;-27,716072;-48,942812;"SPRF-SC";"DEL01-SC";"UOP03-DEL01-SC"
752968;2026-02-17;"terça-feira";"19:00:00";"PR";277;118;"CAMPO LARGO";"Condutor deixou de manter distância do veículo da frente";"Colisão traseira";"Com Vítimas Feridas";"Anoitecer";"Decrescente";"Céu Claro";"Dupla";"Curva";"Não";4;0;1;0;2;1;1;2;-25,44382;-49,46561;"SPRF-PR";"DEL03-PR";"UOP03-DEL03-PR"
752969;2026-02-17;"terça-feira";"19:41:00";"PR";277;119;"CAMPO LARGO";"Reação tardia ou ineficiente do condutor";"Colisão lateral mesmo sentido";"Com Vítimas Feridas";"Plena Noite";"Decrescente";"Céu Claro";"Dupla";"Reta;Declive";"Não";7;0;0;1;6;0;1;3;-25,44682727;-49,47309701;"SPRF-PR";"DEL03-PR";"UOP03-DEL03-PR"
752970;2026-02-17;"terça-feira";"20:00:00";"GO";60;96;"ANAPOLIS";"Condutor deixou de manter distância do veículo da frente";"Colisão traseira";"Com Vítimas Feridas";"Plena Noite";"Decrescente";"Nublado";"Dupla";"Reta";"Sim";2;0;1;0;0;1;1;2;-16,375;-48,947;"SPRF-GO";"DEL02-GO";"UOP01-DEL02-GO"
752971;2026-02-17;"terça-feira";"18:20:00";"MG";40;225;"JOAO PINHEIRO";"Mal súbito do condutor";"Tombamento";"Com Vítimas Feridas";"Anoitecer";"Crescente";"Céu Claro";"Simples";"Rotatória";"Sim";1;0;1;0;0;0;1;1;-17,984457;-45,612132;"SPRF-MG";"DEL14-MG";"UOP02-DEL14-MG"
752975;2026-02-17;"terça-feira";"20:45:00";"RS";290;76;"GRAVATAI";"Demais falhas mecânicas ou elétricas";"Queda de ocupante de veículo";"Sem Vítimas";"Plena Noite";"Crescente";"Céu Claro";"Múltipla";"Reta";"Não";2;0;0;0;2;0;0;1;-29,95658916;-51,01464987;"SPRF-RS";"DEL01-RS";"UOP01-DEL01-RS"
752976;2026-02-17;"terça-feira";"20:20:00";"MG";251;442,2;"GRAO MOGOL";"Acessar a via sem observar a presença dos outros veículos";"Queda de ocupante de veículo";"Com Vítimas Feridas";"Plena Noite";"Decrescente";"Céu Claro";"Simples";"Reta";"Sim";1;0;1;0;0;0;1;1;-16,406463;-43,228791;"SPRF-MG";"DEL12-MG";"UOP01-DEL12-MG"
752978;2026-02-17;"terça-feira";"17:30:00";"BA";110;283;"INHAMBUPE";"Ausência de reação do condutor";"Saída de leito carroçável";"Com Vítimas Feridas";"Anoitecer";"Decrescente";"Nublado";"Simples";"Reta";"Não";1;0;0;1;0;0;1;1;-11,71117654;-38,32891837;"SPRF-BA";"DEL01-BA";"UOP04-DEL01-BA"
752980;2026-02-17;"terça-feira";"20:10:00";"RJ";493;17;"GUAPIMIRIM";"Reação tardia ou ineficiente do condutor";"Saída de leito carroçável";"Com Vítimas Feridas";"Plena Noite";"Decrescente";"Céu Claro";"Simples";"Reta";"Não";2;0;2;0;0;0;2;1;-22,68467563;-42,96262085;"SPRF-RJ";"DEL04-RJ";"UOP02-DEL04-RJ"
752982;2026-02-17;"terça-feira";"20:30:00";"MG";40;288;"TRES MARIAS";"Animais na Pista";"Colisão com objeto";"Com Vítimas Feridas";"Plena Noite";"Crescente";"Céu Claro";"Simples";"Reta";"Não";3;0;3;0;0;0;3;1;-18,267174;-45,152578;"SPRF-MG";"DEL14-MG";"UOP02-DEL14-MG"
752983;2026-02-17;"terça-feira";"18:30:00";"MG";381;913;"CAMANDUCAIA";"Chuva";"Tombamento";"Com Vítimas Feridas";"Anoitecer";"Decrescente";"Nublado";"Dupla";"Curva";"Não";5;0;2;0;3;0;2;1;-22,7138303;-46,12238217;"SPRF-MG";"DEL16-MG";"UOP03-DEL16-MG"
752984;2026-02-17;"terça-feira";"20:15:00";"PI";343;441,9;"SAO PEDRO DO PIAUI";"Animais na Pista";"Atropelamento de Animal";"Com Vítimas Feridas";"Plena Noite";"Crescente";"Céu Claro";"Simples";"Reta";"Não";1;0;0;1;0;0;1;1;-5,871437;-42,674013;"SPRF-PI";"DEL01-PI";"UOP02-DEL01-PI"
752985;2026-02-17;"terça-feira";"20:20:00";"SP";116;213;"GUARULHOS";"Ausência de reação do condutor";"Colisão traseira";"Com Vítimas Feridas";"Plena Noite";"Crescente";"Céu Claro";"Múltipla";"Reta";"Sim";3;0;2;0;1;0;2;2;-23,439344;-46,436869;"SPRF-SP";"DEL01-SP";"UOP01-DEL01-SP"
752986;2026-02-17;"terça-feira";"21:30:00";"GO";60;97;"ANAPOLIS";"Acessar a via sem observar a presença dos outros veículos";"Colisão traseira";"Com Vítimas Feridas";"Plena Noite";"Crescente";"Céu Claro";"Dupla";"Reta";"Sim";3;0;1;0;2;0;1;2;-16,3761744;-48,948383;"SPRF-GO";"DEL02-GO";"UOP01-DEL02-GO"
752988;2026-02-17;"terça-feira";"18:40:00";"RS";285;107,5;"VACARIA";"Reação tardia ou ineficiente do condutor";"Saída de leito carroçável";"Com Vítimas Feridas";"Anoitecer";"Crescente";"Chuva";"Simples";"Reta";"Não";3;0;3;0;0;0;3;1;-28,522945;-50,816233;"SPRF-RS";"DEL05-RS";"UOP03-DEL05-RS"
752989;2026-02-17;"terça-feira";"17:40:00";"PA";308;161;"CAPANEMA";"Ingestão de álcool pelo condutor";"Colisão traseira";"Com Vítimas Feridas";"Pleno dia";"Crescente";"Nublado";"Simples";"Aclive";"Não";4;0;1;1;1;1;2;2;-1,20775;-47,096033;"SPRF-PA";"DEL01-PA";"UOP03-DEL01-PA"
752990;2026-02-17;"terça-feira";"20:00:00";"MT";0;0;"VARZEA GRANDE";"Velocidade Incompatível";"Saída de leito carroçável";"Sem Vítimas";"Plena Noite";"Não Informado";"Céu Claro";"Dupla";"Reta;Declive";"Sim";1;0;0;0;1;0;0;1;-15,63712674;-56,18640868;"SPRF-MT";"DEL01-MT";"UOP02-DEL01-MT"
752991;2026-02-17;"terça-feira";"16:30:00";"MG";381;238,3;"SANTANA DO PARAISO";"Velocidade Incompatível";"Saída de leito carroçável";"Com Vítimas Feridas";"Pleno dia";"Crescente";"Céu Claro";"Simples";"Reta";"Não";2;0;1;0;1;0;1;1;-19,45137776;-42,51777649;"SPRF-MG";"DEL06-MG";"UOP01-DEL06-MG"
752992;2026-02-17;"terça-feira";"20:00:00";"PI";343;305,3;"ALTOS";"Transitar no Acostamento";"Atropelamento de Pedestre";"Com Vítimas Feridas";"Plena Noite";"Decrescente";"Chuva";"Simples";"Reta";"Sim";2;0;0;2;0;0;2;2;-5,0342818;-42,44314671;"SPRF-PI";"DEL01-PI";"UOP01-DEL01-PI"
752993;2026-02-17;"terça-feira";"19:40:00";"SP";116;95,7;"PINDAMONHANGABA";"Ausência de reação do condutor";"Tombamento";"Com Vítimas Feridas";"Plena Noite";"Decrescente";"Céu Claro";"Dupla";"Reta";"Não";3;0;0;1;2;0;1;2;-22,96576284;-45,43157816;"SPRF-SP";"DEL08-SP";"UOP01-DEL08-SP"
752994;2026-02-17;"terça-feira";"20:30:00";"RJ";101;415;"MANGARATIBA";"Acessar a via sem observar a presença dos outros veículos";"Colisão transversal";"Com Vítimas Feridas";"Plena Noite";"Decrescente";"Céu Claro";"Dupla";"Interseção de Vias;Retorno Regulamentado;Reta";"Sim";4;0;0;2;2;0;2;2;-22,91069812;-43,89328904;"SPRF-RJ";"DEL03-RJ";"UOP01-DEL03-RJ"
752997;2026-02-17;"terça-feira";"22:00:00";"SC";101;330,7;"TUBARAO";"Avarias e/ou desgaste excessivo no pneu";"Capotamento";"Com Vítimas Feridas";"Plena Noite";"Crescente";"Chuva";"Dupla";"Reta";"Não";2;0;1;0;1;0;1;1;-28,45889065;-48,98779806;"SPRF-SC";"DEL02-SC";"UOP01-DEL02-SC"
752998;2026-02-17;"terça-feira";"18:15:00";"MG";262;73;"MATIPO";"Conversão proibida";"Colisão transversal";"Com Vítimas Feridas";"Plena Noite";"Crescente";"Céu Claro";"Simples";"Reta";"Não";4;0;0;1;3;0;1;2;-20,315788;-42,327768;"SPRF-MG";"DEL06-MG";"UOP03-DEL06-MG"
752999;2026-02-17;"terça-feira";"20:30:00";"BA";101;938,1;"MUCURI";"Pedestre andava na pista";"Atropelamento de Pedestre";"Com Vítimas Feridas";"Plena Noite";"Crescente";"Céu Claro";"Simples";"Reta";"Sim";3;0;0;1;0;2;1;2;-18,0317;-39,86415;"SPRF-BA";"DEL09-BA";"UOP02-DEL09-BA"
753001;2026-02-17;"terça-feira";"20:40:00";"SP";116;146;"SAO JOSE DOS CAMPOS";"Reação tardia ou ineficiente do condutor";"Capotamento";"Com Vítimas Feridas";"Plena Noite";"Decrescente";"Céu Claro";"Dupla";"Declive";"Sim";2;0;2;0;0;0;2;1;-23,19533193;-45,87130404;"SPRF-SP";"DEL02-SP";"UOP01-DEL02-SP"
753002;2026-02-17;"terça-feira";"22:00:00";"SP";116;227,2;"GUARULHOS";"Reação tardia ou ineficiente do condutor";"Tombamento";"Com Vítimas Feridas";"Plena Noite";"Crescente";"Chuva";"Múltipla";"Declive;Reta";"Sim";1;0;1;0;0;0;1;1;-23,497415;-46,558325;"SPRF-SP";"DEL01-SP";"UOP01-DEL01-SP"
753003;2026-02-17;"terça-feira";"22:32:00";"SC";101;192,3;"BIGUACU";"Ingestão de álcool pelo condutor";"Colisão lateral sentido oposto";"Sem Vítimas";"Plena Noite";"Decrescente";"Nublado";"Dupla";"Interseção de Vias;Viaduto;Reta";"Sim";2;0;0;0;2;0;0;2;-27,4867952;-48,6500117;"SPRF-SC";"DEL01-SC";"UOP01-DEL01-SC"
753004;2026-02-17;"terça-feira";"22:10:00";"MG";381;4;"BETIM";"Ausência de reação do condutor";"Tombamento";"Com Vítimas Feridas";"Pleno dia";"Decrescente";"Céu Claro";"Dupla";"Reta";"Não";1;0;1;0;0;0;1;1;-19,98714445;-44,18056154;"SPRF-MG";"DEL01-MG";"UOP03-DEL01-MG"
753007;2026-02-17;"terça-feira";"20:00:00";"SC";101;336;"TUBARAO";"Acumulo de água sobre o pavimento";"Colisão com objeto";"Com Vítimas Feridas";"Plena Noite";"Crescente";"Chuva";"Dupla";"Curva";"Sim";3;0;1;0;2;0;1;1;-28,48482261;-49,03605402;"SPRF-SC";"DEL02-SC";"UOP01-DEL02-SC"
753012;2026-02-17;"terça-feira";"22:25:00";"PR";116;8;"CAMPINA GRANDE DO SUL";"Acumulo de água sobre o pavimento";"Saída de leito carroçável";"Com Vítimas Feridas";"Plena Noite";"Crescente";"Chuva";"Dupla";"Curva";"Não";2;0;2;0;0;0;2;1;-25,08069422;-48,62391919;"SPRF-PR";"DEL01-PR";"UOP02-DEL01-PR"
753013;2026-02-17;"terça-feira";"22:50:00";"CE";116;40,6;"HORIZONTE";"Manobra de mudança de faixa";"Colisão lateral mesmo sentido";"Com Vítimas Feridas";"Plena Noite";"Crescente";"Céu Claro";"Dupla";"Retorno Regulamentado";"Sim";2;0;0;1;1;0;1;2;-4,11420763;-38,48959827;"SPRF-CE";"DEL01-CE";"UOP02-DEL01-CE"
753014;2026-02-17;"terça-feira";"21:30:00";"MT";364;265;"SANTO ANTONIO DO LEVERGER";"Velocidade Incompatível";"Saída de leito carroçável";"Com Vítimas Feridas";"Plena Noite";"Crescente";"Céu Claro";"Dupla";"Reta";"Não";2;0;2;0;0;0;2;1;-15,83769072;-55,49158573;"SPRF-MT";"DEL02-MT";"UOP01-DEL02-MT"
753015;2026-02-17;"terça-feira";"22:20:00";"RO";364;709;"PORTO VELHO";"Ausência de reação do condutor";"Queda de ocupante de veículo";"Com Vítimas Feridas";"Plena Noite";"Decrescente";"Céu Claro";"Dupla";"Reta";"Sim";2;0;1;0;1;0;1;2;-8,7903996;-63,85049701;"SPRF-RO";"DEL01-RO";"UOP01-DEL01-RO"
753016;2026-02-17;"terça-feira";"22:41:00";"RJ";101;482;"ANGRA DOS REIS";"Iluminação deficiente";"Atropelamento de Pedestre";"Com Vítimas Feridas";"Plena Noite";"Decrescente";"Céu Claro";"Dupla";"Reta";"Não";2;0;0;1;1;0;1;2;-22,95284615;-44,20230031;"SPRF-RJ";"DEL03-RJ";"UOP03-DEL03-RJ"
753018;2026-02-17;"terça-feira";"22:30:00";"SP";116;426;"JUQUIA";"Manobra de mudança de faixa";"Colisão lateral mesmo sentido";"Com Vítimas Feridas";"Plena Noite";"Decrescente";"Céu Claro";"Múltipla";"Curva";"Não";2;0;1;0;1;0;1;2;-24,38804715;-47,72086143;"SPRF-SP";"DEL05-SP";"UOP01-DEL05-SP"
753019;2026-02-17;"terça-feira";"23:50:00";"PR";476;154,5;"ARAUCARIA";"Ingestão de álcool pelo condutor";"Colisão frontal";"Com Vítimas Feridas";"Plena Noite";"Crescente";"Chuva";"Dupla";"Declive";"Sim";4;0;2;0;2;0;2;2;-25,584649;-49,402126;"SPRF-PR";"DEL01-PR";"UOP06-DEL01-PR"
753020;2026-02-17;"terça-feira";"21:25:00";"MA";316;617;"TIMON";"Manobra de mudança de faixa";"Colisão frontal";"Com Vítimas Feridas";"Plena Noite";"Decrescente";"Chuva";"Simples";"Reta";"Sim";5;0;3;0;2;0;3;3;-5,102752;-42,82902;"SPRF-MA";"DEL03-MA";"UOP02-DEL03-MA"
753021;2026-02-17;"terça-feira";"22:30:00";"PI";316;2,6;"TERESINA";"Ausência de reação do condutor";"Colisão traseira";"Com Vítimas Feridas";"Plena Noite";"Decrescente";"Chuva";"Múltipla";"Reta";"Sim";3;0;2;0;0;1;2;2;-5,12516;-42,794327;"SPRF-PI";"DEL01-PI";"UOP02-DEL01-PI"
753022;2026-02-18;"quarta-feira";"00:45:00";"RS";290;33;"SANTO ANTONIO DA PATRULHA";"Ausência de reação do condutor";"Saída de leito carroçável";"Com Vítimas Feridas";"Plena Noite";"Crescente";"Garoa/Chuvisco";"Dupla";"Reta";"Não";1;0;0;1;0;0;1;1;-29,886201;-50,590155;"SPRF-RS";"DEL03-RS";"UOP01-DEL03-RS"
753024;2026-02-18;"quarta-feira";"00:20:00";"RJ";40;114;"DUQUE DE CAXIAS";"Condutor Dormindo";"Saída de leito carroçável";"Sem Vítimas";"Plena Noite";"Crescente";"Nublado";"Múltipla";"Reta";"Sim";1;0;0;0;1;0;0;1;-22,72427;-43,289393;"SPRF-RJ";"DEL01-RJ";"UOP02-DEL01-RJ"
753025;2026-02-18;"quarta-feira";"00:45:00";"PR";116;126;"FAZENDA RIO GRANDE";"Reação tardia ou ineficiente do condutor";"Colisão traseira";"Sem Vítimas";"Plena Noite";"Decrescente";"Garoa/Chuvisco";"Dupla";"Reta";"Sim";2;0;0;0;2;0;0;2;-25,64800373;-49,31223957;"SPRF-PR";"DEL01-PR";"UOP03-DEL01-PR"
753026;2026-02-18;"quarta-feira";"00:45:00";"PR";369;3,5;"JACAREZINHO";"Retorno proibido";"Saída de leito carroçável";"Sem Vítimas";"Plena Noite";"Decrescente";"Céu Claro";"Dupla";"Declive;Reta";"Não";1;0;0;0;1;0;0;1;-23,00145884;-49,93766785;"SPRF-PR";"DEL07-PR";"UOP05-DEL07-PR"
753027;2026-02-18;"quarta-feira";"01:33:00";"PE";101;70,9;"RECIFE";"Ausência de reação do condutor";"Capotamento";"Sem Vítimas";"Amanhecer";"Decrescente";"Nublado";"Dupla";"Reta";"Sim";1;0;0;0;0;1;0;1;-8,07605;-34,94276;"SPRF-PE";"DEL01-PE";"UOP01-DEL01-PE"
753030;2026-02-18;"quarta-feira";"02:00:00";"MG";116;305;"ITAMBACURI";"Velocidade Incompatível";"Tombamento";"Com Vítimas Feridas";"Plena Noite";"Decrescente";"Céu Claro";"Simples";"Declive;Curva";"Não";1;0;0;1;0;0;1;1;-18,032517;-41,653186;"SPRF-MG";"DEL11-MG";"UOP01-DEL11-MG"
753031;2026-02-18;"quarta-feira";"01:30:00";"PR";277;396,9;"CANDOI";"Transitar na contramão";"Colisão frontal";"Com Vítimas Feridas";"Plena Noite";"Crescente";"Céu Claro";"Simples";"Reta";"Não";9;0;2;1;6;0;3;2;-25,446;-51,888;"SPRF-PR";"DEL08-PR";"UOP01-DEL08-PR"
753033;2026-02-18;"quarta-feira";"02:55:00";"SC";282;3,1;"FLORIANOPOLIS";"Ingestão de álcool pelo condutor";"Colisão com objeto";"Com Vítimas Feridas";"Plena Noite";"Crescente";"Nublado";"Múltipla";"Curva";"Sim";7;0;0;7;0;0;7;1;-27,60092562;-48,59913524;"SPRF-SC";"DEL01-SC";"UOP01-DEL01-SC"
753035;2026-02-18;"quarta-feira";"02:10:00";"PR";116;131;"FAZENDA RIO GRANDE";"Condutor Dormindo";"Colisão com objeto";"Com Vítimas Feridas";"Plena Noite";"Crescente";"Chuva";"Dupla";"Reta";"Sim";1;0;1;0;0;0;1;1;-25,67251396;-49,31519699;"SPRF-PR";"DEL01-PR";"UOP03-DEL01-PR"
753036;2026-02-18;"quarta-feira";"02:00:00";"DF";20;2;"BRASILIA";"Ingestão de álcool pelo condutor";"Colisão traseira";"Sem Vítimas";"Plena Noite";"Decrescente";"Céu Claro";"Dupla";"Reta";"Sim";3;0;0;0;2;1;0;2;-15,68448503;-47,84749746;"SPRF-DF";"DEL02-DF";"UOP01-DEL02-DF"
753037;2026-02-18;"quarta-feira";"03:30:00";"PE";408;89;"SAO LOURENCO DA MATA";"Transitar na contramão";"Colisão frontal";"Com Vítimas Feridas";"Plena Noite";"Crescente";"Chuva";"Dupla";"Declive;Reta";"Sim";2;0;0;1;1;0;1;2;-8,02672;-35,03809;"SPRF-PE";"DEL01-PE";"UOP01-DEL01-PE"
753038;2026-02-18;"quarta-feira";"03:38:00";"ES";101;142;"LINHARES";"Condutor Dormindo";"Saída de leito carroçável";"Com Vítimas Feridas";"Plena Noite";"Crescente";"Céu Claro";"Múltipla";"Aclive;Curva";"Não";1;0;1;0;0;0;1;1;-19,34978112;-40,06362531;"SPRF-ES";"DEL04-ES";"UOP01-DEL04-ES"
753039;2026-02-18;"quarta-feira";"03:30:00";"PR";376;596,5;"CURITIBA";"Reação tardia ou ineficiente do condutor";"Saída de leito carroçável";"Com Vítimas Feridas";"Plena Noite";"Decrescente";"Nublado";"Dupla";"Reta";"Sim";1;0;1;0;0;0;1;1;-25,47340768;-49,35246198;"SPRF-PR";"DEL01-PR";"UOP03-DEL01-PR"
753041;2026-02-18;"quarta-feira";"02:40:00";"PB";230;44;"SANTA RITA";"Reação tardia ou ineficiente do condutor";"Saída de leito carroçável";"Sem Vítimas";"Plena Noite";"Decrescente";"Céu Claro";"Dupla";"Reta";"Não";2;0;0;0;0;2;0;1;-7,16165534;-35,02177787;"SPRF-PB";"DEL01-PB";"UOP02-DEL01-PB"
753045;2026-02-18;"quarta-feira";"05:30:00";"BA";101;365;"GANDU";"Ausência de reação do condutor";"Colisão frontal";"Com Vítimas Feridas";"Amanhecer";"Crescente";"Céu Claro";"Simples";"Reta";"Não";2;0;1;0;1;0;1;2;-13,736919;-39,479336;"SPRF-BA";"DEL05-BA";"UOP03-DEL05-BA"
753046;2026-02-17;"terça-feira";"18:36:00";"MG";381;489;"BETIM";"Ausência de reação do condutor";"Queda de ocupante de veículo";"Com Vítimas Feridas";"Plena Noite";"Decrescente";"Céu Claro";"Múltipla";"Aclive;Reta";"Não";2;0;1;1;0;0;2;1;-19,95680138;-44,13781679;"SPRF-MG";"DEL01-MG";"UOP03-DEL01-MG"
753048;2026-02-18;"quarta-feira";"02:10:00";"SC";101;150;"ITAPEMA";"Condutor Dormindo";"Colisão com objeto";"Sem Vítimas";"Plena Noite";"Decrescente";"Garoa/Chuvisco";"Dupla";"Reta";"Sim";1;0;0;0;0;1;0;1;-27,1257267;-48,60941339;"SPRF-SC";"DEL04-SC";"UOP03-DEL04-SC"
753051;2026-02-18;"quarta-feira";"06:30:00";"GO";60;98,6;"ANAPOLIS";"Animais na Pista";"Atropelamento de Animal";"Com Vítimas Feridas";"Pleno dia";"Crescente";"Céu Claro";"Dupla";"Reta";"Sim";1;0;0;1;0;0;1;1;-16,38968483;-48,95742271;"SPRF-GO";"DEL02-GO";"UOP01-DEL02-GO"
753052;2026-02-18;"quarta-feira";"06:00:00";"RJ";40;83;"PETROPOLIS";"Condutor Dormindo";"Colisão com objeto";"Com Vítimas Feridas";"Pleno dia";"Decrescente";"Céu Claro";"Simples";"Reta";"Não";5;0;1;0;4;0;1;1;-22,5414426;-43,2242382;"SPRF-RJ";"DEL01-RJ";"UOP01-DEL01-RJ"
753053;2026-02-18;"quarta-feira";"06:30:00";"ES";101;335;"CARIACICA";"Ausência de reação do condutor";"Colisão traseira";"Com Vítimas Feridas";"Pleno dia";"Crescente";"Sol";"Múltipla";"Reta";"Sim";2;0;1;0;1;0;1;2;-20,34588411;-40,38875;"SPRF-ES";"DEL03-ES";"UOP01-DEL03-ES"
753055;2026-02-18;"quarta-feira";"06:30:00";"PB";101;29;"RIO TINTO";"Reação tardia ou ineficiente do condutor";"Queda de ocupante de veículo";"Com Vítimas Feridas";"Pleno dia";"Crescente";"Céu Claro";"Dupla";"Declive";"Não";2;0;2;0;0;0;2;1;-6,76407692;-35,13402006;"SPRF-PB";"DEL01-PB";"UOP03-DEL01-PB"
753056;2026-02-18;"quarta-feira";"00:40:00";"PR";277;175;"PALMEIRA";"Chuva";"Saída de leito carroçável";"Com Vítimas Feridas";"Plena Noite";"Decrescente";"Chuva";"Simples";"Rotatória;Reta";"Não";4;0;1;0;3;0;1;1;-25,43925;-49,75009;"SPRF-PR";"DEL03-PR";"UOP03-DEL03-PR"
753057;2026-02-18;"quarta-feira";"05:15:00";"RJ";116;120;"MAGE";"Ausência de reação do condutor";"Colisão com objeto";"Sem Vítimas";"Amanhecer";"Decrescente";"Céu Claro";"Dupla";"Reta";"Não";1;0;0;0;1;0;0;1;-22,63008654;-43,05007428;"SPRF-RJ";"DEL04-RJ";"UOP02-DEL04-RJ"
753059;2026-02-18;"quarta-feira";"05:40:00";"MG";365;299,8;"JOAO PINHEIRO";"Reação tardia ou ineficiente do condutor";"Colisão frontal";"Com Vítimas Feridas";"Amanhecer";"Crescente";"Nublado";"Simples";"Reta";"Não";28;0;0;1;27;0;1;2;-18,13556;-45,74157;"SPRF-MG";"DEL10-MG";"UOP02-DEL010-MG"
753060;2026-02-17;"terça-feira";"20:00:00";"PR";116;17,6;"COLOMBO";"Chuva";"Queda de ocupante de veículo";"Com Vítimas Feridas";"Plena Noite";"Decrescente";"Chuva";"Dupla";"Reta";"Sim";1;0;1;0;0;0;1;1;-25,38912;-49,190797;"SPRF-PR";"DEL01-PR";"UOP02-DEL01-PR"
753061;2026-02-18;"quarta-feira";"06:50:00";"RN";226;33,7;"MACAIBA";"Condutor deixou de manter distância do veículo da frente";"Colisão traseira";"Com Vítimas Feridas";"Pleno dia";"Decrescente";"Céu Claro";"Simples";"Declive;Reta";"Não";5;0;1;0;4;0;1;2;-5,894152;-35,496777;"SPRF-RN";"DEL01-RN";"UOP02-DEL01-RN"
753063;2026-02-18;"quarta-feira";"07:00:00";"RJ";101;384;"RIO DE JANEIRO";"Condutor deixou de manter distância do veículo da frente";"Colisão traseira";"Com Vítimas Feridas";"Pleno dia";"Decrescente";"Céu Claro";"Múltipla";"Reta";"Não";2;0;1;0;1;0;1;2;-22,88557796;-43,71640742;"SPRF-RJ";"DEL03-RJ";"UOP01-DEL03-RJ"
753064;2026-02-17;"terça-feira";"15:20:00";"RO";364;363;"OURO PRETO DO OESTE";"Demais falhas mecânicas ou elétricas";"Saída de leito carroçável";"Com Vítimas Feridas";"Pleno dia";"Crescente";"Céu Claro";"Simples";"Reta";"Não";2;0;2;0;0;0;2;1;-10,773955;-62,090045;"SPRF-RO";"DEL02-RO";"UOP01-DEL02-RO"
753065;2026-02-18;"quarta-feira";"07:05:00";"SC";470;47;"BLUMENAU";"Condutor deixou de manter distância do veículo da frente";"Colisão traseira";"Com Vítimas Feridas";"Pleno dia";"Crescente";"Céu Claro";"Dupla";"Curva";"Não";6;0;2;0;4;0;2;4;-26,86381;-49,04751;"SPRF-SC";"DEL04-SC";"UOP01-DEL04-SC"
753066;2026-02-18;"quarta-feira";"07:25:00";"RS";116;141;"CAXIAS DO SUL";"Acessar a via sem observar a presença dos outros veículos";"Colisão transversal";"Sem Vítimas";"Pleno dia";"Crescente";"Céu Claro";"Dupla";"Reta";"Não";3;0;0;0;3;0;0;3;-29,1260902;-51,1277533;"SPRF-RS";"DEL05-RS";"UOP01-DEL05-RS"
753071;2026-02-18;"quarta-feira";"07:50:00";"SC";101;324;"CAPIVARI DE BAIXO";"Velocidade Incompatível";"Colisão traseira";"Com Vítimas Fatais";"Pleno dia";"Crescente";"Céu Claro";"Dupla";"Reta";"Sim";2;1;0;0;1;0;0;2;-28,424576;-48,935801;"SPRF-SC";"DEL02-SC";"UOP01-DEL02-SC"
753072;2026-02-18;"quarta-feira";"07:30:00";"PE";101;43;"IGARASSU";"Condutor Dormindo";"Colisão traseira";"Com Vítimas Feridas";"Pleno dia";"Decrescente";"Céu Claro";"Simples";"Reta";"Sim";4;0;1;0;3;0;1;3;-7,85611704;-34,90847675;"SPRF-PE";"DEL01-PE";"UOP02-DEL01-PE"
753074;2026-02-18;"quarta-feira";"07:40:00";"ES";262;55;"MARECHAL FLORIANO";"Ultrapassagem Indevida";"Colisão frontal";"Com Vítimas Feridas";"Pleno dia";"Crescente";"Céu Claro";"Simples";"Declive;Curva";"Não";3;0;1;1;1;0;2;2;-20,4127542;-40,750742;"SPRF-ES";"DEL01-ES";"UOP01-DEL01-ES"
753076;2026-02-18;"quarta-feira";"08:00:00";"PE";101;51;"PAULISTA";"Acumulo de óleo sobre o pavimento";"Tombamento";"Com Vítimas Feridas";"Pleno dia";"Crescente";"Céu Claro";"Dupla";"Curva";"Sim";2;0;2;0;0;0;2;1;-7,92057;-34,8925;"SPRF-PE";"DEL01-PE";"UOP02-DEL01-PE"
753078;2026-02-18;"quarta-feira";"06:12:00";"SC";282;588;"SAUDADES";"Reação tardia ou ineficiente do condutor";"Colisão lateral sentido oposto";"Sem Vítimas";"Amanhecer";"Crescente";"Nevoeiro/Neblina";"Dupla";"Reta";"Não";3;0;0;0;3;0;0;2;-26,826609;-53,057902;"SPRF-SC";"DEL07-SC";"UOP02-DEL07-SC"
753079;2026-02-18;"quarta-feira";"07:20:00";"ES";393;1;"CACHOEIRO DE ITAPEMIRIM";"Conversão proibida";"Colisão transversal";"Com Vítimas Fatais";"Pleno dia";"Crescente";"Céu Claro";"Simples";"Reta;Declive";"Sim";2;1;0;0;1;0;0;2;-20,83569989;-41,16978105;"SPRF-ES";"DEL03-ES";"UOP02-DEL03-ES"