"id";"data_inversa";"dia_semana";"horario";"uf";"br";"km";"municipio";"causa_acidente";"tipo_acidente";"classificacao_acidente";"fase_dia";"sentido_via";"condicao_metereologica";"tipo_pista";"tracado_via";"uso_solo";"pessoas";"mortos";"feridos_leves";"feridos_graves";"ilesos";"ignorados";"feridos";"veiculos";"latitude";"longitude";"regional";"delegacia";"uop"
753190;2026-02-18;"quarta-feira";"17:15:00";"BA";324;537;"AMELIA RODRIGUES";"Condutor deixou de manter distância do veículo da frente";"Engavetamento";"Com Vítimas Feridas";"Pleno dia";"Decrescente";"Céu Claro";"Dupla";"Reta";"Sim";10;0;0;1;9;0;1;3;-12,37680935;-38,80275799;"SPRF-BA";"DEL01-BA";"UOP03-DEL01-BA"
753191;2026-02-18;"quarta-feira";"17:00:00";"GO";153;502;"GOIANIA";"Trafegar com motocicleta (ou similar) entre as faixas";"Colisão lateral mesmo sentido";"Com Vítimas Fatais";"Pleno dia";"Decrescente";"Céu Claro";"Dupla";"Reta";"Sim";3;1;0;0;1;1;0;3;-16,72329757;-49,23989151;"SPRF-GO";"DEL01-GO";"UOP01-DEL01-GO"
753192;2026-02-18;"quarta-feira";"15:05:00";"RJ";101;133;"CONCEICAO DE MACABU";"Demais falhas mecânicas ou elétricas";"Incêndio";"Sem Vítimas";"Pleno dia";"Crescente";"Céu Claro";"Dupla";"Reta";"Não";3;0;0;0;3;0;0;1;-22,10234078;-41,69054031;"SPRF-RJ";"DEL08-RJ";"UOP04-DEL08-RJ"
753193;2026-02-18;"quarta-feira";"17:30:00";"RS";101;6;"TORRES";"Reação tardia ou ineficiente do condutor";"Colisão lateral mesmo sentido";"Com Vítimas Feridas";"Pleno dia";"Decrescente";"Céu Claro";"Dupla";"Reta";"Não";2;0;0;1;1;0;1;2;-29,34709253;-49,79261398;"SPRF-RS";"DEL03-RS";"UOP02-DEL03-RS"
753194;2026-02-18;"quarta-feira";"16:40:00";"MS";376;41,4;"VICENTINA";"Acessar a via sem observar a presença dos outros veículos";"Colisão transversal";"Com Vítimas Feridas";"Anoitecer";"Decrescente";"Nublado";"Simples";"Reta;Retorno Regulamentado";"Não";3;0;1;0;2;0;1;2;-22,42644553;-54,39075205;"SPRF-MS";"DEL04-MS";"UOP01-DEL04-MS"
753195;2026-02-18;"quarta-feira";"17:40:00";"SC";101;202;"SAO JOSE";"Ausência de reação do condutor";"Colisão traseira";"Com Vítimas Feridas";"Pleno dia";"Crescente";"Céu Claro";"Dupla";"Reta";"Sim";2;0;1;0;1;0;1;2;-27,5496119;-48,6198691;"SPRF-SC";"DEL01-SC";"UOP01-DEL01-SC"
753197;2026-02-18;"quarta-feira";"18:00:00";"RJ";116;176;"SAO JOAO DE MERITI";"Demais falhas mecânicas ou elétricas";"Tombamento";"Com Vítimas Feridas";"Pleno dia";"Crescente";"Nublado";"Múltipla";"Reta";"Não";2;0;1;0;1;0;1;1;-22,7880694;-43,3744084;"SPRF-RJ";"DEL06-RJ";"UOP01-DEL06-RJ"
753198;2026-02-18;"quarta-feira";"17:45:00";"SP";116;91,2;"PINDAMONHANGABA";"Velocidade Incompatível";"Colisão lateral mesmo sentido";"Com Vítimas Feridas";"Pleno dia";"Crescente";"Ignorado";"Dupla";"Reta";"Não";2;0;1;0;1;0;1;2;-22,9474498;-45,396599;"SPRF-SP";"DEL08-SP";"UOP01-DEL08-SP"
753200;2026-02-18;"quarta-feira";"15:00:00";"RJ";101;381;"RIO DE JANEIRO";"Demais falhas mecânicas ou elétricas";"Incêndio";"Sem Vítimas";"Pleno dia";"Crescente";"Chuva";"Dupla";"Reta";"Sim";1;0;0;0;0;1;0;1;-22,87269563;-43,60649586;"SPRF-RJ";"DEL03-RJ";"UOP01-DEL03-RJ"
753201;2026-02-18;"quarta-feira";"14:00:00";"RJ";116;136;"MAGE";"Ausência de reação do condutor";"Colisão traseira";"Com Vítimas Feridas";"Pleno dia";"Crescente";"Céu Claro";"Dupla";"Reta";"Não";2;0;1;1;0;0;2;2;-22,650557;-43,169039;"SPRF-RJ";"DEL04-RJ";"UOP02-DEL04-RJ"
753202;2026-02-18;"quarta-feira";"18:20:00";"RS";392;8,9;"RIO GRANDE";"Demais falhas na via";"Queda de ocupante de veículo";"Com Vítimas Feridas";"Pleno dia";"Decrescente";"Céu Claro";"Simples";"Rotatória";"Sim";2;0;0;2;0;0;2;1;-32,11006222;-52,11118983;"SPRF-RS";"DEL07-RS";"UOP02-DEL07-RS"
753206;2026-02-18;"quarta-feira";"12:24:00";"RJ";101;267;"RIO BONITO";"Ausência de reação do condutor";"Queda de ocupante de veículo";"Com Vítimas Feridas";"Pleno dia";"Crescente";"Céu Claro";"Dupla";"Reta";"Não";2;0;0;1;1;0;1;2;-22,70846219;-42,66336679;"SPRF-RJ";"DEL02-RJ";"UOP03-DEL02-RJ"
753207;2026-02-18;"quarta-feira";"16:30:00";"MG";50;179,2;"UBERABA";"Condutor deixou de manter distância do veículo da frente";"Colisão lateral mesmo sentido";"Com Vítimas Feridas";"Anoitecer";"Decrescente";"Chuva";"Dupla";"Reta;Declive";"Sim";3;0;2;0;1;0;2;1;-19,7782941;-47,92976618;"SPRF-MG";"DEL13-MG";"UOP01-DEL13-MG"
753208;2026-02-18;"quarta-feira";"17:40:00";"MG";153;231,6;"FRONTEIRA";"Acessar a via sem observar a presença dos outros veículos";"Colisão frontal";"Com Vítimas Feridas";"Pleno dia";"Decrescente";"Céu Claro";"Simples";"Reta";"Não";5;0;1;3;1;0;4;3;-20,191853;-49,093869;"SPRF-MG";"DEL13-MG";"UOP02-DEL13-MG"
753210;2026-02-18;"quarta-feira";"16:15:00";"PE";316;78;"OURICURI";"Chuva";"Colisão transversal";"Com Vítimas Fatais";"Anoitecer";"Crescente";"Chuva";"Simples";"Reta";"Não";2;1;0;1;0;0;1;2;-7,85224356;-40,12043953;"SPRF-PE";"DEL05-PE";"UOP02-DEL05-PE"
753212;2026-02-18;"quarta-feira";"17:30:00";"DF";60;1;"BRASILIA";"Entrada inopinada do pedestre";"Atropelamento de Pedestre";"Com Vítimas Feridas";"Anoitecer";"Crescente";"Nublado";"Dupla";"Reta";"Sim";2;0;1;0;1;0;1;2;-15,88589437;-48,07243466;"SPRF-DF";"DEL03-DF";"UOP01-DEL03-DF"
753214;2026-02-18;"quarta-feira";"18:40:00";"RN";110;37;"MOSSORO";"Animais na Pista";"Atropelamento de Animal";"Com Vítimas Feridas";"Plena Noite";"Crescente";"Ignorado";"Simples";"Reta";"Não";1;0;1;0;0;0;1;1;-5,168795;-37,240283;"SPRF-RN";"DEL04-RN";"UOP01-DEL04-RN"
753215;2026-02-18;"quarta-feira";"19:05:00";"ES";101;150;"LINHARES";"Condutor deixou de manter distância do veículo da frente";"Colisão traseira";"Com Vítimas Feridas";"Plena Noite";"Crescente";"Céu Claro";"Dupla";"Declive";"Sim";5;0;2;0;3;0;2;2;-19,40714075;-40,06400439;"SPRF-ES";"DEL04-ES";"UOP01-DEL04-ES"
753216;2026-02-18;"quarta-feira";"16:20:00";"MS";163;106;"ITAQUIRAI";"Avarias e/ou desgaste excessivo no pneu";"Saída de leito carroçável";"Com Vítimas Feridas";"Pleno dia";"Crescente";"Nublado";"Dupla";"Reta;Declive";"Não";2;0;1;0;1;0;1;1;-23,227667;-54,21943;"SPRF-MS";"DEL09-MS";"UOP01-DEL09-MS"
753218;2026-02-18;"quarta-feira";"19:00:00";"MA";135;9;"SAO LUIS";"Velocidade Incompatível";"Saída de leito carroçável";"Com Vítimas Feridas";"Plena Noite";"Crescente";"Chuva";"Dupla";"Reta;Declive";"Sim";2;0;1;0;0;1;1;2;-2,65043;-44,28147;"SPRF-MA";"DEL01-MA";"UOP01-DEL01-MA"
753219;2026-02-18;"quarta-feira";"17:48:00";"RO";364;425;"JARU";"Condutor deixou de manter distância do veículo da frente";"Colisão lateral mesmo sentido";"Com Vítimas Feridas";"Pleno dia";"Decrescente";"Céu Claro";"Simples";"Reta";"Sim";2;0;1;0;1;0;1;2;-10,435947;-62,474667;"SPRF-RO";"DEL03-RO";"UOP02-DEL03-RO"
753220;2026-02-18;"quarta-feira";"19:30:00";"SP";101;41;"UBATUBA";"Avarias e/ou desgaste excessivo no pneu";"Colisão com objeto";"Com Vítimas Feridas";"Plena Noite";"Decrescente";"Nublado";"Simples";"Curva";"Não";1;0;0;1;0;0;1;1;-23,420025;-45,04245;"SPRF-SP";"DEL06-SP";"UOP01-DEL06-SP"
753222;2026-02-18;"quarta-feira";"20:10:00";"SC";101;194;"BIGUACU";"Ausência de reação do condutor";"Atropelamento de Pedestre";"Com Vítimas Feridas";"Plena Noite";"Decrescente";"Céu Claro";"Simples";"Reta";"Sim";2;0;2;0;0;0;2;2;-27,50419334;-48,65024893;"SPRF-SC";"DEL01-SC";"UOP01-DEL01-SC"
753224;2026-02-18;"quarta-feira";"19:10:00";"MG";381;589,7;"CARMOPOLIS DE MINAS";"Velocidade Incompatível";"Colisão com objeto";"Com Vítimas Feridas";"Plena Noite";"Decrescente";"Nublado";"Dupla";"Curva";"Sim";1;0;1;0;0;0;1;1;-20,544933;-44,647964;"SPRF-MG";"DEL04-MG";"UOP01-DEL04-MG"
753225;2026-02-18;"quarta-feira";"19:35:00";"PR";277;32,2;"MORRETES";"Condutor deixou de manter distância do veículo da frente";"Colisão traseira";"Sem Vítimas";"Plena Noite";"Crescente";"Garoa/Chuvisco";"Dupla";"Curva;Aclive";"Não";2;0;0;0;2;0;0;2;-25,56038;-48,815417;"SPRF-PR";"DEL01-PR";"UOP05-DEL01-PR"
753226;2026-02-18;"quarta-feira";"17:30:00";"CE";222;250;"SOBRAL";"Avarias e/ou desgaste excessivo no pneu";"Colisão transversal";"Com Vítimas Feridas";"Pleno dia";"Crescente";"Céu Claro";"Simples";"Reta";"Não";9;0;9;0;0;0;9;3;-3,75569;-40,56236;"SPRF-CE";"DEL04-CE";"UOP01-DEL04-CE"
753227;2026-02-18;"quarta-feira";"19:33:00";"PR";376;415,6;"TIBAGI";"Ausência de reação do condutor";"Saída de leito carroçável";"Com Vítimas Feridas";"Anoitecer";"Crescente";"Nublado";"Dupla";"Curva;Retorno Regulamentado";"Não";5;0;1;1;0;3;2;2;-24,68935;-50,58246;"SPRF-PR";"DEL03-PR";"UOP02-DEL03-PR"
753228;2026-02-18;"quarta-feira";"20:27:00";"RN";101;77,3;"NATAL";"Ingestão de álcool pelo condutor";"Colisão traseira";"Com Vítimas Feridas";"Plena Noite";"Decrescente";"Céu Claro";"Dupla";"Reta";"Sim";2;0;2;0;0;0;2;2;-5,73344556;-35,29102296;"SPRF-RN";"DEL02-RN";"UOP01-DEL02-RN"
753229;2026-02-18;"quarta-feira";"20:30:00";"MG";262;352;"BETIM";"Ausência de reação do condutor";"Capotamento";"Com Vítimas Feridas";"Plena Noite";"Crescente";"Chuva";"Dupla";"Reta";"Sim";5;0;3;0;2;0;3;1;-19,99606891;-44,20873672;"SPRF-MG";"DEL01-MG";"UOP03-DEL01-MG"
753230;2026-02-18;"quarta-feira";"17:00:00";"RJ";40;72;"PETROPOLIS";"Chuva";"Colisão com objeto";"Com Vítimas Feridas";"Pleno dia";"Decrescente";"Garoa/Chuvisco";"Simples";"Reta";"Não";2;0;2;0;0;0;2;1;-22,4789339;-43,21643829;"SPRF-RJ";"DEL01-RJ";"UOP01-DEL01-RJ"
753231;2026-02-18;"quarta-feira";"20:00:00";"PE";116;90;"BELEM DE SAO FRANCISCO";"Avarias e/ou desgaste excessivo no pneu";"Colisão lateral sentido oposto";"Com Vítimas Feridas";"Plena Noite";"Decrescente";"Nublado";"Simples";"Reta";"Não";6;0;1;0;5;0;1;2;-8,61268443;-39,2402213;"SPRF-PE";"DEL05-PE";"UOP03-DEL05-PE"
753232;2026-02-18;"quarta-feira";"19:30:00";"RJ";101;317;"SAO GONCALO";"Ausência de reação do condutor";"Saída de leito carroçável";"Sem Vítimas";"Plena Noite";"Crescente";"Nublado";"Dupla";"Reta";"Sim";1;0;0;0;1;0;0;1;-22,83599669;-43,09455872;"SPRF-RJ";"DEL02-RJ";"UOP02-DEL02-RJ"
753233;2026-02-18;"quarta-feira";"19:00:00";"RJ";101;274;"TANGUA";"Reação tardia ou ineficiente do condutor";"Colisão lateral mesmo sentido";"Sem Vítimas";"Plena Noite";"Crescente";"Céu Claro";"Dupla";"Reta";"Não";4;0;0;0;4;0;0;4;-22,733826;-42,716284;"SPRF-RJ";"DEL02-RJ";"UOP03-DEL02-RJ"
753234;2026-02-18;"quarta-feira";"21:00:00";"ES";101;267;"SERRA";"Reação tardia ou ineficiente do condutor";"Tombamento";"Com Vítimas Feridas";"Plena Noite";"Decrescente";"Céu Claro";"Múltipla";"Reta";"Sim";1;0;0;1;0;0;1;1;-20,198808;-40,268664;"SPRF-ES";"DEL02-ES";"UOP01-DEL02-ES"
753236;2026-02-18;"quarta-feira";"06:50:00";"RJ";101;531;"ANGRA DOS REIS";"Reação tardia ou ineficiente do condutor";"Colisão traseira";"Com Vítimas Feridas";"Pleno dia";"Decrescente";"Céu Claro";"Simples";"Reta";"Sim";2;0;2;0;0;0;2;2;-23,01764437;-44,5298624;"SPRF-RJ";"DEL03-RJ";"UOP03-DEL03-RJ"
753237;2026-02-18;"quarta-feira";"20:10:00";"RJ";40;108;"DUQUE DE CAXIAS";"Mal súbito do condutor";"Saída de leito carroçável";"Com Vítimas Feridas";"Plena Noite";"Decrescente";"Céu Claro";"Dupla";"Curva;Retorno Regulamentado";"Sim";3;0;0;2;1;0;2;1;-22,6714178;-43,2848744;"SPRF-RJ";"DEL01-RJ";"UOP02-DEL01-RJ"
753238;2026-02-18;"quarta-feira";"20:55:00";"SC";282;256,5;"SAO JOSE DO CERRITO";"Velocidade Incompatível";"Saída de leito carroçável";"Com Vítimas Feridas";"Plena Noite";"Crescente";"Céu Claro";"Simples";"Curva";"Não";1;0;1;0;0;0;1;1;-27,66250106;-50,58482051;"SPRF-SC";"DEL05-SC";"UOP02-DEL05-SC"
753239;2026-02-18;"quarta-feira";"20:30:00";"MT";70;514,2;"VARZEA GRANDE";"Acesso irregular";"Colisão frontal";"Com Vítimas Feridas";"Plena Noite";"Decrescente";"Céu Claro";"Simples";"Reta";"Sim";3;0;1;2;0;0;3;2;-15,706015;-56,135323;"SPRF-MT";"DEL01-MT";"UOP02-DEL01-MT"
753240;2026-02-18;"quarta-feira";"22:30:00";"RJ";116;181;"NOVA IGUACU";"Condutor deixou de manter distância do veículo da frente";"Colisão traseira";"Com Vítimas Feridas";"Plena Noite";"Crescente";"Nublado";"Múltipla";"Reta";"Não";3;0;0;2;1;0;2;2;-22,7614987;-43,4222494;"SPRF-RJ";"DEL06-RJ";"UOP01-DEL06-RJ"
753241;2026-02-18;"quarta-feira";"20:15:00";"GO";153;300,5;"RIALMA";"Pedestre cruzava a pista fora da faixa";"Colisão transversal";"Com Vítimas Fatais";"Plena Noite";"Decrescente";"Céu Claro";"Simples";"Reta";"Sim";2;1;0;0;1;0;0;2;-15,308479;-49,571706;"SPRF-GO";"DEL02-GO";"UOP02-DEL02-GO"
753242;2026-02-18;"quarta-feira";"19:30:00";"MT";174;289;"PONTES E LACERDA";"Transitar na contramão";"Colisão frontal";"Sem Vítimas";"Plena Noite";"Decrescente";"Céu Claro";"Simples";"Reta";"Sim";2;0;0;0;2;0;0;2;-15,240554;-59,31507;"SPRF-MT";"DEL04-MT";"UOP01-DEL04-MT"
753243;2026-02-18;"quarta-feira";"17:30:00";"RJ";116;180;"NOVA IGUACU";"Ausência de reação do condutor";"Tombamento";"Com Vítimas Feridas";"Anoitecer";"Crescente";"Garoa/Chuvisco";"Dupla";"Aclive;Reta";"Sim";2;0;2;0;0;0;2;1;-22,76692854;-43,41252923;"SPRF-RJ";"DEL06-RJ";"UOP01-DEL06-RJ"
753244;2026-02-18;"quarta-feira";"21:00:00";"RJ";493;105;"SEROPEDICA";"Reação tardia ou ineficiente do condutor";"Saída de leito carroçável";"Com Vítimas Feridas";"Plena Noite";"Decrescente";"Nublado";"Dupla";"Reta";"Não";2;0;1;0;1;0;1;1;-22,66278118;-43,62516487;"SPRF-RJ";"DEL01-RJ";"UOP03-DEL01-RJ"
753245;2026-02-18;"quarta-feira";"20:30:00";"RJ";101;197,9;"CASIMIRO DE ABREU";"Retorno proibido";"Colisão transversal";"Com Vítimas Feridas";"Plena Noite";"Decrescente";"Céu Claro";"Dupla";"Reta;Declive";"Não";3;0;1;0;0;2;1;3;-22,4910941;-42,1230075;"SPRF-RJ";"DEL08-RJ";"UOP04-DEL08-RJ"
753246;2026-02-18;"quarta-feira";"23:00:00";"SC";101;136;"BALNEARIO CAMBORIU";"Acessar a via sem observar a presença dos outros veículos";"Colisão transversal";"Com Vítimas Feridas";"Plena Noite";"Crescente";"Céu Claro";"Múltipla";"Interseção de Vias;Viaduto";"Sim";2;0;1;0;1;0;1;2;-27,01222682;-48,61399621;"SPRF-SC";"DEL04-SC";"UOP03-DEL04-SC"
753249;2026-02-18;"quarta-feira";"23:35:00";"SC";101;202;"SAO JOSE";"Acumulo de areia ou detritos sobre o pavimento";"Tombamento";"Com Vítimas Feridas";"Plena Noite";"Crescente";"Nublado";"Simples";"Reta";"Sim";1;0;1;0;0;0;1;1;-27,54592881;-48,62026334;"SPRF-SC";"DEL01-SC";"UOP01-DEL01-SC"
753250;2026-02-18;"quarta-feira";"23:30:00";"PI";343;592,9;"FLORIANO";"Ausência de reação do condutor";"Saída de leito carroçável";"Sem Vítimas";"Plena Noite";"Crescente";"Chuva";"Simples";"Reta";"Sim";1;0;0;0;1;0;0;1;-6,7810885;-43,0373267;"SPRF-PI";"DEL03-PI";"UOP01-DEL03-PI"
753252;2026-02-19;"quinta-feira";"00:20:00";"SC";101;33;"JOINVILLE";"Condutor deixou de manter distância do veículo da frente";"Colisão lateral mesmo sentido";"Com Vítimas Feridas";"Plena Noite";"Crescente";"Garoa/Chuvisco";"Simples";"Interseção de Vias;Retorno Regulamentado;Viaduto";"Não";2;0;1;0;1;0;1;2;-26,25689102;-48,90561668;"SPRF-SC";"DEL03-SC";"UOP01-DEL03-SC"
753253;2026-02-19;"quinta-feira";"00:30:00";"PR";277;664,7;"MEDIANEIRA";"Velocidade Incompatível";"Saída de leito carroçável";"Com Vítimas Feridas";"Plena Noite";"Crescente";"Céu Claro";"Dupla";"Reta";"Não";1;0;0;1;0;0;1;1;-25,25251059;-54,02410682;"SPRF-PR";"DEL05-PR";"UOP02-DEL05-PR"
753254;2026-02-18;"quarta-feira";"22:15:00";"RS";290;176;"BUTIA";"Ausência de reação do condutor";"Colisão lateral mesmo sentido";"Com Vítimas Feridas";"Plena Noite";"Decrescente";"Céu Claro";"Simples";"Reta";"Sim";3;0;0;2;0;1;2;2;-30,13207662;-51,9777867;"SPRF-RS";"DEL02-RS";"UOP03-DEL02-RS"
753255;2026-02-18;"quarta-feira";"23:35:00";"MS";267;483;"JARDIM";"Conversão proibida";"Colisão frontal";"Com Vítimas Feridas";"Plena Noite";"Decrescente";"Céu Claro";"Simples";"Reta";"Sim";2;0;1;0;1;0;1;2;-21,480313;-56,158715;"SPRF-MS";"DEL05-MS";"UOP01-DEL05-MS"
753256;2026-02-19;"quinta-feira";"00:01:00";"RJ";40;76;"PETROPOLIS";"Reação tardia ou ineficiente do condutor";"Colisão com objeto";"Com Vítimas Feridas";"Pleno dia";"Crescente";"Céu Claro";"Dupla";"Reta";"Sim";1;0;1;0;0;0;1;1;-22,476866;-43,23607;"SPRF-RJ";"DEL01-RJ";"UOP01-DEL01-RJ"
753257;2026-02-18;"quarta-feira";"23:28:00";"BA";324;382;"GAVIAO";"Condutor deixou de manter distância do veículo da frente";"Colisão traseira";"Com Vítimas Feridas";"Plena Noite";"Crescente";"Nublado";"Simples";"Reta";"Não";1;0;1;0;0;0;1;1;-11,495211;-39,748584;"SPRF-BA";"DEL04-BA";"UOP02-DEL04-BA"
753258;2026-02-19;"quinta-feira";"02:30:00";"PE";408;96;"JABOATAO DOS GUARARAPES";"Ausência de reação do condutor";"Saída de leito carroçável";"Com Vítimas Feridas";"Plena Noite";"Crescente";"Céu Claro";"Dupla";"Curva";"Não";2;0;0;2;0;0;2;1;-8,07704;-34,99205;"SPRF-PE";"DEL01-PE";"UOP01-DEL01-PE"
753261;2026-02-19;"quinta-feira";"04:25:00";"RN";304;118;"ITAJA";"Animais na Pista";"Atropelamento de Animal";"Com Vítimas Feridas";"Plena Noite";"Decrescente";"Céu Claro";"Simples";"Reta";"Não";1;0;1;0;0;0;1;1;-5,6255206;-36,8733308;"SPRF-RN";"DEL04-RN";"UOP01-DEL04-RN"
753263;2026-02-19;"quinta-feira";"02:10:00";"MG";116;342,8;"CAMPANARIO";"Ultrapassagem Indevida";"Colisão frontal";"Com Vítimas Fatais";"Plena Noite";"Decrescente";"Céu Claro";"Simples";"Reta";"Não";8;1;0;6;1;0;6;2;-18,343944;-41,770531;"SPRF-MG";"DEL11-MG";"UOP01-DEL11-MG"
753264;2026-02-19;"quinta-feira";"06:00:00";"ES";101;174,8;"ARACRUZ";"Reação tardia ou ineficiente do condutor";"Tombamento";"Com Vítimas Feridas";"Pleno dia";"Decrescente";"Céu Claro";"Simples";"Declive;Reta";"Sim";1;0;1;0;0;0;1;1;-19,60210178;-40,20293301;"SPRF-ES";"DEL04-ES";"UOP01-DEL04-ES"
753266;2026-02-19;"quinta-feira";"05:35:00";"MS";262;320;"CAMPO GRANDE";"Transitar no Acostamento";"Tombamento";"Com Vítimas Feridas";"Amanhecer";"Decrescente";"Nublado";"Simples";"Declive;Reta";"Não";2;0;0;2;0;0;2;1;-20,46877883;-54,51180531;"SPRF-MS";"DEL01-MS";"UOP01-DEL01-MS"
753267;2026-02-19;"quinta-feira";"06:50:00";"RJ";116;315;"RESENDE";"Entrada inopinada do pedestre";"Atropelamento de Pedestre";"Com Vítimas Feridas";"Pleno dia";"Crescente";"Sol";"Dupla";"Reta";"Sim";3;0;1;0;2;0;1;2;-22,46464679;-44,48800921;"SPRF-RJ";"DEL07-RJ";"UOP02-DEL07-RJ"
753268;2026-02-19;"quinta-feira";"07:00:00";"SC";101;204,4;"SAO JOSE";"Trafegar com motocicleta (ou similar) entre as faixas";"Colisão lateral mesmo sentido";"Com Vítimas Feridas";"Pleno dia";"Crescente";"Céu Claro";"Múltipla";"Reta;Declive";"Sim";3;0;1;0;2;0;1;2;-27,578313;-48,613545;"SPRF-SC";"DEL01-SC";"UOP01-DEL01-SC"
753270;2026-02-19;"quinta-feira";"06:55:00";"PE";423;95;"GARANHUNS";"Ausência de reação do condutor";"Tombamento";"Com Vítimas Feridas";"Pleno dia";"Decrescente";"Céu Claro";"Simples";"Reta";"Sim";1;0;1;0;0;0;1;1;-8,87935;-36,48002;"SPRF-PE";"DEL03-PE";"UOP01-DEL03-PE"
753276;2026-02-19;"quinta-feira";"06:49:00";"RJ";101;328;"RIO DE JANEIRO";"Demais falhas mecânicas ou elétricas";"Queda de ocupante de veículo";"Com Vítimas Feridas";"Pleno dia";"Crescente";"Sol";"Múltipla";"Reta";"Sim";2;0;1;0;1;0;1;1;-22,86933179;-43,17556031;"SPRF-RJ";"DEL02-RJ";"UOP01-DEL02-RJ"
753277;2026-02-19;"quinta-feira";"06:53:00";"RN";304;303,7;"PARNAMIRIM";"Acesso irregular";"Colisão transversal";"Com Vítimas Feridas";"Pleno dia";"Decrescente";"Céu Claro";"Dupla";"Reta";"Sim";3;0;3;0;0;0;3;2;-5,884545;-35,282515;"SPRF-RN";"DEL01-RN";"UOP02-DEL01-RN"
753278;2026-02-19;"quinta-feira";"07:20:00";"SC";101;214,2;"PALHOCA";"Ausência de reação do condutor";"Colisão traseira";"Com Vítimas Feridas";"Pleno dia";"Decrescente";"Céu Claro";"Múltipla";"Reta";"Sim";2;0;0;1;1;0;1;2;-27,64862133;-48,67341248;"SPRF-SC";"DEL01-SC";"UOP02-DEL01-SC"
753280;2026-02-19;"quinta-feira";"07:30:00";"PR";376;182;"MARINGA";"Acessar a via sem observar a presença dos outros veículos";"Colisão lateral mesmo sentido";"Com Vítimas Feridas";"Pleno dia";"Decrescente";"Céu Claro";"Múltipla";"Interseção de Vias";"Sim";3;0;0;1;1;1;1;3;-23,43209266;-51,88662227;"SPRF-PR";"DEL09-PR";"UOP01-DEL09-PR"
753281;2026-02-19;"quinta-feira";"07:50:00";"SC";101;201;"SAO JOSE";"Trafegar com motocicleta (ou similar) entre as faixas";"Colisão lateral mesmo sentido";"Com Vítimas Feridas";"Pleno dia";"Crescente";"Sol";"Múltipla";"Reta";"Sim";2;0;1;0;1;0;1;2;-27,548538;-48,619967;"SPRF-SC";"DEL01-SC";"UOP01-DEL01-SC"
753284;2026-02-19;"quinta-feira";"08:25:00";"SC";101;203,2;"SAO JOSE";"Trafegar com motocicleta (ou similar) entre as faixas";"Colisão traseira";"Com Vítimas Feridas";"Pleno dia";"Crescente";"Céu Claro";"Múltipla";"Reta;Declive";"Sim";5;0;4;0;1;0;4;3;-27,567393;-48,614042;"SPRF-SC";"DEL01-SC";"UOP01-DEL01-SC"
753285;2026-02-07;"sábado";"11:10:00";"ES";101;339,9;"GUARAPARI";"Demais falhas mecânicas ou elétricas";"Eventos atípicos";"Com Vítimas Feridas";"Pleno dia";"Crescente";"Céu Claro";"Dupla";"Reta";"Não";3;0;2;0;1;0;2;2;-20,64720903;-40,56700436;"SPRF-ES";"DEL03-ES";"UOP01-DEL03-ES"
753287;2026-02-19;"quinta-feira";"08:40:00";"RN";101;85;"SAO GONCALO DO AMARANTE";"Condutor deixou de manter distância do veículo da frente";"Colisão traseira";"Com Vítimas Feridas";"Pleno dia";"Crescente";"Céu Claro";"Dupla";"Reta";"Sim";4;0;2;0;2;0;2;2;-5,777248;-35,250168;"SPRF-RN";"DEL02-RN";"UOP01-DEL02-RN"
753288;2026-02-19;"quinta-feira";"07:30:00";"RJ";101;425;"MANGARATIBA";"Retorno proibido";"Colisão transversal";"Com Vítimas Feridas";"Pleno dia";"Crescente";"Céu Claro";"Simples";"Reta;Aclive";"Sim";2;0;0;1;1;0;1;2;-22,92966665;-43,97618506;"SPRF-RJ";"DEL03-RJ";"UOP02-DEL03-RJ"
753289;2026-02-19;"quinta-feira";"08:15:00";"SE";235;11;"NOSSA SENHORA DO SOCORRO";"Reação tardia ou ineficiente do condutor";"Colisão transversal";"Com Vítimas Feridas";"Pleno dia";"Decrescente";"Céu Claro";"Simples";"Curva";"Não";3;0;2;0;1;0;2;2;-10,87864596;-37,14942098;"SPRF-SE";"DEL01-SE";"UOP01-DEL01-SE"
753290;2026-02-19;"quinta-feira";"08:45:00";"MA";135;5,6;"SAO LUIS";"Desrespeitar a preferência no cruzamento";"Colisão transversal";"Sem Vítimas";"Pleno dia";"Decrescente";"Céu Claro";"Dupla";"Reta;Retorno Regulamentado";"Sim";3;0;0;0;3;0;0;2;-2,626382;-44,261282;"SPRF-MA";"DEL01-MA";"UOP01-DEL01-MA"
753291;2026-02-19;"quinta-feira";"08:50:00";"SC";101;278;"IMBITUBA";"Manobra de mudança de faixa";"Colisão lateral mesmo sentido";"Com Vítimas Feridas";"Pleno dia";"Decrescente";"Céu Claro";"Múltipla";"Reta";"Não";2;0;0;1;1;0;1;2;-28,17998789;-48,69553685;"SPRF-SC";"DEL02-SC";"UOP03-DEL02-SC"
753292;2026-02-19;"quinta-feira";"07:30:00";"SC";282;530;"CORDILHEIRA ALTA";"Acessar a via sem observar a presença dos outros veículos";"Colisão transversal";"Com Vítimas Feridas";"Pleno dia";"Decrescente";"Céu Claro";"Simples";"Curva;Aclive;Interseção de Vias";"Sim";2;0;1;0;1;0;1;2;-26,98656701;-52,60543275;"SPRF-SC";"DEL07-SC";"UOP01-DEL07-SC"