"id";"data_inversa";"dia_semana";"horario";"uf";"br";"km";"municipio";"causa_acidente";"tipo_acidente";"classificacao_acidente";"fase_dia";"sentido_via";"condicao_metereologica";"tipo_pista";"tracado_via";"uso_solo";"pessoas";"mortos";"feridos_leves";"feridos_graves";"ilesos";"ignorados";"feridos";"veiculos";"latitude";"longitude";"regional";"delegacia";"uop"
754177;2026-02-17;"terça-feira";"16:30:00";"RJ";101;206;"CASIMIRO DE ABREU";"Conversão proibida";"Colisão lateral sentido oposto";"Sem Vítimas";"Pleno dia";"Crescente";"Sol";"Simples";"Reta";"Sim";3;0;0;0;3;0;0;2;-22,47610306;-42,19657509;"SPRF-RJ";"DEL08-RJ";"UOP04-DEL08-RJ"
754181;2026-02-23;"segunda-feira";"13:00:00";"BA";116;513,7;"FEIRA DE SANTANA";"Área urbana sem a presença de local apropriado para a travessia de pedestres";"Atropelamento de Pedestre";"Com Vítimas Feridas";"Pleno dia";"Decrescente";"Céu Claro";"Simples";"Reta";"Sim";3;0;2;1;0;0;3;2;-12,23122098;-38,95984232;"SPRF-BA";"DEL02-BA";"UOP01-DEL02-BA"
754182;2026-02-20;"sexta-feira";"01:50:00";"RJ";116;181;"RIO DE JANEIRO";"Manobra de mudança de faixa";"Queda de ocupante de veículo";"Com Vítimas Feridas";"Plena Noite";"Decrescente";"Chuva";"Dupla";"Reta";"Não";2;0;2;0;0;0;2;1;-22,80484584;-43,34526684;"SPRF-RJ";"DEL06-RJ";"UOP01-DEL06-RJ"
754183;2026-02-23;"segunda-feira";"13:10:00";"GO";414;425;"ABADIANIA";"Reação tardia ou ineficiente do condutor";"Tombamento";"Com Vítimas Feridas";"Pleno dia";"Decrescente";"Chuva";"Simples";"Declive";"Não";1;0;1;0;0;0;1;1;-16,165215;-48,89407;"SPRF-GO";"DEL02-GO";"UOP01-DEL02-GO"
754185;2026-02-23;"segunda-feira";"13:30:00";"PB";230;332;"PATOS";"Acessar a via sem observar a presença dos outros veículos";"Colisão transversal";"Com Vítimas Feridas";"Pleno dia";"Decrescente";"Céu Claro";"Simples";"Reta";"Sim";2;0;1;0;1;0;1;2;-7,014582;-37,2624;"SPRF-PB";"DEL03-PB";"UOP01-DEL03-PB"
754187;2026-01-14;"quarta-feira";"15:00:00";"MA";135;4;"SAO LUIS";"Ausência de reação do condutor";"Colisão transversal";"Com Vítimas Feridas";"Pleno dia";"Crescente";"Céu Claro";"Dupla";"Retorno Regulamentado;Reta";"Sim";2;0;0;1;1;0;1;2;-2,61686;-44,25461;"SPRF-MA";"DEL01-MA";"UOP01-DEL01-MA"
754188;2026-02-23;"segunda-feira";"13:50:00";"MG";381;510;"SAO JOAQUIM DE BICAS";"Avarias e/ou desgaste excessivo no pneu";"Tombamento";"Com Vítimas Feridas";"Pleno dia";"Decrescente";"Céu Claro";"Dupla";"Reta";"Sim";1;0;1;0;0;0;1;1;-20,051476;-44,280544;"SPRF-MG";"DEL01-MG";"UOP03-DEL01-MG"
754189;2026-02-23;"segunda-feira";"13:30:00";"CE";20;292,7;"CANINDE";"Condutor Dormindo";"Saída de leito carroçável";"Com Vítimas Feridas";"Pleno dia";"Decrescente";"Chuva";"Simples";"Curva";"Não";2;0;2;0;0;0;2;1;-4,471738;-39,355183;"SPRF-CE";"DEL02-CE";"UOP01-DEL02-CE"
754191;2026-02-23;"segunda-feira";"13:50:00";"PE";101;50;"ABREU E LIMA";"Reação tardia ou ineficiente do condutor";"Colisão transversal";"Com Vítimas Feridas";"Pleno dia";"Decrescente";"Céu Claro";"Simples";"Interseção de Vias;Retorno Regulamentado";"Sim";3;0;2;0;1;0;2;2;-7,914834;-34,898555;"SPRF-PE";"DEL01-PE";"UOP02-DEL01-PE"
754192;2026-02-07;"sábado";"21:10:00";"SC";282;532,7;"CORDILHEIRA ALTA";"Ingestão de álcool pelo condutor";"Colisão lateral sentido oposto";"Com Vítimas Feridas";"Plena Noite";"Crescente";"Nublado";"Simples";"Reta;Declive";"Não";11;0;2;5;4;0;7;4;-26,995733;-52,623628;"SPRF-SC";"DEL07-SC";"UOP01-DEL07-SC"
754196;2026-02-23;"segunda-feira";"04:15:00";"PE";232;406,1;"SERRA TALHADA";"Animais na Pista";"Atropelamento de Animal";"Sem Vítimas";"Plena Noite";"Decrescente";"Céu Claro";"Simples";"Reta;Declive";"Não";1;0;0;0;1;0;0;1;-7,986827;-38,262544;"SPRF-PE";"DEL04-PE";"UOP01-DEL04-PE"
754197;2026-02-23;"segunda-feira";"08:30:00";"RJ";393;285;"VOLTA REDONDA";"Pedestre cruzava a pista fora da faixa";"Atropelamento de Pedestre";"Com Vítimas Feridas";"Pleno dia";"Decrescente";"Céu Claro";"Simples";"Reta";"Sim";2;0;0;1;1;0;1;2;-22,50659892;-44,07759973;"SPRF-RJ";"DEL05-RJ";"UOP04-DEL05-RJ"
754198;2026-02-23;"segunda-feira";"13:20:00";"GO";80;149;"SANTA RITA DO NOVO DESTINO";"Velocidade Incompatível";"Tombamento";"Com Vítimas Feridas";"Pleno dia";"Crescente";"Chuva";"Simples";"Curva;Aclive";"Não";2;0;2;0;0;0;2;1;-14,866698;-49,014923;"SPRF-GO";"DEL07-GO";"UOP02-DEL07-GO"
754200;2026-02-23;"segunda-feira";"12:45:00";"SP";116;470;"JACUPIRANGA";"Chuva";"Saída de leito carroçável";"Com Vítimas Feridas";"Pleno dia";"Crescente";"Chuva";"Dupla";"Reta";"Sim";1;0;1;0;0;0;1;1;-24,65536406;-47,96390533;"SPRF-SP";"DEL05-SP";"UOP01-DEL05-SP"
754201;2026-02-23;"segunda-feira";"13:40:00";"PR";116;92;"SAO JOSE DOS PINHAIS";"Manobra de mudança de faixa";"Saída de leito carroçável";"Sem Vítimas";"Pleno dia";"Crescente";"Céu Claro";"Dupla";"Reta";"Não";1;0;0;0;1;0;0;1;-25,51473153;-49,13062468;"SPRF-PR";"DEL01-PR";"UOP07-DEL01-PR"
754202;2026-02-23;"segunda-feira";"14:20:00";"MG";116;269,9;"TEOFILO OTONI";"Retorno proibido";"Colisão transversal";"Com Vítimas Feridas";"Pleno dia";"Crescente";"Chuva";"Simples";"Reta";"Não";3;0;0;1;2;0;1;2;-17,80257;-41,497308;"SPRF-MG";"DEL11-MG";"UOP01-DEL11-MG"
754205;2026-02-23;"segunda-feira";"13:00:00";"MG";116;589,9;"MANHUACU";"Pista Escorregadia";"Tombamento";"Com Vítimas Feridas";"Pleno dia";"Crescente";"Chuva";"Simples";"Reta";"Não";2;0;2;0;0;0;2;1;-20,260613;-42,142995;"SPRF-MG";"DEL06-MG";"UOP03-DEL06-MG"
754208;2026-02-11;"quarta-feira";"06:35:00";"PB";101;91;"JOAO PESSOA";"Reação tardia ou ineficiente do condutor";"Colisão traseira";"Com Vítimas Feridas";"Pleno dia";"Decrescente";"Nublado";"Dupla";"Reta";"Sim";2;0;0;1;1;0;1;2;-7,1904073;-34,9056892;"SPRF-PB";"DEL01-PB";"UOP01-DEL01-PB"
754209;2026-02-07;"sábado";"23:40:00";"MG";381;512;"IGARAPE";"Pista esburacada";"Tombamento";"Com Vítimas Feridas";"Plena Noite";"Decrescente";"Ignorado";"Múltipla";"Reta";"Sim";2;0;2;0;0;0;2;1;-20,07237806;-44,2999649;"SPRF-MG";"DEL01-MG";"UOP03-DEL01-MG"
754210;2026-02-23;"segunda-feira";"11:40:00";"SC";282;83,4;"ALFREDO WAGNER";"Transitar na contramão";"Colisão frontal";"Com Vítimas Feridas";"Pleno dia";"Crescente";"Céu Claro";"Simples";"Declive;Reta";"Não";3;0;0;1;2;0;1;2;-27,66771;-49,17762;"SPRF-SC";"DEL01-SC";"UOP03-DEL01-SC"
754213;2026-02-23;"segunda-feira";"15:00:00";"MG";116;693,2;"MURIAE";"Chuva";"Tombamento";"Com Vítimas Feridas";"Pleno dia";"Crescente";"Chuva";"Simples";"Reta;Aclive";"Não";2;0;2;0;0;0;2;1;-21,01208617;-42,35916138;"SPRF-MG";"DEL07-MG";"UOP02-DEL07-MG"
754214;2026-02-19;"quinta-feira";"08:20:00";"BA";116;430;"FEIRA DE SANTANA";"Condutor deixou de manter distância do veículo da frente";"Colisão traseira";"Sem Vítimas";"Pleno dia";"Decrescente";"Céu Claro";"Dupla";"Reta";"Não";3;0;0;0;3;0;0;2;-12,28840014;-39,01061765;"SPRF-BA";"DEL02-BA";"UOP01-DEL02-BA"
754215;2026-02-23;"segunda-feira";"15:00:00";"RJ";40;122;"DUQUE DE CAXIAS";"Condutor deixou de manter distância do veículo da frente";"Colisão traseira";"Com Vítimas Feridas";"Pleno dia";"Decrescente";"Chuva";"Dupla";"Reta";"Sim";2;0;1;0;1;0;1;2;-22,79200818;-43,28647614;"SPRF-RJ";"DEL01-RJ";"UOP02-DEL01-RJ"
754216;2026-02-19;"quinta-feira";"14:17:00";"PR";163;350;"GUAIRA";"Afundamento ou ondulação no pavimento";"Tombamento";"Com Vítimas Feridas";"Pleno dia";"Decrescente";"Céu Claro";"Dupla";"Em Obras;Curva";"Sim";1;0;1;0;0;0;1;1;-24,07502567;-54,24251525;"SPRF-PR";"DEL06-PR";"UOP01-DEL06-PR"
754217;2026-02-23;"segunda-feira";"15:30:00";"RS";285;97;"MONTE ALEGRE DOS CAMPOS";"Objeto estático sobre o leito carroçável";"Colisão com objeto";"Sem Vítimas";"Pleno dia";"Crescente";"Céu Claro";"Simples";"Curva";"Não";1;0;0;0;1;0;0;1;-28,590957;-50,75404;"SPRF-RS";"DEL05-RS";"UOP03-DEL05-RS"
754218;2026-02-23;"segunda-feira";"15:30:00";"GO";153;435;"ANAPOLIS";"Acesso irregular";"Colisão transversal";"Com Vítimas Feridas";"Pleno dia";"Crescente";"Chuva";"Dupla";"Viaduto";"Sim";2;0;1;0;1;0;1;2;-16,286518;-48,944872;"SPRF-GO";"DEL02-GO";"UOP01-DEL02-GO"
754221;2026-02-23;"segunda-feira";"15:10:00";"SP";116;465;"PARIQUERA-ACU";"Pista Escorregadia";"Tombamento";"Com Vítimas Feridas";"Pleno dia";"Crescente";"Chuva";"Dupla";"Curva;Aclive";"Não";2;0;1;0;0;1;1;1;-24,64446669;-47,91898219;"SPRF-SP";"DEL05-SP";"UOP01-DEL05-SP"
754222;2026-02-23;"segunda-feira";"16:20:00";"MG";267;211,6;"BOM JARDIM DE MINAS";"Velocidade Incompatível";"Saída de leito carroçável";"Com Vítimas Feridas";"Pleno dia";"Crescente";"Chuva";"Simples";"Curva;Aclive";"Não";4;0;2;2;0;0;4;1;-21,947411;-44,185606;"SPRF-MG";"DEL05-MG";"UOP01-DEL05-MG"
754223;2026-02-23;"segunda-feira";"15:50:00";"PE";101;58;"RECIFE";"Velocidade Incompatível";"Saída de leito carroçável";"Com Vítimas Feridas";"Pleno dia";"Decrescente";"Céu Claro";"Dupla";"Reta";"Não";1;0;0;1;0;0;1;1;-7,973426;-34,92172;"SPRF-PE";"DEL01-PE";"UOP02-DEL01-PE"
754225;2026-02-23;"segunda-feira";"15:30:00";"BA";324;563;"SAO SEBASTIAO DO PASSE";"Avarias e/ou desgaste excessivo no pneu";"Saída de leito carroçável";"Com Vítimas Feridas";"Pleno dia";"Crescente";"Nublado";"Dupla";"Aclive;Reta";"Não";1;0;1;0;0;0;1;1;-12,51618643;-38,62223817;"SPRF-BA";"DEL01-BA";"UOP01-DEL01-BA"
754226;2026-02-23;"segunda-feira";"15:00:00";"GO";60;434;"RIO VERDE";"Demais falhas mecânicas ou elétricas";"Incêndio";"Sem Vítimas";"Pleno dia";"Decrescente";"Céu Claro";"Dupla";"Reta";"Não";2;0;0;0;2;0;0;1;-17,833155;-51,384327;"SPRF-GO";"DEL04-GO";"UOP02-DEL04-GO"
754227;2026-02-23;"segunda-feira";"16:50:00";"SP";116;202;"ARUJA";"Ausência de reação do condutor";"Colisão traseira";"Com Vítimas Feridas";"Pleno dia";"Decrescente";"Céu Claro";"Múltipla";"Aclive;Reta";"Não";3;0;1;0;2;0;1;2;-23,40904;-46,340208;"SPRF-SP";"DEL01-SP";"UOP01-DEL01-SP"
754230;2026-02-23;"segunda-feira";"17:00:00";"ES";101;315,9;"VILA VELHA";"Avarias e/ou desgaste excessivo no pneu";"Tombamento";"Com Vítimas Feridas";"Anoitecer";"Crescente";"Nublado";"Dupla";"Curva";"Não";2;0;2;0;0;0;2;1;-20,47606248;-40,47112942;"SPRF-ES";"DEL01-ES";"UOP01-DEL01-ES"
754231;2026-02-23;"segunda-feira";"16:00:00";"ES";101;41,2;"CONCEICAO DA BARRA";"Ultrapassagem Indevida";"Colisão lateral mesmo sentido";"Com Vítimas Feridas";"Pleno dia";"Crescente";"Nublado";"Simples";"Reta;Aclive";"Não";2;0;0;1;0;1;1;2;-18,51008503;-39,91539456;"SPRF-ES";"DEL04-ES";"UOP02-DEL04-ES"
754232;2026-02-23;"segunda-feira";"17:15:00";"MG";262;372;"JUATUBA";"Suicídio (presumido)";"Saída de leito carroçável";"Com Vítimas Feridas";"Pleno dia";"Crescente";"Céu Claro";"Dupla";"Reta;Aclive";"Não";1;0;0;1;0;0;1;1;-19,93041793;-44,40658486;"SPRF-MG";"DEL01-MG";"UOP03-DEL01-MG"
754233;2026-02-23;"segunda-feira";"17:20:00";"MG";381;484;"BETIM";"Ausência de reação do condutor";"Colisão traseira";"Com Vítimas Feridas";"Pleno dia";"Crescente";"Nublado";"Dupla";"Declive;Reta";"Sim";3;0;0;1;1;1;1;3;-19,95932909;-44,08875553;"SPRF-MG";"DEL01-MG";"UOP03-DEL01-MG"
754235;2026-02-23;"segunda-feira";"16:00:00";"MT";364;199;"RONDONOPOLIS";"Acessar a via sem observar a presença dos outros veículos";"Colisão lateral mesmo sentido";"Com Vítimas Feridas";"Pleno dia";"Decrescente";"Nublado";"Dupla";"Reta;Retorno Regulamentado";"Não";2;0;0;1;1;0;1;2;-16,51052106;-54,61646028;"SPRF-MT";"DEL02-MT";"UOP01-DEL02-MT"
754236;2026-02-23;"segunda-feira";"16:30:00";"MG";116;702,4;"MURIAE";"Desrespeitar a preferência no cruzamento";"Colisão transversal";"Com Vítimas Feridas";"Pleno dia";"Decrescente";"Nublado";"Simples";"Curva;Interseção de Vias";"Sim";2;0;2;0;0;0;2;2;-21,12483712;-42,38141298;"SPRF-MG";"DEL07-MG";"UOP02-DEL07-MG"
754237;2026-02-23;"segunda-feira";"17:30:00";"RS";116;33,4;"VACARIA";"Acessar a via sem observar a presença dos outros veículos";"Colisão transversal";"Sem Vítimas";"Pleno dia";"Decrescente";"Céu Claro";"Simples";"Interseção de Vias";"Não";2;0;0;0;2;0;0;2;-28,492667;-50,911197;"SPRF-RS";"DEL05-RS";"UOP03-DEL05-RS"
754239;2026-02-23;"segunda-feira";"14:50:00";"MG";251;287;"SALINAS";"Mal súbito do condutor";"Saída de leito carroçável";"Com Vítimas Feridas";"Pleno dia";"Decrescente";"Garoa/Chuvisco";"Simples";"Reta";"Não";3;0;1;0;0;2;1;2;-16,0436408;-42,1432483;"SPRF-MG";"DEL12-MG";"UOP02-DEL12-MG"
754240;2026-02-04;"quarta-feira";"13:37:00";"PR";277;727;"FOZ DO IGUACU";"Manobra de mudança de faixa";"Colisão lateral mesmo sentido";"Com Vítimas Feridas";"Pleno dia";"Crescente";"Sol";"Dupla";"Reta";"Sim";2;0;1;0;0;1;1;2;-25,51031149;-54,56160401;"SPRF-PR";"DEL05-PR";"UOP03-DEL05-PR"
754241;2026-02-23;"segunda-feira";"17:40:00";"SC";101;118,6;"ITAJAI";"Condutor deixou de manter distância do veículo da frente";"Colisão lateral mesmo sentido";"Com Vítimas Feridas";"Pleno dia";"Crescente";"Céu Claro";"Múltipla";"Reta";"Não";2;0;1;0;0;1;1;2;-26,89422017;-48,71969819;"SPRF-SC";"DEL04-SC";"UOP04-DEL04-SC"
754242;2026-02-23;"segunda-feira";"17:19:00";"RS";470;214;"BENTO GONCALVES";"Ausência de reação do condutor";"Colisão traseira";"Com Vítimas Feridas";"Pleno dia";"Decrescente";"Chuva";"Simples";"Curva";"Sim";5;0;3;0;2;0;3;2;-29,15620384;-51,53046934;"SPRF-RS";"DEL06-RS";"UOP01-DEL06-RS"
754243;2026-02-23;"segunda-feira";"10:45:00";"MA";222;673,5;"ACAILANDIA";"Transitar no Acostamento";"Colisão lateral mesmo sentido";"Com Vítimas Feridas";"Pleno dia";"Decrescente";"Céu Claro";"Simples";"Reta";"Sim";2;0;1;0;1;0;1;2;-4,953533;-47,487518;"SPRF-MA";"DEL04-MA";"UOP03-DEL04-MA"
754244;2026-02-23;"segunda-feira";"18:00:00";"PR";116;21;"ANTONINA";"Chuva";"Saída de leito carroçável";"Com Vítimas Feridas";"Anoitecer";"Crescente";"Chuva";"Dupla";"Curva";"Não";4;0;1;3;0;0;4;1;-25,10453556;-48,73876333;"SPRF-PR";"DEL01-PR";"UOP02-DEL01-PR"
754245;2026-02-23;"segunda-feira";"09:10:00";"MT";174;233;"FIGUEIROPOLIS DOESTE";"Frear bruscamente";"Saída de leito carroçável";"Sem Vítimas";"Pleno dia";"Crescente";"Nublado";"Simples";"Reta";"Não";1;0;0;0;1;0;0;1;-15,61362558;-58,81778664;"SPRF-MT";"DEL04-MT";"UOP01-DEL04-MT"
754246;2026-02-23;"segunda-feira";"17:39:00";"PE";104;66,4;"CARUARU";"Acumulo de areia ou detritos sobre o pavimento";"Queda de ocupante de veículo";"Com Vítimas Feridas";"Anoitecer";"Decrescente";"Céu Claro";"Dupla";"Reta";"Sim";2;0;2;0;0;0;2;1;-8,290425;-35,984958;"SPRF-PE";"DEL02-PE";"UOP01-DEL02-PE"
754247;2026-02-23;"segunda-feira";"17:00:00";"SP";116;504;"CAJATI";"Acumulo de óleo sobre o pavimento";"Saída de leito carroçável";"Sem Vítimas";"Pleno dia";"Crescente";"Chuva";"Múltipla";"Curva";"Não";1;0;0;0;1;0;0;1;-24,78548776;-48,20869446;"SPRF-SP";"DEL05-SP";"UOP02-DEL05-SP"
754248;2026-02-23;"segunda-feira";"18:30:00";"MG";262;431;"NOVA SERRANA";"Reação tardia ou ineficiente do condutor";"Queda de ocupante de veículo";"Com Vítimas Feridas";"Anoitecer";"Crescente";"Nublado";"Dupla";"Reta";"Sim";1;0;1;0;0;0;1;1;-19,8810012;-44,9126475;"SPRF-MG";"DEL08-MG";"UOP03-DEL08-MG"
754253;2026-02-23;"segunda-feira";"18:20:00";"PE";232;10;"JABOATAO DOS GUARARAPES";"Acessar a via sem observar a presença dos outros veículos";"Colisão transversal";"Com Vítimas Feridas";"Plena Noite";"Crescente";"Céu Claro";"Múltipla";"Curva";"Sim";3;0;2;0;0;1;2;2;-8,079374;-34,989205;"SPRF-PE";"DEL01-PE";"UOP01-DEL01-PE"
754254;2026-02-23;"segunda-feira";"18:50:00";"RJ";101;66;"CAMPOS DOS GOYTACAZES";"Reação tardia ou ineficiente do condutor";"Colisão lateral mesmo sentido";"Com Vítimas Feridas";"Plena Noite";"Crescente";"Garoa/Chuvisco";"Dupla";"Interseção de Vias;Curva";"Sim";2;0;1;0;1;0;1;2;-21,765564;-41,345387;"SPRF-RJ";"DEL08-RJ";"UOP02-DEL08-RJ"
754255;2026-02-23;"segunda-feira";"13:05:00";"BA";407;12,8;"JUAZEIRO";"Condutor deixou de manter distância do veículo da frente";"Colisão traseira";"Com Vítimas Feridas";"Pleno dia";"Decrescente";"Nublado";"Simples";"Reta";"Sim";2;0;0;1;1;0;1;2;-9,502667;-40,464167;"SPRF-BA";"DEL04-BA";"UOP01-DEL04-BA"
754256;2026-02-23;"segunda-feira";"13:40:00";"MT";364;398;"CUIABA";"Manobra de mudança de faixa";"Colisão lateral mesmo sentido";"Com Vítimas Feridas";"Pleno dia";"Decrescente";"Céu Claro";"Dupla";"Reta";"Sim";2;0;0;1;1;0;1;2;-15,66335061;-55,96793568;"SPRF-MT";"DEL01-MT";"UOP02-DEL01-MT"
754257;2026-02-23;"segunda-feira";"18:50:00";"RS";116;529,8;"CAPAO DO LEAO";"Desrespeitar a preferência no cruzamento";"Colisão transversal";"Com Vítimas Feridas";"Anoitecer";"Decrescente";"Céu Claro";"Simples";"Rotatória";"Não";2;0;1;0;1;0;1;2;-31,75722569;-52,43394312;"SPRF-RS";"DEL07-RS";"UOP01-DEL07-RS"
754258;2026-02-23;"segunda-feira";"14:30:00";"MG";381;216,3;"BELO ORIENTE";"Velocidade Incompatível";"Saída de leito carroçável";"Com Vítimas Feridas";"Pleno dia";"Crescente";"Nublado";"Simples";"Curva";"Não";1;0;1;0;0;0;1;1;-19,293036;-42,355819;"SPRF-MG";"DEL06-MG";"UOP01-DEL06-MG"
754259;2026-02-23;"segunda-feira";"18:34:00";"MG";40;742;"SANTOS DUMONT";"Velocidade Incompatível";"Colisão transversal";"Com Vítimas Feridas";"Plena Noite";"Crescente";"Chuva";"Simples";"Curva";"Não";5;0;4;0;1;0;4;2;-21,43378646;-43,5518617;"SPRF-MG";"DEL05-MG";"UOP01-DEL05-MG"
754261;2026-02-23;"segunda-feira";"17:30:00";"MG";50;180;"UBERABA";"Acessar a via sem observar a presença dos outros veículos";"Saída de leito carroçável";"Com Vítimas Feridas";"Pleno dia";"Crescente";"Chuva";"Simples";"Reta;Rotatória;Interseção de Vias";"Sim";1;0;1;0;0;0;1;1;-19,77710735;-47,92275522;"SPRF-MG";"DEL13-MG";"UOP01-DEL13-MG"
754262;2026-02-23;"segunda-feira";"15:30:00";"MT";0;0;"PONTES E LACERDA";"Pista Escorregadia";"Colisão com objeto";"Sem Vítimas";"Pleno dia";"Não Informado";"Nublado";"Simples";"Reta";"Não";4;0;0;0;4;0;0;1;-15,047144;-59,521785;"SPRF-MT";"DEL04-MT";"UOP01-DEL04-MT"
754265;2026-02-23;"segunda-feira";"17:20:00";"RO";364;13;"VILHENA";"Ausência de reação do condutor";"Colisão traseira";"Com Vítimas Feridas";"Pleno dia";"Decrescente";"Nublado";"Dupla";"Rotatória;Reta";"Sim";4;0;1;0;3;0;1;2;-12,74065154;-60,13354897;"SPRF-RO";"DEL04-RO";"UOP01-DEL04-RO"
754270;2026-02-23;"segunda-feira";"14:45:00";"PE";428;185;"PETROLINA";"Ausência de reação do condutor";"Saída de leito carroçável";"Sem Vítimas";"Pleno dia";"Crescente";"Céu Claro";"Dupla";"Reta";"Sim";2;0;0;0;2;0;0;1;-9,35366862;-40,47751514;"SPRF-PE";"DEL06-PE";"UOP01-DEL06-PE"
754271;2026-02-23;"segunda-feira";"17:00:00";"PR";163;220,9;"CASCAVEL";"Velocidade Incompatível";"Saída de leito carroçável";"Com Vítimas Feridas";"Pleno dia";"Decrescente";"Sol";"Dupla";"Declive;Curva";"Não";1;0;1;0;0;0;1;1;-24,85395;-53,60089;"SPRF-PR";"DEL04-PR";"UOP01-DEL04-PR"
754273;2026-02-23;"segunda-feira";"17:40:00";"BA";110;368;"CATU";"Transitar na contramão";"Colisão frontal";"Com Vítimas Feridas";"Anoitecer";"Crescente";"Céu Claro";"Simples";"Reta";"Não";2;0;0;1;1;0;1;2;-12,37285;-38,384778;"SPRF-BA";"DEL01-BA";"UOP04-DEL01-BA"
754274;2026-02-23;"segunda-feira";"17:00:00";"RJ";101;215;"SILVA JARDIM";"Chuva";"Saída de leito carroçável";"Com Vítimas Feridas";"Anoitecer";"Decrescente";"Chuva";"Dupla";"Curva;Declive";"Não";4;0;2;1;1;0;3;1;-22,5046687;-42,27251963;"SPRF-RJ";"DEL02-RJ";"UOP03-DEL02-RJ"
754275;2026-02-23;"segunda-feira";"17:30:00";"SC";163;69,5;"SAO MIGUEL DO OESTE";"Acessar a via sem observar a presença dos outros veículos";"Colisão transversal";"Com Vítimas Feridas";"Pleno dia";"Crescente";"Céu Claro";"Dupla";"Reta";"Sim";2;0;1;0;1;0;1;2;-26,73737282;-53,50258863;"SPRF-SC";"DEL07-SC";"UOP03-DEL07-SC"
754276;2026-02-23;"segunda-feira";"19:00:00";"RN";406;1,7;"MACAU";"Ausência de reação do condutor";"Colisão traseira";"Com Vítimas Feridas";"Plena Noite";"Crescente";"Céu Claro";"Simples";"Reta";"Sim";5;0;1;0;4;0;1;2;-5,129318;-36,619685;"SPRF-RN";"DEL02-RN";"UOP01-DEL02-RN"
754278;2026-02-23;"segunda-feira";"17:20:00";"MG";381;913,1;"CAMANDUCAIA";"Chuva";"Colisão com objeto";"Com Vítimas Feridas";"Pleno dia";"Crescente";"Chuva";"Dupla";"Curva";"Não";3;0;1;0;2;0;1;1;-22,714212;-46,123263;"SPRF-MG";"DEL16-MG";"UOP03-DEL16-MG"
754280;2026-02-23;"segunda-feira";"19:30:00";"MT";70;515;"VARZEA GRANDE";"Conversão proibida";"Colisão transversal";"Com Vítimas Feridas";"Plena Noite";"Decrescente";"Céu Claro";"Simples";"Reta";"Sim";2;0;1;0;1;0;1;2;-15,70607;-56,14323;"SPRF-MT";"DEL01-MT";"UOP02-DEL01-MT"
754282;2026-02-23;"segunda-feira";"18:00:00";"GO";153;128;"ESTRELA DO NORTE";"Chuva";"Saída de leito carroçável";"Com Vítimas Feridas";"Anoitecer";"Decrescente";"Chuva";"Simples";"Reta";"Não";5;0;3;0;2;0;3;1;-13,905763;-49,062786;"SPRF-GO";"DEL07-GO";"UOP01-DEL07-GO"
754283;2026-02-23;"segunda-feira";"08:15:00";"MG";365;623;"UBERLANDIA";"Condutor deixou de manter distância do veículo da frente";"Colisão traseira";"Com Vítimas Feridas";"Pleno dia";"Decrescente";"Céu Claro";"Dupla";"Reta";"Sim";2;0;1;0;1;0;1;2;-18,90951417;-48,30867648;"SPRF-MG";"DEL15-MG";"UOP01-DEL15-MG"
754284;2026-02-23;"segunda-feira";"16:00:00";"SC";470;329;"CAMPOS NOVOS";"Chuva";"Saída de leito carroçável";"Com Vítimas Feridas";"Pleno dia";"Decrescente";"Chuva";"Simples";"Curva";"Não";1;0;1;0;0;0;1;1;-27,46938;-51,2922;"SPRF-SC";"DEL07-SC";"UOP06-DEL07-SC"
754287;2026-02-23;"segunda-feira";"17:00:00";"SC";280;27;"ARAQUARI";"Pedestre cruzava a pista fora da faixa";"Atropelamento de Pedestre";"Com Vítimas Feridas";"Pleno dia";"Crescente";"Céu Claro";"Simples";"Reta";"Sim";2;0;1;0;1;0;1;2;-26,40019652;-48,7425491;"SPRF-SC";"DEL03-SC";"UOP03-DEL03-SC"
754288;2026-02-23;"segunda-feira";"21:00:00";"PE";101;70,8;"RECIFE";"Entrada inopinada do pedestre";"Atropelamento de Pedestre";"Com Vítimas Fatais";"Plena Noite";"Decrescente";"Nublado";"Dupla";"Reta";"Sim";4;1;2;0;0;1;2;2;-8,07521;-34,93988;"SPRF-PE";"DEL01-PE";"UOP01-DEL01-PE"
754289;2026-02-23;"segunda-feira";"21:00:00";"RJ";101;71;"CAMPOS DOS GOYTACAZES";"Iluminação deficiente";"Colisão lateral mesmo sentido";"Com Vítimas Feridas";"Plena Noite";"Decrescente";"Garoa/Chuvisco";"Simples";"Reta";"Não";2;0;1;0;1;0;1;2;-21,790278;-41,386893;"SPRF-RJ";"DEL08-RJ";"UOP02-DEL08-RJ"
754291;2026-01-31;"sábado";"17:14:00";"PA";163;312;"NOVO PROGRESSO";"Reação tardia ou ineficiente do condutor";"Queda de ocupante de veículo";"Sem Vítimas";"Pleno dia";"Decrescente";"Ignorado";"Simples";"Reta";"Sim";1;0;0;0;0;1;0;1;-7,07125173;-55,40817261;"SPRF-PA";"DEL05-PA";"UOP03-DEL05-PA"
754292;2026-02-23;"segunda-feira";"22:40:00";"GO";70;1;"AGUAS LINDAS DE GOIAS";"Condutor deixou de manter distância do veículo da frente";"Colisão traseira";"Com Vítimas Feridas";"Plena Noite";"Crescente";"Céu Claro";"Dupla";"Reta;Aclive";"Sim";8;0;4;0;4;0;4;2;-15,77223927;-48,23089091;"SPRF-DF";"DEL03-DF";"UOP02-DEL03-DF"