"id";"data_inversa";"dia_semana";"horario";"uf";"br";"km";"municipio";"causa_acidente";"tipo_acidente";"classificacao_acidente";"fase_dia";"sentido_via";"condicao_metereologica";"tipo_pista";"tracado_via";"uso_solo";"pessoas";"mortos";"feridos_leves";"feridos_graves";"ilesos";"ignorados";"feridos";"veiculos";"latitude";"longitude";"regional";"delegacia";"uop"
754894;2026-02-26;"quinta-feira";"18:00:00";"RJ";116;184;"NOVA IGUACU";"Trafegar com motocicleta (ou similar) entre as faixas";"Queda de ocupante de veículo";"Com Vítimas Feridas";"Plena Noite";"Crescente";"Chuva";"Dupla";"Reta";"Sim";3;0;2;0;1;0;2;2;-22,74779229;-43,44413487;"SPRF-RJ";"DEL06-RJ";"UOP01-DEL06-RJ"
754895;2026-02-26;"quinta-feira";"17:30:00";"GO";80;110,9;"VILA PROPICIO";"Acessar a via sem observar a presença dos outros veículos";"Colisão transversal";"Com Vítimas Feridas";"Pleno dia";"Decrescente";"Céu Claro";"Simples";"Aclive;Reta";"Não";3;0;2;0;1;0;2;2;-15,138298;-48,82555;"SPRF-GO";"DEL07-GO";"UOP02-DEL07-GO"
754896;2026-02-26;"quinta-feira";"18:00:00";"RJ";101;504;"ANGRA DOS REIS";"Conversão proibida";"Colisão transversal";"Com Vítimas Feridas";"Plena Noite";"Decrescente";"Chuva";"Simples";"Reta";"Sim";2;0;2;0;0;0;2;2;-22,9898455;-44,2400441;"SPRF-RJ";"DEL03-RJ";"UOP03-DEL03-RJ"
754898;2026-02-26;"quinta-feira";"20:23:00";"RN";304;181;"LAJES";"Animais na Pista";"Atropelamento de Animal";"Sem Vítimas";"Plena Noite";"Decrescente";"Céu Claro";"Simples";"Reta;Declive";"Não";3;0;0;0;3;0;0;1;-5,70602295;-36,2316306;"SPRF-RN";"DEL01-RN";"UOP03-DEL01-RN"
754899;2026-02-26;"quinta-feira";"21:25:00";"MG";364;10,7;"FRUTAL";"Acessar a via sem observar a presença dos outros veículos";"Colisão transversal";"Com Vítimas Feridas";"Plena Noite";"Decrescente";"Nublado";"Simples";"Reta";"Não";4;0;0;4;0;0;4;2;-20,093966;-48,74859;"SPRF-MG";"DEL13-MG";"UOP02-DEL13-MG"
754900;2026-02-26;"quinta-feira";"19:40:00";"MS";163;509,8;"JARAGUARI";"Reação tardia ou ineficiente do condutor";"Tombamento";"Com Vítimas Feridas";"Plena Noite";"Crescente";"Céu Claro";"Dupla";"Reta";"Não";1;0;0;1;0;0;1;1;-20,243368;-54,47996;"SPRF-MS";"DEL01-MS";"UOP02-DEL01-MS"
754902;2026-02-26;"quinta-feira";"20:15:00";"SP";153;72;"SAO JOSE DO RIO PRETO";"Reação tardia ou ineficiente do condutor";"Colisão com objeto";"Sem Vítimas";"Plena Noite";"Crescente";"Céu Claro";"Simples";"Túnel;Curva";"Não";1;0;0;0;0;1;0;1;-20,876;-49,421;"SPRF-SP";"DEL09-SP";"UOP01-DEL09-SP"
754905;2026-02-26;"quinta-feira";"19:40:00";"MT";163;587;"NOVA MUTUM";"Ausência de reação do condutor";"Colisão com objeto";"Com Vítimas Feridas";"Plena Noite";"Decrescente";"Chuva";"Dupla";"Reta";"Não";1;0;0;1;0;0;1;1;-13,917;-56,093;"SPRF-MT";"DEL01-MT";"UOP01-DEL01-MT"
754906;2026-02-26;"quinta-feira";"22:45:00";"PR";376;167,8;"MARINGA";"Retorno proibido";"Colisão transversal";"Com Vítimas Feridas";"Plena Noite";"Decrescente";"Céu Claro";"Dupla";"Retorno Regulamentado";"Não";2;0;0;1;1;0;1;2;-23,39343035;-52,00951338;"SPRF-PR";"DEL09-PR";"UOP01-DEL09-PR"
754909;2026-02-27;"sexta-feira";"00:00:00";"SC";470;2;"NAVEGANTES";"Acessar a via sem observar a presença dos outros veículos";"Colisão lateral mesmo sentido";"Com Vítimas Feridas";"Plena Noite";"Decrescente";"Nublado";"Múltipla";"Reta;Em Obras;Interseção de Vias;Retorno Regulamentado";"Sim";2;0;1;0;1;0;1;2;-26,8691626;-48,6751979;"SPRF-SC";"DEL04-SC";"UOP04-DEL04-SC"
754910;2026-02-26;"quinta-feira";"16:00:00";"RJ";101;274;"TANGUA";"Ausência de reação do condutor";"Colisão lateral sentido oposto";"Com Vítimas Feridas";"Pleno dia";"Decrescente";"Garoa/Chuvisco";"Dupla";"Interseção de Vias;Reta";"Sim";2;0;1;0;1;0;1;2;-22,735913;-42,725398;"SPRF-RJ";"DEL02-RJ";"UOP03-DEL02-RJ"
754911;2026-02-26;"quinta-feira";"23:50:00";"PR";277;531,9;"CAMPO BONITO";"Acessar a via sem observar a presença dos outros veículos";"Saída de leito carroçável";"Com Vítimas Feridas";"Plena Noite";"Crescente";"Céu Claro";"Simples";"Interseção de Vias;Curva";"Não";3;0;2;0;1;0;2;1;-25,0915257;-52,9500599;"SPRF-PR";"DEL04-PR";"UOP04-DEL04-PR"
754913;2026-02-27;"sexta-feira";"00:01:00";"SC";101;132,7;"BALNEARIO CAMBORIU";"Velocidade Incompatível";"Colisão lateral mesmo sentido";"Com Vítimas Feridas";"Plena Noite";"Crescente";"Céu Claro";"Simples";"Interseção de Vias";"Sim";3;0;2;0;1;0;2;2;-26,998586;-48,649499;"SPRF-SC";"DEL04-SC";"UOP03-DEL04-SC"
754914;2026-02-27;"sexta-feira";"00:00:00";"GO";20;4;"FORMOSA";"Ausência de reação do condutor";"Colisão com objeto";"Com Vítimas Feridas";"Plena Noite";"Crescente";"Chuva";"Simples";"Em Obras;Reta";"Sim";1;0;1;0;0;0;1;1;-15,559663;-47,311782;"SPRF-DF";"DEL02-DF";"UOP02-DEL02-DF"
754915;2026-02-26;"quinta-feira";"20:10:00";"RR";174;465;"BOA VISTA";"Transtornos Mentais (exceto suicidio)";"Atropelamento de Pedestre";"Com Vítimas Feridas";"Plena Noite";"Decrescente";"Céu Claro";"Simples";"Reta";"Não";2;0;0;2;0;0;2;2;2,54457947;-60,87716242;"SPRF-RR";"DEL01-RR";"UOP01-DEL01-RR"
754916;2026-02-27;"sexta-feira";"01:15:00";"SC";101;132;"ITAPEMA";"Reação tardia ou ineficiente do condutor";"Colisão com objeto";"Com Vítimas Feridas";"Plena Noite";"Crescente";"Céu Claro";"Dupla";"Reta";"Não";2;0;1;0;1;0;1;2;-27,0659167;-48,5956517;"SPRF-SC";"DEL04-SC";"UOP03-DEL04-SC"
754918;2026-02-27;"sexta-feira";"01:10:00";"PB";230;168,1;"PUXINANA";"Animais na Pista";"Atropelamento de Animal";"Com Vítimas Feridas";"Plena Noite";"Crescente";"Céu Claro";"Simples";"Reta";"Sim";1;0;0;1;0;0;1;1;-7,188972;-35,967732;"SPRF-PB";"DEL02-PB";"UOP02-DEL02-PB"
754920;2026-02-26;"quinta-feira";"21:50:00";"MS";163;265;"DOURADOS";"Ausência de reação do condutor";"Colisão traseira";"Com Vítimas Feridas";"Plena Noite";"Crescente";"Céu Claro";"Dupla";"Reta";"Sim";2;0;1;0;1;0;1;2;-22,21762034;-54,72197905;"SPRF-MS";"DEL04-MS";"UOP01-DEL04-MS"
754922;2026-02-27;"sexta-feira";"04:10:00";"RS";386;438,9;"NOVA SANTA RITA";"Reação tardia ou ineficiente do condutor";"Colisão com objeto";"Com Vítimas Feridas";"Plena Noite";"Crescente";"Céu Claro";"Dupla";"Reta";"Não";1;0;1;0;0;0;1;1;-29,871259;-51,2489901;"SPRF-RS";"DEL04-RS";"UOP02-DEL04-RS"
754924;2026-02-27;"sexta-feira";"04:30:00";"PE";101;70;"RECIFE";"Condutor Dormindo";"Colisão lateral mesmo sentido";"Sem Vítimas";"Plena Noite";"Crescente";"Chuva";"Simples";"Curva";"Não";2;0;0;0;1;1;0;2;-8,06987;-34,94289;"SPRF-PE";"DEL01-PE";"UOP01-DEL01-PE"
754926;2026-02-27;"sexta-feira";"04:25:00";"PR";376;190;"MARIALVA";"Ausência de reação do condutor";"Saída de leito carroçável";"Com Vítimas Feridas";"Plena Noite";"Crescente";"Céu Claro";"Dupla";"Curva";"Não";3;0;1;0;2;0;1;1;-23,470465;-51,820879;"SPRF-PR";"DEL09-PR";"UOP01-DEL09-PR"
754929;2026-02-27;"sexta-feira";"04:40:00";"RS";287;385;"SANTIAGO";"Animais na Pista";"Atropelamento de Animal";"Sem Vítimas";"Plena Noite";"Crescente";"Céu Claro";"Simples";"Aclive;Reta";"Não";4;0;0;0;4;0;0;1;-29,274731;-54,796798;"SPRF-RS";"DEL12-RS";"UOP02-DEL12-RS"
754934;2026-02-27;"sexta-feira";"04:40:00";"BA";367;41;"PORTO SEGURO";"Velocidade Incompatível";"Saída de leito carroçável";"Com Vítimas Feridas";"Amanhecer";"Decrescente";"Chuva";"Simples";"Curva";"Não";4;0;3;0;1;0;3;1;-16,40443411;-39,17539199;"SPRF-BA";"DEL09-BA";"UOP03-DEL09-BA"
754937;2026-02-26;"quinta-feira";"23:20:00";"RO";364;352;"JI-PARANA";"Condutor deixou de manter distância do veículo da frente";"Colisão traseira";"Sem Vítimas";"Plena Noite";"Decrescente";"Chuva";"Simples";"Reta";"Não";8;0;0;0;8;0;0;2;-10,82708296;-62,01387255;"SPRF-RO";"DEL02-RO";"UOP01-DEL02-RO"
754938;2026-02-26;"quinta-feira";"20:00:00";"MG";251;497;"FRANCISCO SA";"Condutor Dormindo";"Saída de leito carroçável";"Com Vítimas Feridas";"Pleno dia";"Decrescente";"Garoa/Chuvisco";"Simples";"Reta";"Não";1;0;0;1;0;0;1;1;-16,63290233;-43,6964035;"SPRF-MG";"DEL12-MG";"UOP01-DEL12-MG"
754941;2026-02-27;"sexta-feira";"01:30:00";"PR";163;285;"MARECHAL CANDIDO RONDON";"Ausência de reação do condutor";"Queda de ocupante de veículo";"Com Vítimas Feridas";"Plena Noite";"Crescente";"Ignorado";"Dupla";"Reta";"Sim";1;0;0;1;0;0;1;1;-24,54142591;-54,04620512;"SPRF-PR";"DEL06-PR";"UOP02-DEL06-PR"
754942;2026-02-27;"sexta-feira";"06:31:00";"SC";0;0;"FLORIANOPOLIS";"Frear bruscamente";"Colisão traseira";"Sem Vítimas";"Pleno dia";"Não Informado";"Céu Claro";"Múltipla";"Curva";"Sim";2;0;0;0;2;0;0;2;-27,59912;-48,55916262;"SPRF-SC";"DEL01-SC";"UOP01-DEL01-SC"
754943;2026-02-27;"sexta-feira";"02:00:00";"PI";316;4;"TERESINA";"Condutor desrespeitou a iluminação vermelha do semáforo";"Colisão transversal";"Com Vítimas Feridas";"Plena Noite";"Crescente";"Nublado";"Dupla";"Reta;Viaduto;Interseção de Vias";"Sim";4;0;1;0;2;1;1;2;-5,136255;-42,789607;"SPRF-PI";"DEL01-PI";"UOP02-DEL01-PI"
754944;2026-02-27;"sexta-feira";"07:00:00";"PB";230;21,8;"JOAO PESSOA";"Demais Fenômenos da natureza";"Queda de ocupante de veículo";"Com Vítimas Feridas";"Pleno dia";"Decrescente";"Sol";"Dupla";"Reta";"Sim";2;0;1;0;1;0;1;1;-7,1543494;-34,8550081;"SPRF-PB";"DEL01-PB";"UOP01-DEL01-PB"
754947;2026-02-27;"sexta-feira";"07:05:00";"SC";280;26,1;"ARAQUARI";"Acessar a via sem observar a presença dos outros veículos";"Colisão transversal";"Com Vítimas Feridas";"Pleno dia";"Crescente";"Céu Claro";"Simples";"Reta";"Sim";2;0;1;0;1;0;1;2;-26,3915107;-48,73619771;"SPRF-SC";"DEL03-SC";"UOP03-DEL03-SC"
754948;2026-02-27;"sexta-feira";"06:55:00";"SP";116;227,8;"SAO PAULO";"Manobra de mudança de faixa";"Colisão lateral mesmo sentido";"Com Vítimas Feridas";"Pleno dia";"Decrescente";"Nublado";"Múltipla";"Reta";"Sim";2;0;1;0;1;0;1;2;-23,50200721;-46,56517625;"SPRF-SP";"DEL01-SP";"UOP01-DEL01-SP"
754950;2026-02-27;"sexta-feira";"07:20:00";"MS";163;484;"CAMPO GRANDE";"Acessar a via sem observar a presença dos outros veículos";"Colisão lateral mesmo sentido";"Com Vítimas Feridas";"Pleno dia";"Decrescente";"Céu Claro";"Simples";"Reta";"Sim";2;0;1;0;1;0;1;2;-20,439965;-54,542461;"SPRF-MS";"DEL01-MS";"UOP02-DEL01-MS"
754951;2026-02-27;"sexta-feira";"07:20:00";"RS";290;86;"PORTO ALEGRE";"Ausência de reação do condutor";"Colisão traseira";"Com Vítimas Feridas";"Pleno dia";"Crescente";"Céu Claro";"Múltipla";"Viaduto;Reta";"Sim";2;0;1;0;1;0;1;2;-29,968252;-51,11603;"SPRF-RS";"DEL01-RS";"UOP01-DEL01-RS"
754952;2026-02-27;"sexta-feira";"07:20:00";"PI";343;339,8;"TERESINA";"Ausência de reação do condutor";"Saída de leito carroçável";"Com Vítimas Feridas";"Amanhecer";"Decrescente";"Garoa/Chuvisco";"Dupla";"Rotatória;Curva";"Sim";1;0;1;0;0;0;1;1;-5,072772;-42,735012;"SPRF-PI";"DEL01-PI";"UOP01-DEL01-PI"
754953;2026-02-27;"sexta-feira";"07:45:00";"PR";116;120,9;"CURITIBA";"Ausência de reação do condutor";"Colisão traseira";"Com Vítimas Feridas";"Pleno dia";"Decrescente";"Céu Claro";"Dupla";"Reta";"Não";2;0;1;0;1;0;1;2;-25,593233;-49,315403;"SPRF-PR";"DEL01-PR";"UOP03-DEL01-PR"
754954;2026-02-27;"sexta-feira";"06:45:00";"MT";364;399;"CUIABA";"Acessar a via sem observar a presença dos outros veículos";"Colisão transversal";"Com Vítimas Feridas";"Amanhecer";"Decrescente";"Nublado";"Dupla";"Reta";"Sim";2;0;1;0;1;0;1;2;-15,66081912;-55,97376466;"SPRF-MT";"DEL01-MT";"UOP02-DEL01-MT"
754955;2026-02-27;"sexta-feira";"07:30:00";"SC";101;206,8;"SAO JOSE";"Trafegar com motocicleta (ou similar) entre as faixas";"Colisão lateral mesmo sentido";"Com Vítimas Feridas";"Pleno dia";"Decrescente";"Céu Claro";"Múltipla";"Reta";"Sim";4;0;2;0;2;0;2;4;-27,5978122;-48,62047641;"SPRF-SC";"DEL01-SC";"UOP01-DEL01-SC"
754957;2026-02-27;"sexta-feira";"07:00:00";"SC";282;3;"FLORIANOPOLIS";"Ausência de reação do condutor";"Colisão lateral mesmo sentido";"Com Vítimas Feridas";"Pleno dia";"Crescente";"Céu Claro";"Múltipla";"Reta";"Sim";2;0;1;0;1;0;1;2;-27,60362;-48,59017;"SPRF-SC";"DEL01-SC";"UOP01-DEL01-SC"
754958;2026-02-27;"sexta-feira";"07:40:00";"ES";101;7;"SERRA";"Acumulo de água sobre o pavimento";"Colisão com objeto";"Com Vítimas Feridas";"Pleno dia";"Crescente";"Chuva";"Dupla";"Reta";"Não";4;0;1;0;3;0;1;1;-20,067012;-40,373933;"SPRF-ES";"DEL02-ES";"UOP01-DEL02-ES"
754960;2026-02-27;"sexta-feira";"08:15:00";"SC";282;3,5;"FLORIANOPOLIS";"Condutor deixou de manter distância do veículo da frente";"Colisão traseira";"Com Vítimas Feridas";"Pleno dia";"Crescente";"Céu Claro";"Múltipla";"Reta";"Sim";2;0;1;0;1;0;1;2;-27,59794;-48,60062;"SPRF-SC";"DEL01-SC";"UOP01-DEL01-SC"
754963;2026-02-27;"sexta-feira";"07:00:00";"MG";262;383;"FLORESTAL";"Velocidade Incompatível";"Saída de leito carroçável";"Com Vítimas Feridas";"Pleno dia";"Crescente";"Chuva";"Dupla";"Reta";"Não";1;0;1;0;0;0;1;1;-19,914452;-44,498296;"SPRF-MG";"DEL01-MG";"UOP03-DEL01-MG"
754964;2026-02-27;"sexta-feira";"08:19:00";"SC";282;2,2;"FLORIANOPOLIS";"Manobra de mudança de faixa";"Colisão lateral mesmo sentido";"Com Vítimas Feridas";"Pleno dia";"Decrescente";"Sol";"Dupla";"Reta";"Sim";2;0;1;0;1;0;1;2;-27,60305;-48,59223;"SPRF-SC";"DEL01-SC";"UOP01-DEL01-SC"
754965;2026-02-27;"sexta-feira";"07:40:00";"PR";116;38;"CAMPINA GRANDE DO SUL";"Reação tardia ou ineficiente do condutor";"Saída de leito carroçável";"Com Vítimas Feridas";"Pleno dia";"Crescente";"Garoa/Chuvisco";"Dupla";"Curva";"Não";4;0;2;0;2;0;2;1;-25,14947685;-48,85920232;"SPRF-PR";"DEL01-PR";"UOP02-DEL01-PR"
754966;2026-02-27;"sexta-feira";"07:30:00";"PR";369;184;"ARAPONGAS";"Acessar a via sem observar a presença dos outros veículos";"Colisão transversal";"Com Vítimas Feridas";"Pleno dia";"Crescente";"Céu Claro";"Dupla";"Reta";"Sim";2;0;2;0;0;0;2;2;-23,384465;-51,4192482;"SPRF-PR";"DEL07-PR";"UOP03-DEL07-PR"
754968;2026-02-27;"sexta-feira";"07:40:00";"DF";70;19;"BRASILIA";"Reação tardia ou ineficiente do condutor";"Colisão traseira";"Sem Vítimas";"Pleno dia";"Decrescente";"Céu Claro";"Dupla";"Curva;Aclive";"Não";3;0;0;0;3;0;0;3;-15,78488687;-48,23166708;"SPRF-DF";"DEL03-DF";"UOP02-DEL03-DF"
754969;2026-02-26;"quinta-feira";"21:25:00";"AC";364;256;"SENA MADUREIRA";"Problema na suspensão";"Saída de leito carroçável";"Com Vítimas Feridas";"Plena Noite";"Decrescente";"Nublado";"Simples";"Declive;Reta";"Não";25;0;24;0;1;0;24;1;-9,174297;-68,564842;"SPRF-AC";"DEL01-AC";"UOP01-DEL01-AC"
754970;2026-02-27;"sexta-feira";"08:12:00";"MT";70;3;"BARRA DO GARCAS";"Reação tardia ou ineficiente do condutor";"Atropelamento de Pedestre";"Com Vítimas Feridas";"Pleno dia";"Crescente";"Céu Claro";"Simples";"Reta";"Sim";2;0;0;1;1;0;1;2;-15,88539238;-52,27135552;"SPRF-MT";"DEL07-MT";"UOP01-DEL07-MT"
754973;2026-02-27;"sexta-feira";"09:00:00";"SP";116;289;"ITAPECERICA DA SERRA";"Acessar a via sem observar a presença dos outros veículos";"Colisão lateral mesmo sentido";"Com Vítimas Feridas";"Pleno dia";"Decrescente";"Chuva";"Dupla";"Reta";"Sim";2;0;2;0;0;0;2;2;-23,7198463;-46,88439631;"SPRF-SP";"DEL04-SP";"UOP01-DEL04-SP"
754975;2026-01-24;"sábado";"07:30:00";"RJ";101;310;"SAO GONCALO";"Mal súbito do condutor";"Saída de leito carroçável";"Com Vítimas Feridas";"Amanhecer";"Crescente";"Chuva";"Dupla";"Reta";"Sim";1;0;1;0;0;0;1;1;-22,83465915;-43,09643132;"SPRF-RJ";"DEL02-RJ";"UOP02-DEL02-RJ"
754978;2026-02-27;"sexta-feira";"09:15:00";"RS";470;217;"BENTO GONCALVES";"Ausência de reação do condutor";"Colisão traseira";"Com Vítimas Feridas";"Pleno dia";"Crescente";"Céu Claro";"Dupla";"Curva;Declive";"Sim";7;0;3;0;4;0;3;2;-29,17583093;-51,52207939;"SPRF-RS";"DEL06-RS";"UOP01-DEL06-RS"
754981;2026-02-27;"sexta-feira";"10:00:00";"SC";101;207,7;"SAO JOSE";"Estacionar ou parar em local proibido";"Colisão traseira";"Com Vítimas Feridas";"Pleno dia";"Decrescente";"Céu Claro";"Múltipla";"Aclive;Reta";"Sim";2;0;0;1;1;0;1;2;-27,602388;-48,628907;"SPRF-SC";"DEL01-SC";"UOP01-DEL01-SC"
754982;2026-02-27;"sexta-feira";"10:00:00";"GO";70;333;"JUSSARA";"Condutor deixou de manter distância do veículo da frente";"Colisão traseira";"Sem Vítimas";"Pleno dia";"Decrescente";"Garoa/Chuvisco";"Simples";"Reta";"Não";3;0;0;0;2;1;0;3;-15,88254708;-51,00634808;"SPRF-GO";"DEL04-GO";"UOP02-DEL04-GO"
754983;2026-02-27;"sexta-feira";"10:00:00";"SP";381;60;"MAIRIPORA";"Ausência de reação do condutor";"Queda de ocupante de veículo";"Com Vítimas Feridas";"Pleno dia";"Decrescente";"Céu Claro";"Dupla";"Curva";"Não";1;0;1;0;0;0;1;1;-23,28670013;-46,59011841;"SPRF-SP";"DEL03-SP";"UOP01-DEL03-SP"
754985;2026-02-27;"sexta-feira";"09:40:00";"SE";101;163,9;"SANTA LUZIA DO ITANHY";"Condutor Dormindo";"Colisão lateral sentido oposto";"Com Vítimas Feridas";"Pleno dia";"Decrescente";"Nublado";"Simples";"Curva";"Não";2;0;1;0;1;0;1;2;-11,320135;-37,529273;"SPRF-SE";"DEL02-SE";"UOP01-DEL02-SE"
754986;2026-02-27;"sexta-feira";"10:45:00";"SC";282;5;"SAO JOSE";"Ausência de reação do condutor";"Colisão traseira";"Com Vítimas Feridas";"Pleno dia";"Decrescente";"Céu Claro";"Múltipla";"Reta";"Sim";4;0;1;1;2;0;2;3;-27,58888371;-48,61172168;"SPRF-SC";"DEL01-SC";"UOP01-DEL01-SC"
754990;2026-02-27;"sexta-feira";"07:40:00";"RS";116;260;"CANOAS";"Manobra de mudança de faixa";"Colisão traseira";"Com Vítimas Feridas";"Pleno dia";"Decrescente";"Céu Claro";"Dupla";"Interseção de Vias;Reta";"Sim";3;0;1;1;1;0;2;2;-29,8759543;-51,18010696;"SPRF-RS";"DEL01-RS";"UOP01-DEL01-RS"
754991;2026-02-24;"terça-feira";"06:45:00";"RJ";116;181;"NOVA IGUACU";"Condutor deixou de manter distância do veículo da frente";"Colisão traseira";"Com Vítimas Feridas";"Amanhecer";"Decrescente";"Céu Claro";"Dupla";"Reta";"Não";2;0;1;0;0;1;1;2;-22,75177964;-43,43864171;"SPRF-RJ";"DEL06-RJ";"UOP01-DEL06-RJ"
754994;2026-02-27;"sexta-feira";"11:10:00";"PR";376;198;"MARIALVA";"Acesso irregular";"Colisão transversal";"Com Vítimas Fatais";"Pleno dia";"Crescente";"Céu Claro";"Dupla";"Retorno Regulamentado";"Não";3;1;0;0;1;1;0;3;-23,50101;-51,7613;"SPRF-PR";"DEL09-PR";"UOP01-DEL09-PR"
754996;2026-02-25;"quarta-feira";"20:50:00";"GO";452;19;"RIO VERDE";"Ultrapassagem Indevida";"Colisão frontal";"Com Vítimas Feridas";"Plena Noite";"Decrescente";"Céu Claro";"Simples";"Reta";"Não";3;0;1;0;2;0;1;2;-17,859897;-50,747459;"SPRF-GO";"DEL04-GO";"UOP01-DEL04-GO"
754997;2026-02-27;"sexta-feira";"10:35:00";"PR";373;197;"IPIRANGA";"Reação tardia ou ineficiente do condutor";"Saída de leito carroçável";"Sem Vítimas";"Pleno dia";"Crescente";"Céu Claro";"Simples";"Aclive;Reta";"Não";1;0;0;0;1;0;0;1;-25,07409903;-50,39651724;"SPRF-PR";"DEL03-PR";"UOP01-DEL03-PR"
754998;2026-02-27;"sexta-feira";"11:05:00";"MT";70;6;"BARRA DO GARCAS";"Transitar no Acostamento";"Colisão lateral mesmo sentido";"Com Vítimas Feridas";"Pleno dia";"Crescente";"Céu Claro";"Dupla";"Aclive";"Sim";2;0;1;0;1;0;1;2;-15,87885;-52,313324;"SPRF-MT";"DEL07-MT";"UOP01-DEL07-MT"
755000;2026-02-27;"sexta-feira";"09:00:00";"GO";60;164,7;"GOIANIA";"Acesso irregular";"Colisão lateral mesmo sentido";"Com Vítimas Feridas";"Pleno dia";"Decrescente";"Céu Claro";"Múltipla";"Interseção de Vias;Reta";"Sim";2;0;1;0;1;0;1;2;-16,71579223;-49,36267573;"SPRF-GO";"DEL01-GO";"UOP02-DEL01-GO"
755002;2026-01-10;"sábado";"17:50:00";"RJ";101;468;"ANGRA DOS REIS";"Reação tardia ou ineficiente do condutor";"Colisão transversal";"Com Vítimas Feridas";"Pleno dia";"Decrescente";"Céu Claro";"Simples";"Curva";"Não";9;0;7;1;1;0;8;2;-23,00770023;-44,22409058;"SPRF-RJ";"DEL03-RJ";"UOP03-DEL03-RJ"
755003;2026-02-27;"sexta-feira";"13:05:00";"GO";20;183;"SIMOLANDIA";"Condutor deixou de manter distância do veículo da frente";"Colisão traseira";"Com Vítimas Feridas";"Pleno dia";"Crescente";"Nublado";"Simples";"Reta";"Não";3;0;2;0;1;0;2;2;-14,4514683;-46,46948365;"SPRF-DF";"DEL02-DF";"UOP03-DEL02-DF"
755004;2026-02-27;"sexta-feira";"12:23:00";"MG";116;602,6;"SAO JOAO DO MANHUACU";"Acesso irregular";"Colisão transversal";"Com Vítimas Feridas";"Pleno dia";"Decrescente";"Chuva";"Simples";"Interseção de Vias;Reta";"Sim";2;0;2;0;0;0;2;2;-20,357607;-42,151575;"SPRF-MG";"DEL06-MG";"UOP03-DEL06-MG"
755005;2026-02-27;"sexta-feira";"11:45:00";"RO";364;687;"CANDEIAS DO JAMARI";"Mal súbito do condutor";"Saída de leito carroçável";"Com Vítimas Feridas";"Pleno dia";"Crescente";"Céu Claro";"Simples";"Reta";"Não";2;0;2;0;0;0;2;1;-8,7926;-63,6528;"SPRF-RO";"DEL01-RO";"UOP01-DEL01-RO"
755011;2026-02-27;"sexta-feira";"13:30:00";"SC";282;3;"FLORIANOPOLIS";"Manobra de mudança de faixa";"Colisão lateral mesmo sentido";"Com Vítimas Feridas";"Pleno dia";"Crescente";"Céu Claro";"Múltipla";"Reta";"Sim";2;0;1;0;1;0;1;2;-27,59682677;-48,6010205;"SPRF-SC";"DEL01-SC";"UOP01-DEL01-SC"
755014;2026-02-27;"sexta-feira";"10:45:00";"PI";343;127;"PIRACURUCA";"Avarias e/ou desgaste excessivo no pneu";"Eventos atípicos";"Com Vítimas Feridas";"Pleno dia";"Crescente";"Nublado";"Simples";"Reta";"Não";2;0;1;0;1;0;1;1;-3,89279218;-41,71064615;"SPRF-PI";"DEL02-PI";"UOP01-DEL02-PI"
755016;2026-02-27;"sexta-feira";"08:05:00";"PR";277;1;"PARANAGUA";"Ultrapassagem Indevida";"Colisão transversal";"Com Vítimas Feridas";"Pleno dia";"Crescente";"Céu Claro";"Dupla";"Reta";"Sim";3;0;1;0;1;1;1;3;-25,51573;-48,53832;"SPRF-PR";"DEL01-PR";"UOP05-DEL01-PR"
755017;2026-02-27;"sexta-feira";"12:56:00";"RO";364;128,1;"PIMENTA BUENO";"Manobra de mudança de faixa";"Colisão traseira";"Com Vítimas Feridas";"Pleno dia";"Crescente";"Nublado";"Simples";"Curva";"Não";2;0;1;0;1;0;1;2;-12,058267;-60,759478;"SPRF-RO";"DEL02-RO";"UOP02-DEL02-RO"
755018;2026-02-27;"sexta-feira";"13:10:00";"SP";116;221;"GUARULHOS";"Frear bruscamente";"Colisão traseira";"Sem Vítimas";"Pleno dia";"Crescente";"Céu Claro";"Dupla";"Reta;Interseção de Vias";"Sim";2;0;0;0;2;0;0;2;-23,46842744;-46,50988905;"SPRF-SP";"DEL01-SP";"UOP01-DEL01-SP"
755019;2026-02-27;"sexta-feira";"14:00:00";"PB";104;114,8;"LAGOA SECA";"Acessar a via sem observar a presença dos outros veículos";"Colisão transversal";"Com Vítimas Feridas";"Pleno dia";"Crescente";"Nublado";"Simples";"Reta";"Sim";2;0;1;0;1;0;1;2;-7,160342;-35,85658;"SPRF-PB";"DEL02-PB";"UOP04-DEL02-PB"
755020;2026-02-27;"sexta-feira";"14:00:00";"CE";116;17,4;"EUSEBIO";"Condutor deixou de manter distância do veículo da frente";"Colisão traseira";"Com Vítimas Feridas";"Pleno dia";"Decrescente";"Nublado";"Dupla";"Reta";"Sim";2;0;0;1;0;1;1;2;-3,900252;-38,503888;"SPRF-CE";"DEL01-CE";"UOP02-DEL01-CE"
755022;2026-02-27;"sexta-feira";"14:25:00";"RS";116;265;"CANOAS";"Manobra de mudança de faixa";"Colisão lateral mesmo sentido";"Com Vítimas Feridas";"Pleno dia";"Crescente";"Céu Claro";"Dupla";"Viaduto;Em Obras;Reta";"Sim";3;0;1;0;2;0;1;3;-29,925198;-51,177903;"SPRF-RS";"DEL01-RS";"UOP01-DEL01-RS"