"id";"data_inversa";"dia_semana";"horario";"uf";"br";"km";"municipio";"causa_acidente";"tipo_acidente";"classificacao_acidente";"fase_dia";"sentido_via";"condicao_metereologica";"tipo_pista";"tracado_via";"uso_solo";"pessoas";"mortos";"feridos_leves";"feridos_graves";"ilesos";"ignorados";"feridos";"veiculos";"latitude";"longitude";"regional";"delegacia";"uop"
755125;2026-02-27;"sexta-feira";"21:00:00";"RJ";101;489,5;"ANGRA DOS REIS";"Acumulo de água sobre o pavimento";"Colisão com objeto";"Sem Vítimas";"Plena Noite";"Crescente";"Chuva";"Simples";"Curva";"Sim";1;0;0;0;1;0;0;1;-22,94922531;-44,32777405;"SPRF-RJ";"DEL03-RJ";"UOP03-DEL03-RJ"
755128;2026-02-27;"sexta-feira";"22:10:00";"RN";101;94,7;"NATAL";"Animais na Pista";"Atropelamento de Animal";"Sem Vítimas";"Plena Noite";"Crescente";"Céu Claro";"Múltipla";"Reta";"Sim";1;0;0;0;1;0;0;1;-5,838618;-35,210862;"SPRF-RN";"DEL01-RN";"UOP01-DEL01-RN"
755129;2026-02-27;"sexta-feira";"05:00:00";"MG";50;40;"ARAGUARI";"Ausência de reação do condutor";"Colisão lateral mesmo sentido";"Com Vítimas Feridas";"Amanhecer";"Crescente";"Céu Claro";"Dupla";"Reta";"Sim";2;0;1;0;0;1;1;2;-18,67382146;-48,17841467;"SPRF-MG";"DEL15-MG";"UOP02-DEL15-MG"
755130;2026-02-27;"sexta-feira";"21:12:00";"PE";428;188;"PETROLINA";"Acessar a via sem observar a presença dos outros veículos";"Colisão lateral mesmo sentido";"Com Vítimas Feridas";"Plena Noite";"Decrescente";"Chuva";"Simples";"Reta;Interseção de Vias";"Sim";2;0;1;0;1;0;1;2;-9,37583323;-40,49072234;"SPRF-PE";"DEL06-PE";"UOP01-DEL06-PE"
755131;2026-02-27;"sexta-feira";"22:27:00";"SC";101;87,8;"BARRA VELHA";"Velocidade Incompatível";"Colisão com objeto";"Com Vítimas Feridas";"Plena Noite";"Crescente";"Nublado";"Múltipla";"Curva";"Sim";1;0;1;0;0;0;1;1;-26,63946698;-48,69337432;"SPRF-SC";"DEL03-SC";"UOP02-DEL03-SC"
755132;2026-02-27;"sexta-feira";"22:30:00";"RS";116;521,6;"PELOTAS";"Transitar na contramão";"Colisão traseira";"Com Vítimas Feridas";"Plena Noite";"Crescente";"Céu Claro";"Dupla";"Reta";"Sim";2;0;0;1;1;0;1;2;-31,7080003;-52,36875605;"SPRF-RS";"DEL07-RS";"UOP01-DEL07-RS"
755133;2026-02-27;"sexta-feira";"22:20:00";"SC";101;152,2;"PORTO BELO";"Avarias e/ou desgaste excessivo no pneu";"Tombamento";"Com Vítimas Feridas";"Plena Noite";"Decrescente";"Céu Claro";"Múltipla";"Reta";"Não";1;0;1;0;0;0;1;1;-27,137;-48,60974;"SPRF-SC";"DEL04-SC";"UOP03-DEL04-SC"
755134;2026-02-27;"sexta-feira";"23:00:00";"RJ";40;104;"DUQUE DE CAXIAS";"Manobra de mudança de faixa";"Colisão lateral mesmo sentido";"Com Vítimas Feridas";"Plena Noite";"Crescente";"Céu Claro";"Múltipla";"Reta";"Não";2;0;1;0;1;0;1;2;-22,62940977;-43,28584119;"SPRF-RJ";"DEL01-RJ";"UOP02-DEL01-RJ"
755135;2026-02-27;"sexta-feira";"22:45:00";"BA";101;751,4;"ITABELA";"Transitar na contramão";"Colisão frontal";"Com Vítimas Feridas";"Plena Noite";"Decrescente";"Chuva";"Simples";"Aclive;Curva";"Não";5;0;2;1;2;0;3;2;-16,62073;-39,535197;"SPRF-BA";"DEL09-BA";"UOP01-DEL09-BA"
755137;2026-02-27;"sexta-feira";"21:37:00";"RO";364;711;"PORTO VELHO";"Manobra de mudança de faixa";"Colisão lateral mesmo sentido";"Com Vítimas Feridas";"Plena Noite";"Crescente";"Céu Claro";"Dupla";"Reta;Interseção de Vias";"Sim";2;0;1;0;0;1;1;2;-8,7810792;-63,86541742;"SPRF-RO";"DEL01-RO";"UOP01-DEL01-RO"
755141;2026-02-27;"sexta-feira";"21:30:00";"RJ";116;148;"DUQUE DE CAXIAS";"Reação tardia ou ineficiente do condutor";"Colisão lateral mesmo sentido";"Com Vítimas Feridas";"Plena Noite";"Decrescente";"Chuva";"Múltipla";"Reta";"Sim";2;0;1;0;1;0;1;2;-22,67171261;-43,27924166;"SPRF-RJ";"DEL01-RJ";"UOP02-DEL01-RJ"
755142;2026-02-27;"sexta-feira";"22:50:00";"RJ";116;195;"QUEIMADOS";"Manobra de mudança de faixa";"Colisão traseira";"Com Vítimas Feridas";"Plena Noite";"Crescente";"Céu Claro";"Dupla";"Reta";"Não";2;0;1;0;0;1;1;2;-22,73571437;-43,54833953;"SPRF-RJ";"DEL06-RJ";"UOP01-DEL06-RJ"
755143;2026-02-27;"sexta-feira";"22:50:00";"SC";280;101,7;"SAO BENTO DO SUL";"Ultrapassagem Indevida";"Colisão lateral mesmo sentido";"Com Vítimas Feridas";"Plena Noite";"Decrescente";"Céu Claro";"Simples";"Declive;Curva";"Não";4;0;0;1;3;0;1;2;-26,362545;-49,342558;"SPRF-SC";"DEL06-SC";"UOP03-DEL06-SC"
755144;2026-02-27;"sexta-feira";"22:25:00";"PR";376;170,8;"MARINGA";"Ausência de reação do condutor";"Colisão transversal";"Sem Vítimas";"Plena Noite";"Decrescente";"Céu Claro";"Múltipla";"Reta;Aclive;Rotatória;Interseção de Vias";"Não";6;0;0;0;6;0;0;2;-23,41026214;-51,98738901;"SPRF-PR";"DEL09-PR";"UOP01-DEL09-PR"
755145;2026-02-27;"sexta-feira";"19:50:00";"RJ";116;245,2;"PIRAI";"Objeto estático sobre o leito carroçável";"Capotamento";"Com Vítimas Feridas";"Plena Noite";"Decrescente";"Nublado";"Dupla";"Declive;Curva";"Sim";3;0;2;0;1;0;2;1;-22,61792288;-43,92895103;"SPRF-RJ";"DEL07-RJ";"UOP01-DEL07-RJ"
755146;2026-02-27;"sexta-feira";"22:37:00";"PI";316;10,9;"TERESINA";"Desrespeitar a preferência no cruzamento";"Colisão lateral mesmo sentido";"Com Vítimas Feridas";"Plena Noite";"Crescente";"Nublado";"Dupla";"Rotatória;Viaduto;Interseção de Vias";"Sim";3;0;1;1;1;0;2;2;-5,190432;-42,761505;"SPRF-PI";"DEL01-PI";"UOP02-DEL01-PI"
755147;2026-02-27;"sexta-feira";"22:30:00";"PR";277;2;"CURITIBA";"Velocidade Incompatível";"Colisão traseira";"Com Vítimas Feridas";"Plena Noite";"Crescente";"Nublado";"Dupla";"Reta";"Sim";3;0;1;0;2;0;1;2;-25,43041231;-49,34734432;"SPRF-PR";"DEL01-PR";"UOP06-DEL01-PR"
755148;2026-02-27;"sexta-feira";"19:50:00";"MG";381;810;"CAREACU";"Ingestão de álcool pelo condutor";"Saída de leito carroçável";"Sem Vítimas";"Plena Noite";"Crescente";"Céu Claro";"Dupla";"Curva";"Não";1;0;0;0;1;0;0;1;-21,99016847;-45,6578064;"SPRF-MG";"DEL16-MG";"UOP02-DEL16-MG"
755149;2026-02-27;"sexta-feira";"23:10:00";"RJ";116;204;"QUEIMADOS";"Ausência de reação do condutor";"Saída de leito carroçável";"Com Vítimas Feridas";"Plena Noite";"Crescente";"Chuva";"Dupla";"Reta";"Não";6;0;6;0;0;0;6;1;-22,72910423;-43,63056533;"SPRF-RJ";"DEL06-RJ";"UOP02-DEL06-RJ"
755150;2026-02-27;"sexta-feira";"22:30:00";"SC";280;199,7;"MAFRA";"Participar de racha";"Colisão traseira";"Com Vítimas Fatais";"Plena Noite";"Decrescente";"Nublado";"Simples";"Reta";"Não";3;1;0;0;0;2;0;3;-26,17470935;-50,07117355;"SPRF-SC";"DEL06-SC";"UOP01-DEL06-SC"
755153;2026-02-27;"sexta-feira";"22:00:00";"BA";101;372;"GANDU";"Transitar na contramão";"Colisão frontal";"Com Vítimas Fatais";"Plena Noite";"Crescente";"Nublado";"Simples";"Curva";"Não";11;1;2;0;8;0;2;2;-13,80048551;-39,49687796;"SPRF-BA";"DEL05-BA";"UOP03-DEL05-BA"
755155;2026-02-28;"sábado";"00:50:00";"MG";40;357,8;"FELIXLANDIA";"Conversão proibida";"Colisão transversal";"Com Vítimas Feridas";"Plena Noite";"Decrescente";"Céu Claro";"Simples";"Reta";"Não";2;0;2;0;0;0;2;2;-18,73603;-44,865053;"SPRF-MG";"DEL02-MG";"UOP01-DEL02-MG"
755156;2026-02-27;"sexta-feira";"22:35:00";"MT";163;803;"SINOP";"Ausência de reação do condutor";"Saída de leito carroçável";"Com Vítimas Feridas";"Plena Noite";"Crescente";"Céu Claro";"Simples";"Reta";"Não";1;0;1;0;0;0;1;1;-12,03084695;-55,5173764;"SPRF-MT";"DEL06-MT";"UOP02-DEL06-MT"
755157;2026-02-28;"sábado";"01:25:00";"PI";316;2,4;"TERESINA";"Ausência de reação do condutor";"Colisão com objeto";"Com Vítimas Feridas";"Plena Noite";"Decrescente";"Garoa/Chuvisco";"Dupla";"Interseção de Vias;Rotatória";"Sim";1;0;1;0;0;0;1;1;-5,12354545;-42,79492289;"SPRF-PI";"DEL01-PI";"UOP02-DEL01-PI"
755158;2026-02-28;"sábado";"01:05:00";"RS";116;261;"CANOAS";"Reação tardia ou ineficiente do condutor";"Saída de leito carroçável";"Com Vítimas Fatais";"Plena Noite";"Decrescente";"Nublado";"Múltipla";"Curva";"Sim";2;1;0;0;0;1;0;2;-29,89586168;-51,1758399;"SPRF-RS";"DEL01-RS";"UOP01-DEL01-RS"
755160;2026-02-28;"sábado";"01:15:00";"RS";158;326;"SANTA MARIA";"Ausência de reação do condutor";"Saída de leito carroçável";"Com Vítimas Feridas";"Plena Noite";"Crescente";"Céu Claro";"Simples";"Curva;Em Obras";"Sim";1;0;1;0;0;0;1;1;-29,71490715;-53,81077456;"SPRF-RS";"DEL09-RS";"UOP01-DEL09-RS"
755161;2026-02-27;"sexta-feira";"14:10:00";"BA";324;605;"SIMOES FILHO";"Ausência de reação do condutor";"Colisão lateral mesmo sentido";"Com Vítimas Feridas";"Pleno dia";"Crescente";"Céu Claro";"Dupla";"Reta";"Sim";3;0;2;0;1;0;2;2;-12,80677964;-38,40339661;"SPRF-BA";"DEL01-BA";"UOP01-DEL01-BA"
755162;2026-02-28;"sábado";"00:20:00";"PR";277;724;"FOZ DO IGUACU";"Velocidade Incompatível";"Saída de leito carroçável";"Sem Vítimas";"Plena Noite";"Decrescente";"Céu Claro";"Dupla";"Reta";"Sim";1;0;0;0;0;1;0;1;-25,51042534;-54,55737778;"SPRF-PR";"DEL05-PR";"UOP03-DEL05-PR"
755164;2026-02-28;"sábado";"02:00:00";"MG";381;383,1;"BARAO DE COCAIS";"Reação tardia ou ineficiente do condutor";"Colisão lateral mesmo sentido";"Com Vítimas Feridas";"Plena Noite";"Decrescente";"Nublado";"Dupla";"Reta";"Não";2;0;1;1;0;0;2;2;-19,802362;-43,411252;"SPRF-MG";"DEL01-MG";"UOP01-DEL01-MG"
755167;2026-02-28;"sábado";"02:30:00";"PI";343;345;"TERESINA";"Ausência de reação do condutor";"Capotamento";"Sem Vítimas";"Plena Noite";"Decrescente";"Chuva";"Dupla";"Reta";"Sim";1;0;0;0;0;1;0;1;-5,1056567;-42,767525;"SPRF-PI";"DEL01-PI";"UOP01-DEL01-PI"
755168;2026-02-28;"sábado";"02:40:00";"BA";324;599;"SIMOES FILHO";"Ingestão de álcool pelo condutor";"Colisão com objeto";"Com Vítimas Feridas";"Plena Noite";"Decrescente";"Céu Claro";"Dupla";"Reta";"Não";2;0;2;0;0;0;2;1;-12,751532;-38,4323236;"SPRF-BA";"DEL01-BA";"UOP01-DEL01-BA"
755169;2026-02-28;"sábado";"03:50:00";"RS";290;93;"PORTO ALEGRE";"Reação tardia ou ineficiente do condutor";"Colisão com objeto";"Com Vítimas Feridas";"Plena Noite";"Decrescente";"Nublado";"Múltipla";"Reta";"Sim";2;0;1;0;0;1;1;2;-29,97141536;-51,19314673;"SPRF-RS";"DEL01-RS";"UOP01-DEL01-RS"
755170;2026-02-28;"sábado";"03:10:00";"SC";280;43;"ARAQUARI";"Ingestão de álcool pelo condutor";"Colisão traseira";"Com Vítimas Feridas";"Plena Noite";"Crescente";"Céu Claro";"Dupla";"Reta";"Não";3;0;1;0;2;0;1;2;-26,45055642;-48,87036324;"SPRF-SC";"DEL03-SC";"UOP03-DEL03-SC"
755172;2026-02-28;"sábado";"03:05:00";"RS";386;37,6;"FREDERICO WESTPHALEN";"Ingestão de álcool pelo condutor";"Saída de leito carroçável";"Com Vítimas Feridas";"Plena Noite";"Decrescente";"Céu Claro";"Simples";"Reta";"Não";1;0;1;0;0;0;1;1;-27,3883886;-53,3994851;"SPRF-RS";"DEL08-RS";"UOP02-DEL08-RS"
755176;2026-02-28;"sábado";"02:45:00";"PR";277;510,9;"GUARANIACU";"Ingestão de álcool pelo condutor";"Colisão frontal";"Sem Vítimas";"Plena Noite";"Crescente";"Céu Claro";"Simples";"Reta;Declive";"Não";2;0;0;0;1;1;0;2;-25,12354518;-52,75900237;"SPRF-PR";"DEL04-PR";"UOP04-DEL04-PR"
755177;2026-02-28;"sábado";"04:40:00";"GO";60;114;"TEREZOPOLIS DE GOIAS";"Reação tardia ou ineficiente do condutor";"Atropelamento de Animal";"Com Vítimas Feridas";"Amanhecer";"Decrescente";"Nublado";"Dupla";"Curva";"Não";1;0;0;1;0;0;1;1;-16,469379;-49,070996;"SPRF-GO";"DEL01-GO";"UOP01-DEL01-GO"
755178;2026-02-28;"sábado";"02:50:00";"MT";70;509;"CUIABA";"Ingestão de álcool pelo condutor";"Colisão com objeto";"Sem Vítimas";"Plena Noite";"Crescente";"Céu Claro";"Múltipla";"Em Obras;Curva";"Não";1;0;0;0;1;0;0;1;-15,69347933;-56,10188752;"SPRF-MT";"DEL01-MT";"UOP02-DEL01-MT"
755179;2026-02-28;"sábado";"04:45:00";"PB";230;41;"SANTA RITA";"Acumulo de água sobre o pavimento";"Queda de ocupante de veículo";"Com Vítimas Feridas";"Amanhecer";"Crescente";"Chuva";"Dupla";"Reta";"Não";1;0;0;1;0;0;1;1;-7,142;-34,992;"SPRF-PB";"DEL01-PB";"UOP02-DEL01-PB"
755180;2026-02-28;"sábado";"04:18:00";"PB";230;290;"SANTA LUZIA";"Transitar no Acostamento";"Colisão frontal";"Com Vítimas Feridas";"Amanhecer";"Crescente";"Nublado";"Simples";"Reta";"Sim";4;0;3;0;1;0;3;2;-6,87081;-36,92491;"SPRF-PB";"DEL03-PB";"UOP01-DEL03-PB"
755181;2026-02-28;"sábado";"05:30:00";"SC";101;211,7;"PALHOCA";"Ingestão de álcool pelo condutor";"Colisão com objeto";"Com Vítimas Feridas";"Amanhecer";"Decrescente";"Céu Claro";"Dupla";"Viaduto;Reta";"Sim";2;0;2;0;0;0;2;1;-27,6283543;-48,65723248;"SPRF-SC";"DEL01-SC";"UOP02-DEL01-SC"
755184;2026-02-28;"sábado";"05:05:00";"SP";116;226,7;"SAO PAULO";"Manobra de mudança de faixa";"Colisão lateral mesmo sentido";"Com Vítimas Feridas";"Amanhecer";"Crescente";"Céu Claro";"Múltipla";"Reta";"Sim";4;0;1;0;3;0;1;2;-23,50084578;-46,5637033;"SPRF-SP";"DEL01-SP";"UOP01-DEL01-SP"
755185;2026-02-28;"sábado";"04:30:00";"SP";116;317;"JUQUITIBA";"Reação tardia ou ineficiente do condutor";"Colisão com objeto";"Sem Vítimas";"Plena Noite";"Crescente";"Garoa/Chuvisco";"Dupla";"Reta";"Não";1;0;0;0;1;0;0;1;-23,92189;-46,99225;"SPRF-SP";"DEL04-SP";"UOP03-DEL04-SP"
755190;2026-02-28;"sábado";"00:30:00";"SC";101;119;"ITAJAI";"Avarias e/ou desgaste excessivo no pneu";"Colisão com objeto";"Com Vítimas Feridas";"Plena Noite";"Crescente";"Céu Claro";"Dupla";"Reta";"Sim";1;0;1;0;0;0;1;1;-26,90504;-48,71529;"SPRF-SC";"DEL04-SC";"UOP04-DEL04-SC"
755191;2026-02-28;"sábado";"06:30:00";"MG";262;767,1;"UBERABA";"Reação tardia ou ineficiente do condutor";"Saída de leito carroçável";"Com Vítimas Feridas";"Amanhecer";"Crescente";"Céu Claro";"Simples";"Declive;Reta";"Não";2;0;0;2;0;0;2;1;-19,7303672;-47,7379044;"SPRF-MG";"DEL13-MG";"UOP01-DEL13-MG"
755192;2026-02-28;"sábado";"06:20:00";"MG";365;625;"UBERLANDIA";"Condutor Dormindo";"Colisão com objeto";"Com Vítimas Feridas";"Amanhecer";"Decrescente";"Céu Claro";"Dupla";"Reta";"Sim";1;0;1;0;0;0;1;1;-18,91070446;-48,306427;"SPRF-MG";"DEL15-MG";"UOP01-DEL15-MG"
755193;2026-02-28;"sábado";"03:00:00";"MT";158;537;"AGUA BOA";"Condutor Dormindo";"Saída de leito carroçável";"Com Vítimas Feridas";"Plena Noite";"Crescente";"Céu Claro";"Simples";"Reta";"Não";1;0;1;0;0;0;1;1;-14,0868919;-52,16092905;"SPRF-MT";"DEL07-MT";"UOP02-DEL07-MT"
755194;2026-02-28;"sábado";"02:30:00";"RO";429;58,7;"ALVORADA DOESTE";"Pista esburacada";"Tombamento";"Com Vítimas Fatais";"Plena Noite";"Crescente";"Céu Claro";"Simples";"Reta";"Não";1;1;0;0;0;0;0;1;-11,396565;-62,334885;"SPRF-RO";"DEL02-RO";"UOP03-DEL02-RO"
755195;2026-02-28;"sábado";"06:15:00";"SP";116;227;"SAO PAULO";"Ausência de reação do condutor";"Colisão traseira";"Sem Vítimas";"Pleno dia";"Crescente";"Céu Claro";"Dupla";"Reta;Interseção de Vias";"Sim";2;0;0;0;1;1;0;2;-23,5000385;-46,56253763;"SPRF-SP";"DEL01-SP";"UOP01-DEL01-SP"
755196;2026-02-28;"sábado";"06:00:00";"SP";116;219;"GUARULHOS";"Transitar na contramão";"Colisão frontal";"Com Vítimas Feridas";"Pleno dia";"Crescente";"Céu Claro";"Múltipla";"Interseção de Vias";"Sim";4;0;3;0;1;0;3;2;-23,45994647;-46,4886694;"SPRF-SP";"DEL01-SP";"UOP01-DEL01-SP"
755197;2026-02-27;"sexta-feira";"19:10:00";"RJ";465;21;"NOVA IGUACU";"Reação tardia ou ineficiente do condutor";"Atropelamento de Pedestre";"Com Vítimas Feridas";"Plena Noite";"Crescente";"Céu Claro";"Simples";"Reta";"Não";2;0;1;0;0;1;1;2;-22,8571948;-43,6006622;"SPRF-RJ";"DEL06-RJ";"UOP02-DEL06-RJ"
755198;2026-02-28;"sábado";"06:50:00";"GO";50;180;"CAMPO ALEGRE DE GOIAS";"Reação tardia ou ineficiente do condutor";"Saída de leito carroçável";"Com Vítimas Feridas";"Amanhecer";"Decrescente";"Céu Claro";"Dupla";"Declive;Reta";"Não";2;0;1;0;1;0;1;1;-17,410708;-47,787521;"SPRF-GO";"DEL06-GO";"UOP01-DEL06-GO"
755199;2026-02-28;"sábado";"06:00:00";"BA";324;530;"FEIRA DE SANTANA";"Velocidade Incompatível";"Saída de leito carroçável";"Com Vítimas Feridas";"Pleno dia";"Decrescente";"Garoa/Chuvisco";"Dupla";"Curva";"Não";1;0;1;0;0;0;1;1;-12,33687958;-38,84979039;"SPRF-BA";"DEL01-BA";"UOP03-DEL01-BA"
755200;2026-02-28;"sábado";"07:19:00";"SP";381;35;"ATIBAIA";"Reação tardia ou ineficiente do condutor";"Queda de ocupante de veículo";"Com Vítimas Feridas";"Pleno dia";"Crescente";"Nublado";"Dupla";"Curva;Aclive";"Sim";1;0;1;0;0;0;1;1;-23,0891525;-46,571799;"SPRF-SP";"DEL03-SP";"UOP02-DEL03-SP"
755201;2026-02-28;"sábado";"07:00:00";"SC";101;35;"JOINVILLE";"Ingestão de álcool pelo condutor";"Colisão com objeto";"Sem Vítimas";"Pleno dia";"Decrescente";"Chuva";"Dupla";"Curva";"Sim";1;0;0;0;1;0;0;1;-26,26708009;-48,89678685;"SPRF-SC";"DEL03-SC";"UOP01-DEL03-SC"
755202;2026-02-28;"sábado";"03:20:00";"PR";277;1;"CURITIBA";"Pedestre cruzava a pista fora da faixa";"Atropelamento de Pedestre";"Com Vítimas Feridas";"Plena Noite";"Crescente";"Céu Claro";"Dupla";"Reta";"Sim";2;0;1;0;1;0;1;2;-25,43148161;-49,31578159;"SPRF-PR";"DEL01-PR";"UOP05-DEL01-PR"
755203;2026-02-28;"sábado";"06:20:00";"SP";116;161;"JACAREI";"Reação tardia ou ineficiente do condutor";"Saída de leito carroçável";"Sem Vítimas";"Amanhecer";"Crescente";"Céu Claro";"Dupla";"Reta";"Sim";1;0;0;0;0;1;0;1;-23,275152;-45,97454;"SPRF-SP";"DEL02-SP";"UOP01-DEL02-SP"
755204;2026-02-14;"sábado";"12:20:00";"MS";163;553,9;"BANDEIRANTES";"Reação tardia ou ineficiente do condutor";"Colisão traseira";"Sem Vítimas";"Pleno dia";"Decrescente";"Céu Claro";"Simples";"Reta";"Não";4;0;0;0;4;0;0;2;-19,87175497;-54,37035084;"SPRF-MS";"DEL01-MS";"UOP02-DEL01-MS"
755205;2026-02-28;"sábado";"08:00:00";"PB";101;86;"JOAO PESSOA";"Acumulo de água sobre o pavimento";"Tombamento";"Com Vítimas Feridas";"Pleno dia";"Decrescente";"Céu Claro";"Dupla";"Reta;Declive";"Sim";1;0;1;0;0;0;1;1;-7,15356931;-34,90809158;"SPRF-PB";"DEL01-PB";"UOP01-DEL01-PB"
755206;2026-02-28;"sábado";"06:45:00";"SP";116;138;"SAO JOSE DOS CAMPOS";"Reação tardia ou ineficiente do condutor";"Queda de ocupante de veículo";"Com Vítimas Feridas";"Amanhecer";"Decrescente";"Céu Claro";"Dupla";"Reta";"Sim";1;0;0;1;0;0;1;1;-23,15758295;-45,79581044;"SPRF-SP";"DEL02-SP";"UOP01-DEL02-SP"
755207;2026-02-28;"sábado";"08:00:00";"RS";290;88;"PORTO ALEGRE";"Demais falhas mecânicas ou elétricas";"Tombamento";"Com Vítimas Feridas";"Pleno dia";"Crescente";"Céu Claro";"Dupla";"Reta";"Não";3;0;2;0;1;0;2;2;-29,96761302;-51,14641363;"SPRF-RS";"DEL01-RS";"UOP01-DEL01-RS"
755212;2026-02-28;"sábado";"07:30:00";"PR";277;596,5;"CASCAVEL";"Transitar na contramão";"Colisão frontal";"Com Vítimas Feridas";"Pleno dia";"Decrescente";"Céu Claro";"Simples";"Reta";"Sim";6;0;2;1;3;0;3;2;-24,97955641;-53,49426124;"SPRF-PR";"DEL04-PR";"UOP01-DEL04-PR"
755213;2026-02-28;"sábado";"08:50:00";"SC";101;129;"CAMBORIU";"Condutor deixou de manter distância do veículo da frente";"Colisão traseira";"Com Vítimas Feridas";"Pleno dia";"Decrescente";"Céu Claro";"Simples";"Reta";"Não";2;0;0;1;1;0;1;2;-26,98222472;-48,67549932;"SPRF-SC";"DEL04-SC";"UOP03-DEL04-SC"
755214;2026-02-28;"sábado";"07:09:00";"MS";262;558;"MIRANDA";"Desrespeitar a preferência no cruzamento";"Colisão transversal";"Com Vítimas Feridas";"Pleno dia";"Crescente";"Céu Claro";"Simples";"Rotatória";"Sim";2;0;1;0;1;0;1;2;-20,234032;-56,378063;"SPRF-MS";"DEL03-MS";"UOP02-DEL03-MS"
755216;2026-02-28;"sábado";"07:50:00";"BA";116;374;"SERRINHA";"Chuva";"Saída de leito carroçável";"Com Vítimas Feridas";"Pleno dia";"Crescente";"Chuva";"Simples";"Em Obras;Reta";"Não";1;0;1;0;0;0;1;1;-11,791985;-38,985252;"SPRF-BA";"DEL02-BA";"UOP01-DEL02-BA"
755217;2026-02-28;"sábado";"06:54:00";"PE";407;10,2;"AFRANIO";"Ausência de reação do condutor";"Colisão traseira";"Com Vítimas Feridas";"Pleno dia";"Decrescente";"Chuva";"Simples";"Reta";"Sim";2;0;1;0;1;0;1;2;-8,520269;-41,006607;"SPRF-PE";"DEL06-PE";"UOP02-DEL06-PE"
755218;2026-02-28;"sábado";"07:05:00";"RO";364;686;"PORTO VELHO";"Reação tardia ou ineficiente do condutor";"Saída de leito carroçável";"Sem Vítimas";"Pleno dia";"Crescente";"Céu Claro";"Simples";"Reta";"Não";2;0;0;0;2;0;0;1;-8,80035581;-63,76176572;"SPRF-RO";"DEL01-RO";"UOP01-DEL01-RO"
755220;2026-02-28;"sábado";"09:20:00";"SC";470;129,1;"LONTRAS";"Reação tardia ou ineficiente do condutor";"Engavetamento";"Com Vítimas Feridas";"Pleno dia";"Crescente";"Sol";"Simples";"Reta";"Não";5;0;1;0;3;1;1;3;-27,15356451;-49,55648152;"SPRF-SC";"DEL04-SC";"UOP02-DEL04-SC"
755221;2026-02-28;"sábado";"09:20:00";"PR";277;35;"MORRETES";"Reação tardia ou ineficiente do condutor";"Queda de ocupante de veículo";"Com Vítimas Feridas";"Pleno dia";"Decrescente";"Céu Claro";"Dupla";"Reta";"Não";1;0;1;0;0;0;1;1;-25,57353484;-48,82595507;"SPRF-PR";"DEL01-PR";"UOP05-DEL01-PR"
755222;2026-02-28;"sábado";"09:30:00";"RJ";101;316;"SAO GONCALO";"Acumulo de areia ou detritos sobre o pavimento";"Queda de ocupante de veículo";"Com Vítimas Feridas";"Pleno dia";"Crescente";"Nublado";"Dupla";"Reta";"Não";1;0;1;0;0;0;1;1;-22,835954;-43,094914;"SPRF-RJ";"DEL02-RJ";"UOP02-DEL02-RJ"
755223;2026-02-28;"sábado";"08:11:00";"MT";364;273;"JACIARA";"Reação tardia ou ineficiente do condutor";"Saída de leito carroçável";"Com Vítimas Feridas";"Pleno dia";"Decrescente";"Nublado";"Dupla";"Curva";"Sim";1;0;1;0;0;0;1;1;-15,958994;-54,972071;"SPRF-MT";"DEL05-MT";"UOP02-DEL05-MT"
755224;2026-02-28;"sábado";"08:30:00";"BA";101;715;"EUNAPOLIS";"Acessar a via sem observar a presença dos outros veículos";"Tombamento";"Com Vítimas Feridas";"Pleno dia";"Crescente";"Chuva";"Simples";"Reta";"Sim";3;0;1;0;1;1;1;2;-16,35452868;-39,5795958;"SPRF-BA";"DEL09-BA";"UOP01-DEL09-BA"
755226;2026-02-28;"sábado";"09:40:00";"RJ";101;451,9;"MANGARATIBA";"Reação tardia ou ineficiente do condutor";"Colisão frontal";"Com Vítimas Feridas";"Pleno dia";"Crescente";"Chuva";"Simples";"Aclive;Curva";"Não";7;0;0;7;0;0;7;2;-23,03117312;-44,13053514;"SPRF-RJ";"DEL03-RJ";"UOP02-DEL03-RJ"
755227;2026-02-28;"sábado";"10:00:00";"RJ";101;451,9;"MANGARATIBA";"Velocidade Incompatível";"Colisão com objeto";"Com Vítimas Feridas";"Pleno dia";"Crescente";"Chuva";"Simples";"Curva";"Não";4;0;1;0;3;0;1;3;-22,98188166;-44,08611171;"SPRF-RJ";"DEL03-RJ";"UOP02-DEL03-RJ"
755229;2026-02-28;"sábado";"05:15:00";"MT";163;1014;"TERRA NOVA DO NORTE";"Condutor Dormindo";"Saída de leito carroçável";"Com Vítimas Feridas";"Plena Noite";"Crescente";"Nublado";"Simples";"Reta";"Não";1;0;0;1;0;0;1;1;-10,369;-55,0463;"SPRF-MT";"DEL06-MT";"UOP03-DEL06-MT"
755230;2026-02-28;"sábado";"10:15:00";"RJ";101;69;"CAMPOS DOS GOYTACAZES";"Acessar a via sem observar a presença dos outros veículos";"Colisão transversal";"Com Vítimas Feridas";"Pleno dia";"Decrescente";"Céu Claro";"Simples";"Reta";"Não";2;0;2;0;0;0;2;2;-21,83602597;-41,42168225;"SPRF-RJ";"DEL08-RJ";"UOP02-DEL08-RJ"
755232;2026-02-28;"sábado";"11:00:00";"SC";101;204,8;"SAO JOSE";"Reação tardia ou ineficiente do condutor";"Colisão traseira";"Com Vítimas Feridas";"Pleno dia";"Crescente";"Céu Claro";"Múltipla";"Reta";"Sim";2;0;1;0;1;0;1;2;-27,5803591;-48,61441612;"SPRF-SC";"DEL01-SC";"UOP01-DEL01-SC"