"id";"data_inversa";"dia_semana";"horario";"uf";"br";"km";"municipio";"causa_acidente";"tipo_acidente";"classificacao_acidente";"fase_dia";"sentido_via";"condicao_metereologica";"tipo_pista";"tracado_via";"uso_solo";"pessoas";"mortos";"feridos_leves";"feridos_graves";"ilesos";"ignorados";"feridos";"veiculos";"latitude";"longitude";"regional";"delegacia";"uop"
755338;2026-02-28;"sábado";"18:00:00";"SP";101;18;"UBATUBA";"Avarias e/ou desgaste excessivo no pneu";"Incêndio";"Sem Vítimas";"Pleno dia";"Decrescente";"Chuva";"Simples";"Reta";"Não";1;0;0;0;1;0;0;1;-23,31763274;-44,89878822;"SPRF-SP";"DEL06-SP";"UOP01-DEL06-SP"
755340;2026-02-28;"sábado";"22:20:00";"SP";101;49;"UBATUBA";"Acessar a via sem observar a presença dos outros veículos";"Colisão traseira";"Com Vítimas Feridas";"Plena Noite";"Decrescente";"Nublado";"Simples";"Reta";"Não";2;0;0;2;0;0;2;2;-23,44906638;-45,07858799;"SPRF-SP";"DEL06-SP";"UOP01-DEL06-SP"
755341;2026-02-28;"sábado";"12:00:00";"SC";101;243,9;"PALHOCA";"Avarias e/ou desgaste excessivo no pneu";"Tombamento";"Com Vítimas Feridas";"Pleno dia";"Decrescente";"Céu Claro";"Múltipla";"Reta";"Não";2;0;2;0;0;0;2;1;-27,89251;-48,64813;"SPRF-SC";"DEL01-SC";"UOP02-DEL01-SC"
755342;2026-02-28;"sábado";"21:30:00";"MS";158;258,4;"TRES LAGOAS";"Velocidade Incompatível";"Colisão com objeto";"Com Vítimas Feridas";"Plena Noite";"Crescente";"Nublado";"Simples";"Declive;Reta";"Não";3;0;1;0;2;0;1;1;-20,69482291;-51,76324368;"SPRF-MS";"DEL07-MS";"UOP01-DEL07-MS"
755345;2026-02-28;"sábado";"23:20:00";"RJ";493;97;"SEROPEDICA";"Ausência de reação do condutor";"Saída de leito carroçável";"Com Vítimas Feridas";"Plena Noite";"Crescente";"Garoa/Chuvisco";"Dupla";"Reta";"Não";1;0;0;1;0;0;1;1;-22,73819;-43,72146606;"SPRF-RJ";"DEL01-RJ";"UOP03-DEL01-RJ"
755346;2026-02-28;"sábado";"23:45:00";"GO";153;499;"GOIANIA";"Reação tardia ou ineficiente do condutor";"Colisão lateral mesmo sentido";"Com Vítimas Feridas";"Plena Noite";"Decrescente";"Céu Claro";"Dupla";"Viaduto;Reta";"Sim";3;0;1;0;0;2;1;3;-16,694664;-49,231706;"SPRF-GO";"DEL01-GO";"UOP01-DEL01-GO"
755347;2026-02-28;"sábado";"11:50:00";"GO";153;501;"GOIANIA";"Ausência de reação do condutor";"Saída de leito carroçável";"Com Vítimas Feridas";"Plena Noite";"Crescente";"Nublado";"Dupla";"Curva";"Sim";1;0;1;0;0;0;1;1;-16,710672;-49,231616;"SPRF-GO";"DEL01-GO";"UOP01-DEL01-GO"
755348;2026-02-28;"sábado";"22:40:00";"RJ";101;200;"CASIMIRO DE ABREU";"Animais na Pista";"Atropelamento de Animal";"Com Vítimas Feridas";"Plena Noite";"Decrescente";"Nublado";"Dupla";"Reta";"Não";2;0;1;0;0;1;1;2;-22,48415323;-42,14271164;"SPRF-RJ";"DEL08-RJ";"UOP04-DEL08-RJ"
755349;2026-02-28;"sábado";"23:30:00";"SP";381;87;"GUARULHOS";"Ingestão de álcool pelo condutor";"Colisão lateral mesmo sentido";"Sem Vítimas";"Plena Noite";"Crescente";"Nublado";"Múltipla";"Reta";"Sim";2;0;0;0;2;0;0;2;-23,48269031;-46,55998483;"SPRF-SP";"DEL03-SP";"UOP01-DEL03-SP"
755353;2026-02-28;"sábado";"19:18:00";"MT";163;1058;"GUARANTA DO NORTE";"Chuva";"Colisão frontal";"Com Vítimas Feridas";"Plena Noite";"Decrescente";"Chuva";"Simples";"Aclive";"Não";7;0;5;2;0;0;7;2;-10,012926;-54,908343;"SPRF-MT";"DEL06-MT";"UOP03-DEL06-MT"
755355;2026-02-28;"sábado";"19:30:00";"PR";277;340;"GUARAPUAVA";"Manobra de mudança de faixa";"Colisão lateral mesmo sentido";"Sem Vítimas";"Plena Noite";"Decrescente";"Céu Claro";"Dupla";"Aclive;Reta";"Não";4;0;0;0;4;0;0;2;-25,34564;-51,40455;"SPRF-PR";"DEL08-PR";"UOP01-DEL08-PR"
755357;2026-02-28;"sábado";"19:35:00";"PR";373;401;"CANDOI";"Ausência de reação do condutor";"Saída de leito carroçável";"Com Vítimas Feridas";"Plena Noite";"Decrescente";"Céu Claro";"Simples";"Reta";"Não";1;0;1;0;0;0;1;1;-25,580497;-52,056788;"SPRF-PR";"DEL08-PR";"UOP01-DEL08-PR"
755360;2026-02-28;"sábado";"23:30:00";"MS";463;90;"PONTA PORA";"Ausência de reação do condutor";"Tombamento";"Com Vítimas Feridas";"Plena Noite";"Crescente";"Céu Claro";"Simples";"Reta";"Não";1;0;0;1;0;0;1;1;-22,5967;-55,5361;"SPRF-MS";"DEL04-MS";"UOP03-DEL04-MS"
755362;2026-02-28;"sábado";"21:00:00";"RS";287;364;"JAGUARI";"Ingestão de álcool pelo condutor";"Colisão transversal";"Sem Vítimas";"Plena Noite";"Decrescente";"Céu Claro";"Simples";"Aclive;Curva";"Não";5;0;0;0;5;0;0;2;-29,4269574;-54,71904337;"SPRF-RS";"DEL12-RS";"UOP02-DEL12-RS"
755380;2026-02-25;"quarta-feira";"13:00:00";"RJ";101;293;"ITABORAI";"Reação tardia ou ineficiente do condutor";"Colisão traseira";"Com Vítimas Feridas";"Pleno dia";"Crescente";"Céu Claro";"Dupla";"Curva";"Sim";2;0;1;0;1;0;1;2;-22,75607184;-42,89217995;"SPRF-RJ";"DEL02-RJ";"UOP02-DEL02-RJ"
755387;2026-02-28;"sábado";"22:15:00";"MG";262;433;"NOVA SERRANA";"Reação tardia ou ineficiente do condutor";"Colisão traseira";"Com Vítimas Feridas";"Plena Noite";"Decrescente";"Céu Claro";"Dupla";"Reta";"Não";2;0;1;0;1;0;1;2;-19,89083736;-44,88942147;"SPRF-MG";"DEL08-MG";"UOP03-DEL08-MG"
755390;2026-02-28;"sábado";"18:50:00";"MG";262;408,8;"IGARATINGA";"Velocidade Incompatível";"Capotamento";"Com Vítimas Feridas";"Anoitecer";"Crescente";"Nublado";"Dupla";"Reta";"Não";1;0;1;0;0;0;1;1;-19,90052;-44,69474;"SPRF-MG";"DEL08-MG";"UOP03-DEL08-MG"
755402;2026-02-27;"sexta-feira";"09:30:00";"RN";406;169;"SAO GONCALO DO AMARANTE";"Reação tardia ou ineficiente do condutor";"Tombamento";"Com Vítimas Feridas";"Pleno dia";"Crescente";"Ignorado";"Dupla";"Reta";"Não";2;0;1;0;0;1;1;2;-5,755123;-35,308357;"SPRF-RN";"DEL02-RN";"UOP01-DEL02-RN"
755403;2026-01-28;"quarta-feira";"22:30:00";"MG";381;511;"IGARAPE";"Ausência de reação do condutor";"Tombamento";"Com Vítimas Feridas";"Plena Noite";"Decrescente";"Céu Claro";"Dupla";"Reta";"Não";2;0;0;1;1;0;1;1;-20,07095528;-44,2994298;"SPRF-MG";"DEL01-MG";"UOP03-DEL01-MG"
755406;2026-02-28;"sábado";"17:25:00";"MT";163;801;"VERA";"Ausência de reação do condutor";"Saída de leito carroçável";"Sem Vítimas";"Pleno dia";"Crescente";"Chuva";"Simples";"Curva";"Não";1;0;0;0;1;0;0;1;-12,1622406;-55,5144918;"SPRF-MT";"DEL06-MT";"UOP02-DEL06-MT"
755407;2026-02-13;"sexta-feira";"10:20:00";"SC";101;157;"PORTO BELO";"Ausência de reação do condutor";"Colisão lateral sentido oposto";"Com Vítimas Feridas";"Pleno dia";"Decrescente";"Céu Claro";"Dupla";"Reta";"Sim";2;0;1;0;0;1;1;2;-27,182845;-48,612046;"SPRF-SC";"DEL04-SC";"UOP03-DEL04-SC"
755412;2026-01-16;"sexta-feira";"18:30:00";"RN";101;104;"PARNAMIRIM";"Manobra de mudança de faixa";"Colisão lateral mesmo sentido";"Com Vítimas Feridas";"Plena Noite";"Decrescente";"Céu Claro";"Dupla";"Reta";"Sim";3;0;2;1;0;0;3;2;-5,8960849;-35,25796859;"SPRF-RN";"DEL01-RN";"UOP01-DEL01-RN"
755417;2026-01-01;"quinta-feira";"04:20:00";"PR";277;9;"FOZ DO IGUACU";"Transitar na contramão";"Colisão frontal";"Com Vítimas Feridas";"Plena Noite";"Crescente";"Nublado";"Dupla";"Viaduto";"Sim";2;0;0;1;0;1;1;2;-25,5762463;-54,5498654;"SPRF-PR";"DEL05-PR";"UOP04-DEL05-PR"
755429;2026-02-26;"quinta-feira";"06:10:00";"SP";381;69;"MAIRIPORA";"Ausência de reação do condutor";"Colisão com objeto";"Com Vítimas Feridas";"Amanhecer";"Decrescente";"Chuva";"Simples";"Declive;Curva";"Não";1;0;1;0;0;0;1;1;-23,349088;-46,560932;"SPRF-SP";"DEL03-SP";"UOP01-DEL03-SP"
755438;2026-02-13;"sexta-feira";"13:30:00";"PR";476;118;"COLOMBO";"Reação tardia ou ineficiente do condutor";"Tombamento";"Com Vítimas Feridas";"Pleno dia";"Decrescente";"Chuva";"Dupla";"Curva";"Sim";1;0;1;0;0;0;1;1;-25,34805959;-49,17390347;"SPRF-PR";"DEL01-PR";"UOP01-DEL01-PR"
755445;2026-02-27;"sexta-feira";"00:30:00";"SC";282;151;"BOM RETIRO";"Ausência de reação do condutor";"Saída de leito carroçável";"Com Vítimas Feridas";"Pleno dia";"Decrescente";"Céu Claro";"Simples";"Reta";"Não";1;0;0;1;0;0;1;1;-27,7608876;-49,6719027;"SPRF-SC";"DEL05-SC";"UOP01-DEL05-SC"
755456;2026-02-25;"quarta-feira";"12:10:00";"BA";101;101;"GANDU";"Acesso irregular";"Colisão transversal";"Com Vítimas Feridas";"Pleno dia";"Crescente";"Sol";"Simples";"Reta";"Sim";2;0;1;0;1;0;1;2;-13,74772241;-39,4846487;"SPRF-BA";"DEL01-BA";"UOP04-DEL01-BA"
755475;2026-01-20;"terça-feira";"22:30:00";"MG";381;877,1;"ESTIVA";"Demais falhas mecânicas ou elétricas";"Tombamento";"Com Vítimas Feridas";"Plena Noite";"Decrescente";"Nublado";"Dupla";"Curva;Declive";"Não";2;0;1;0;1;0;1;2;-22,43802513;-45,98386556;"SPRF-MG";"DEL16-MG";"UOP01-DEL16-MG"
755590;2026-02-22;"domingo";"08:15:00";"SC";282;646,1;"SAO MIGUEL DO OESTE";"Transitar na contramão";"Colisão lateral sentido oposto";"Sem Vítimas";"Pleno dia";"Decrescente";"Nublado";"Simples";"Reta";"Não";8;0;0;0;8;0;0;2;-26,76252916;-53,49867046;"SPRF-SC";"DEL07-SC";"UOP03-DEL07-SC"
755616;2026-02-12;"quinta-feira";"17:10:00";"SC";470;54,4;"BLUMENAU";"Acessar a via sem observar a presença dos outros veículos";"Colisão transversal";"Com Vítimas Feridas";"Pleno dia";"Crescente";"Céu Claro";"Simples";"Reta;Rotatória";"Sim";2;0;1;0;1;0;1;2;-26,87317;-49,11419;"SPRF-SC";"DEL04-SC";"UOP01-DEL04-SC"
755617;2026-02-22;"domingo";"19:00:00";"RN";101;99;"NATAL";"Reação tardia ou ineficiente do condutor";"Colisão traseira";"Sem Vítimas";"Plena Noite";"Decrescente";"Céu Claro";"Dupla";"Aclive;Reta";"Sim";2;0;0;0;1;1;0;2;-5,87133096;-35,21916389;"SPRF-RN";"DEL01-RN";"UOP01-DEL01-RN"
755641;2026-02-10;"terça-feira";"21:45:00";"RJ";0;0;"RIO DE JANEIRO";"Acessar a via sem observar a presença dos outros veículos";"Colisão transversal";"Sem Vítimas";"Plena Noite";"Não Informado";"Céu Claro";"Simples";"Reta;Interseção de Vias";"Sim";4;0;0;0;3;1;0;2;-22,8048651;-43,3108296;"SPRF-RJ";"N/A";"N/A"
755691;2026-02-14;"sábado";"19:40:00";"CE";20;358;"CARIDADE";"Ausência de reação do condutor";"Colisão com objeto";"Com Vítimas Feridas";"Plena Noite";"Crescente";"Nublado";"Simples";"Reta;Aclive";"Não";1;0;0;1;0;0;1;1;-4,035287;-38,995135;"SPRF-CE";"DEL02-CE";"UOP01-DEL02-CE"
755693;2026-02-28;"sábado";"19:30:00";"SC";282;69,7;"RANCHO QUEIMADO";"Curva acentuada";"Saída de leito carroçável";"Com Vítimas Feridas";"Plena Noite";"Decrescente";"Nublado";"Simples";"Curva";"Não";4;0;3;0;1;0;3;1;-27,694;-49,0906;"SPRF-SC";"DEL01-SC";"UOP03-DEL01-SC"
755708;2026-02-22;"domingo";"18:15:00";"AL";316;265;"SATUBA";"Ingestão de álcool pelo condutor";"Colisão transversal";"Com Vítimas Feridas";"Anoitecer";"Decrescente";"Céu Claro";"Simples";"Aclive;Curva";"Não";3;0;1;1;1;0;2;2;-9,58711;-35,86015;"SPRF-AL";"DEL02-AL";"UOP01-DEL02-AL"
755720;2026-02-27;"sexta-feira";"21:40:00";"RJ";116;170,5;"RIO DE JANEIRO";"Ausência de reação do condutor";"Colisão traseira";"Com Vítimas Feridas";"Plena Noite";"Crescente";"Garoa/Chuvisco";"Dupla";"Reta";"Sim";3;0;1;0;2;0;1;2;-22,81032975;-43,33516208;"SPRF-RJ";"DEL06-RJ";"UOP01-DEL06-RJ"
755743;2026-01-29;"quinta-feira";"17:37:00";"RJ";101;387;"RIO DE JANEIRO";"Reação tardia ou ineficiente do condutor";"Colisão com objeto";"Com Vítimas Feridas";"Pleno dia";"Decrescente";"Nublado";"Dupla";"Reta";"Não";1;0;0;1;0;0;1;1;-22,89199024;-43,66859436;"SPRF-RJ";"DEL03-RJ";"UOP01-DEL03-RJ"
755751;2026-02-14;"sábado";"09:30:00";"MA";135;7;"SAO LUIS";"Acessar a via sem observar a presença dos outros veículos";"Colisão transversal";"Com Vítimas Feridas";"Pleno dia";"Decrescente";"Céu Claro";"Dupla";"Reta;Aclive;Retorno Regulamentado";"Sim";3;0;0;1;2;0;1;2;-2,640561;-44,271805;"SPRF-MA";"DEL01-MA";"UOP01-DEL01-MA"
755800;2026-01-18;"domingo";"15:23:00";"RJ";101;486;"ANGRA DOS REIS";"Acessar a via sem observar a presença dos outros veículos";"Colisão transversal";"Com Vítimas Feridas";"Pleno dia";"Crescente";"Céu Claro";"Simples";"Interseção de Vias";"Sim";3;0;2;0;1;0;2;2;-22,98357159;-44,29589935;"SPRF-RJ";"DEL03-RJ";"UOP03-DEL03-RJ"
755818;2026-02-20;"sexta-feira";"06:55:00";"MG";262;585,1;"CAMPOS ALTOS";"Demais falhas mecânicas ou elétricas";"Eventos atípicos";"Sem Vítimas";"Pleno dia";"Crescente";"Céu Claro";"Simples";"Curva;Aclive";"Não";1;0;0;0;1;0;0;1;-19,65709666;-46,17730588;"SPRF-MG";"DEL08-MG";"UOP02-DEL08-MG"
755829;2026-01-24;"sábado";"21:00:00";"PB";361;5,9;"PATOS";"Transitar na contramão";"Colisão frontal";"Com Vítimas Feridas";"Plena Noite";"Decrescente";"Céu Claro";"Simples";"Reta";"Sim";2;0;1;0;1;0;1;2;-7,0354862;-37,3104789;"SPRF-PB";"DEL03-PB";"UOP01-DEL03-PB"
755848;2026-01-10;"sábado";"19:45:00";"RJ";116;186;"NOVA IGUACU";"Ausência de reação do condutor";"Colisão traseira";"Sem Vítimas";"Plena Noite";"Decrescente";"Céu Claro";"Dupla";"Reta";"Sim";2;0;0;0;2;0;0;2;-22,74076453;-43,45616311;"SPRF-RJ";"DEL06-RJ";"UOP01-DEL06-RJ"
755855;2026-02-13;"sexta-feira";"21:00:00";"RS";471;474,2;"RIO GRANDE";"Avarias e/ou desgaste excessivo no pneu";"Saída de leito carroçável";"Com Vítimas Feridas";"Plena Noite";"Decrescente";"Nublado";"Simples";"Reta";"Não";1;0;1;0;0;0;1;1;-32,1512317;-52,3919383;"SPRF-RS";"DEL07-RS";"UOP02-DEL07-RS"
755879;2026-02-12;"quinta-feira";"08:00:00";"MG";40;521;"CONTAGEM";"Condutor deixou de manter distância do veículo da frente";"Tombamento";"Com Vítimas Feridas";"Pleno dia";"Crescente";"Nublado";"Dupla";"Reta";"Não";1;0;0;1;0;0;1;1;-19,9650847;-44,05509864;"SPRF-MG";"DEL01-MG";"UOP02-DEL01-MG"
755896;2026-02-01;"domingo";"16:40:00";"PA";230;77;"SAO JOAO DO ARAGUAIA";"Reação tardia ou ineficiente do condutor";"Colisão traseira";"Com Vítimas Feridas";"Pleno dia";"Crescente";"Céu Claro";"Simples";"Reta";"Não";3;0;1;0;2;0;1;2;-5,47778;-48,777512;"SPRF-PA";"DEL03-PA";"UOP01-DEL03-PA"
755912;2026-02-13;"sexta-feira";"17:30:00";"ES";262;19;"VIANA";"Acessar a via sem observar a presença dos outros veículos";"Colisão transversal";"Sem Vítimas";"Anoitecer";"Crescente";"Céu Claro";"Simples";"Reta";"Sim";2;0;0;0;2;0;0;2;-20,38839301;-40,49437936;"SPRF-ES";"DEL01-ES";"UOP01-DEL01-ES"
755940;2026-02-27;"sexta-feira";"14:10:00";"MG";116;277;"TEOFILO OTONI";"Condutor deixou de manter distância do veículo da frente";"Colisão lateral mesmo sentido";"Com Vítimas Feridas";"Pleno dia";"Decrescente";"Nublado";"Múltipla";"Interseção de Vias;Retorno Regulamentado";"Sim";2;0;1;0;0;1;1;2;-17,86591911;-41,51616303;"SPRF-MG";"DEL11-MG";"UOP01-DEL11-MG"
755950;2026-02-07;"sábado";"19:45:00";"RR";432;86;"CANTA";"Pista esburacada";"Colisão frontal";"Com Vítimas Feridas";"Plena Noite";"Crescente";"Céu Claro";"Simples";"Reta";"Não";4;0;3;0;1;0;3;2;1,874043;-60,58624;"SPRF-RR";"DEL01-RR";"UOP02-DEL01-RR"
755987;2026-02-28;"sábado";"11:39:00";"MG";40;519,6;"RIBEIRAO DAS NEVES";"Demais falhas mecânicas ou elétricas";"Incêndio";"Sem Vítimas";"Pleno dia";"Crescente";"Céu Claro";"Dupla";"Reta";"Sim";1;0;0;0;1;0;0;1;-19,7804333;-44,1192794;"SPRF-MG";"DEL01-MG";"UOP02-DEL01-MG"
755997;2026-01-15;"quinta-feira";"16:50:00";"PR";277;727,3;"FOZ DO IGUACU";"Manobra de mudança de faixa";"Colisão lateral mesmo sentido";"Com Vítimas Feridas";"Pleno dia";"Decrescente";"Sol";"Dupla";"Curva";"Sim";2;0;1;0;0;1;1;2;-25,51064002;-54,55777381;"SPRF-PR";"DEL05-PR";"UOP03-DEL05-PR"
756008;2026-02-08;"domingo";"21:45:00";"PR";476;188,7;"LAPA";"Ultrapassagem Indevida";"Colisão frontal";"Com Vítimas Fatais";"Plena Noite";"Decrescente";"Céu Claro";"Simples";"Reta";"Não";6;1;0;0;4;1;0;3;-25,718655;-49,676936;"SPRF-PR";"DEL01-PR";"UOP06-DEL01-PR"
756014;2026-01-03;"sábado";"19:50:00";"RJ";101;387;"RIO DE JANEIRO";"Entrada inopinada do pedestre";"Atropelamento de Pedestre";"Com Vítimas Feridas";"Plena Noite";"Crescente";"Nublado";"Dupla";"Reta";"Sim";3;0;0;1;2;0;1;2;-22,888739;-43,660119;"SPRF-RJ";"DEL03-RJ";"UOP01-DEL03-RJ"
756022;2026-02-16;"segunda-feira";"16:30:00";"PR";277;31;"MORRETES";"Reação tardia ou ineficiente do condutor";"Colisão traseira";"Com Vítimas Feridas";"Pleno dia";"Crescente";"Céu Claro";"Dupla";"Reta";"Não";3;0;1;0;2;0;1;3;-25,55698821;-48,80465381;"SPRF-PR";"DEL01-PR";"UOP05-DEL01-PR"
756023;2026-02-24;"terça-feira";"08:18:00";"MG";50;166;"UBERABA";"Reação tardia ou ineficiente do condutor";"Colisão frontal";"Com Vítimas Feridas";"Pleno dia";"Crescente";"Céu Claro";"Dupla";"Reta";"Não";4;0;1;0;2;1;1;3;-19,702122;-47,986294;"SPRF-MG";"DEL13-MG";"UOP01-DEL13-MG"
756056;2026-01-24;"sábado";"05:08:00";"RJ";116;173;"SAO JOAO DE MERITI";"Mal súbito do condutor";"Colisão com objeto";"Com Vítimas Feridas";"Plena Noite";"Crescente";"Céu Claro";"Dupla";"Reta";"Sim";2;0;0;1;0;1;1;1;-22,79618911;-43,36046068;"SPRF-RJ";"DEL06-RJ";"UOP01-DEL06-RJ"
756174;2026-01-05;"segunda-feira";"06:50:00";"RN";427;134,6;"SERRA NEGRA DO NORTE";"Reação tardia ou ineficiente do condutor";"Colisão traseira";"Com Vítimas Feridas";"Pleno dia";"Crescente";"Céu Claro";"Simples";"Reta";"Não";3;0;0;2;1;0;2;2;-6,58146691;-37,28616716;"SPRF-RN";"DEL03-RN";"UOP01-DEL03-RN"
756188;2026-02-21;"sábado";"16:30:00";"SC";280;186;"MAFRA";"Ingestão de álcool pelo condutor";"Saída de leito carroçável";"Com Vítimas Feridas";"Pleno dia";"Decrescente";"Nublado";"Simples";"Curva";"Não";3;0;2;1;0;0;3;1;-26,168431;-49,9593905;"SPRF-SC";"DEL06-SC";"UOP01-DEL06-SC"
756220;2026-02-21;"sábado";"11:00:00";"MG";262;653;"IBIA";"Acumulo de areia ou detritos sobre o pavimento";"Eventos atípicos";"Com Vítimas Feridas";"Pleno dia";"Decrescente";"Céu Claro";"Simples";"Reta";"Não";3;0;1;0;2;0;1;2;-19,5616282;-46,75115459;"SPRF-MG";"DEL08-MG";"UOP01-DEL08-MG"
756295;2026-01-16;"sexta-feira";"02:20:00";"PA";163;310,7;"NOVO PROGRESSO";"Ausência de reação do condutor";"Colisão com objeto";"Sem Vítimas";"Plena Noite";"Decrescente";"Ignorado";"Simples";"Reta";"Sim";1;0;0;0;0;1;0;1;-7,0405441;-55,41478157;"SPRF-PA";"DEL05-PA";"UOP03-DEL05-PA"
756298;2026-01-16;"sexta-feira";"13:00:00";"PB";230;19;"JOAO PESSOA";"Reação tardia ou ineficiente do condutor";"Colisão traseira";"Com Vítimas Feridas";"Pleno dia";"Decrescente";"Céu Claro";"Dupla";"Reta";"Sim";5;0;1;0;3;1;1;4;-7,13025601;-34,85107809;"SPRF-PB";"DEL01-PB";"UOP01-DEL01-PB"
756348;2026-02-01;"domingo";"13:30:00";"ES";101;143;"LINHARES";"Acessar a via sem observar a presença dos outros veículos";"Colisão traseira";"Com Vítimas Feridas";"Pleno dia";"Decrescente";"Céu Claro";"Dupla";"Reta";"Sim";4;0;4;0;0;0;4;2;-19,342676;-40,063684;"SPRF-ES";"DEL04-ES";"UOP01-DEL04-ES"
756350;2026-02-01;"domingo";"16:00:00";"BA";116;427;"FEIRA DE SANTANA";"Manobra de mudança de faixa";"Colisão traseira";"Com Vítimas Feridas";"Pleno dia";"Crescente";"Sol";"Dupla";"Reta;Declive";"Sim";3;0;1;0;2;0;1;2;-12,26615568;-38,98936808;"SPRF-BA";"DEL02-BA";"UOP01-DEL02-BA"
756356;2026-01-17;"sábado";"18:15:00";"GO";452;189;"ITUMBIARA";"Velocidade Incompatível";"Queda de ocupante de veículo";"Com Vítimas Feridas";"Anoitecer";"Crescente";"Nublado";"Simples";"Reta";"Não";2;0;1;0;1;0;1;1;-18,39022859;-49,3369031;"SPRF-GO";"DEL03-GO";"UOP02-DEL03-GO"
756381;2026-02-19;"quinta-feira";"20:00:00";"MG";381;828,8;"SAO SEBASTIAO DA BELA VISTA";"Acessar a via sem observar a presença dos outros veículos";"Atropelamento de Pedestre";"Com Vítimas Fatais";"Plena Noite";"Crescente";"Chuva";"Dupla";"Reta";"Não";2;1;0;0;1;0;0;2;-22,11886297;-45,75474342;"SPRF-MG";"DEL16-MG";"UOP01-DEL16-MG"
756409;2026-02-01;"domingo";"22:00:00";"SC";282;152,5;"BOM RETIRO";"Ausência de reação do condutor";"Colisão traseira";"Com Vítimas Feridas";"Pleno dia";"Crescente";"Céu Claro";"Simples";"Reta";"Não";4;0;1;1;2;0;2;2;-27,7563333;-49,684345;"SPRF-SC";"DEL05-SC";"UOP01-DEL05-SC"
756444;2026-02-06;"sexta-feira";"19:18:00";"MS";262;679,9;"CORUMBA";"Reação tardia ou ineficiente do condutor";"Capotamento";"Com Vítimas Feridas";"Plena Noite";"Crescente";"Céu Claro";"Simples";"Reta";"Não";2;0;2;0;0;0;2;1;-19,562001;-57,197059;"SPRF-MS";"DEL03-MS";"UOP03-DEL03-MS"
756457;2026-02-23;"segunda-feira";"06:00:00";"SC";101;144;"ITAPEMA";"Ausência de reação do condutor";"Colisão com objeto";"Com Vítimas Feridas";"Pleno dia";"Decrescente";"Céu Claro";"Dupla";"Curva";"Sim";1;0;1;0;0;0;1;1;-27,06614568;-48,59578671;"SPRF-SC";"DEL04-SC";"UOP03-DEL04-SC"
756470;2026-01-01;"quinta-feira";"17:40:00";"RJ";101;519;"ANGRA DOS REIS";"Velocidade Incompatível";"Colisão frontal";"Com Vítimas Feridas";"Pleno dia";"Decrescente";"Chuva";"Simples";"Reta";"Não";7;0;1;2;4;0;3;2;-23,00544492;-44,47067007;"SPRF-RJ";"DEL03-RJ";"UOP03-DEL03-RJ"
756517;2026-02-12;"quinta-feira";"20:17:00";"MA";230;406,5;"BALSAS";"Retorno proibido";"Colisão transversal";"Com Vítimas Fatais";"Plena Noite";"Crescente";"Céu Claro";"Simples";"Reta";"Sim";3;1;1;0;1;0;1;3;-7,519778;-46,06285;"SPRF-MA";"DEL05-MA";"UOP01-DEL05-MA"
756706;2026-02-07;"sábado";"04:30:00";"PB";230;137,8;"MASSARANDUBA";"Condutor Dormindo";"Saída de leito carroçável";"Com Vítimas Feridas";"Plena Noite";"Decrescente";"Garoa/Chuvisco";"Dupla";"Reta;Declive";"Não";2;0;1;0;1;0;1;1;-7,271553;-35,786132;"SPRF-PB";"DEL02-PB";"UOP01-DEL02-PB"
756718;2026-02-21;"sábado";"06:08:00";"PE";408;96;"SAO LOURENCO DA MATA";"Ausência de reação do condutor";"Saída de leito carroçável";"Sem Vítimas";"Pleno dia";"Crescente";"Céu Claro";"Dupla";"Reta";"Não";4;0;0;0;4;0;0;1;-8,021;-35,041;"SPRF-PE";"DEL01-PE";"UOP01-DEL01-PE"
756744;2026-01-31;"sábado";"04:00:00";"RJ";101;475;"ANGRA DOS REIS";"Reação tardia ou ineficiente do condutor";"Saída de leito carroçável";"Sem Vítimas";"Plena Noite";"Crescente";"Nublado";"Simples";"Declive";"Não";1;0;0;0;0;1;0;1;-22,99754425;-44,25283179;"SPRF-RJ";"DEL03-RJ";"UOP03-DEL03-RJ"
756749;2026-01-25;"domingo";"05:00:00";"RJ";101;477,9;"ANGRA DOS REIS";"Ausência de sinalização";"Queda de ocupante de veículo";"Com Vítimas Feridas";"Amanhecer";"Crescente";"Céu Claro";"Simples";"Curva";"Não";2;0;1;0;1;0;1;2;-22,99809;-44,26466;"SPRF-RJ";"DEL03-RJ";"UOP03-DEL03-RJ"
756920;2026-02-20;"sexta-feira";"13:00:00";"SP";381;87;"SAO PAULO";"Trafegar com motocicleta (ou similar) entre as faixas";"Colisão transversal";"Com Vítimas Feridas";"Pleno dia";"Crescente";"Céu Claro";"Múltipla";"Reta;Em Obras";"Sim";3;0;3;0;0;0;3;2;-23,47293024;-46,56301975;"SPRF-SP";"DEL03-SP";"UOP01-DEL03-SP"
757057;2026-01-14;"quarta-feira";"16:20:00";"RO";364;758;"PORTO VELHO";"Demais falhas na via";"Colisão traseira";"Sem Vítimas";"Pleno dia";"Decrescente";"Céu Claro";"Simples";"Reta";"Não";2;0;0;0;2;0;0;2;-9,08955318;-64,08531308;"SPRF-RO";"DEL01-RO";"UOP02-DEL01-RO"
757147;2026-02-25;"quarta-feira";"16:09:00";"ES";101;90;"JAGUARE";"Desrespeitar a preferência no cruzamento";"Atropelamento de Pedestre";"Com Vítimas Feridas";"Pleno dia";"Decrescente";"Nublado";"Simples";"Reta;Interseção de Vias";"Sim";2;0;1;0;0;1;1;2;-18,9343088;-39,97340863;"SPRF-ES";"DEL04-ES";"UOP02-DEL04-ES"