"id";"data_inversa";"dia_semana";"horario";"uf";"br";"km";"municipio";"causa_acidente";"tipo_acidente";"classificacao_acidente";"fase_dia";"sentido_via";"condicao_metereologica";"tipo_pista";"tracado_via";"uso_solo";"pessoas";"mortos";"feridos_leves";"feridos_graves";"ilesos";"ignorados";"feridos";"veiculos";"latitude";"longitude";"regional";"delegacia";"uop"
757158;2026-02-04;"quarta-feira";"22:46:00";"AL";316;89,1;"SANTANA DO IPANEMA";"Entrada inopinada do pedestre";"Atropelamento de Pedestre";"Com Vítimas Feridas";"Plena Noite";"Decrescente";"Céu Claro";"Simples";"Declive;Reta";"Não";5;0;0;1;4;0;1;2;-9,389103;-37,214452;"SPRF-AL";"DEL03-AL";"UOP02-DEL03-AL"
757159;2026-02-22;"domingo";"14:54:00";"RJ";101;211;"CASIMIRO DE ABREU";"Chuva";"Colisão com objeto";"Com Vítimas Feridas";"Pleno dia";"Decrescente";"Ignorado";"Dupla";"Curva";"Não";2;0;1;0;1;0;1;1;-22,48167;-42,247046;"SPRF-RJ";"DEL08-RJ";"UOP04-DEL08-RJ"
757179;2026-02-13;"sexta-feira";"07:40:00";"GO";60;454;"JATAI";"Reação tardia ou ineficiente do condutor";"Saída de leito carroçável";"Sem Vítimas";"Pleno dia";"Crescente";"Chuva";"Dupla";"Curva";"Não";3;0;0;0;2;1;0;1;-17,864739;-51,567528;"SPRF-GO";"DEL05-GO";"UOP01-DEL05-GO"
757201;2026-02-26;"quinta-feira";"17:20:00";"PR";369;151,2;"LONDRINA";"Acessar a via sem observar a presença dos outros veículos";"Atropelamento de Pedestre";"Com Vítimas Feridas";"Pleno dia";"Crescente";"Nublado";"Dupla";"Reta";"Sim";1;0;0;1;0;0;1;1;-23,29275363;-51,17719023;"SPRF-PR";"DEL07-PR";"UOP01-DEL07-PR"
757207;2026-02-19;"quinta-feira";"16:00:00";"AM";174;954;"MANAUS";"Condutor Dormindo";"Tombamento";"Com Vítimas Feridas";"Pleno dia";"Decrescente";"Nublado";"Simples";"Reta";"Não";3;0;2;0;0;1;2;2;-2,339507;-60,045942;"SPRF-AM";"DEL01-AM";"UOP01-DEL01-AM"
757208;2026-01-05;"segunda-feira";"09:21:00";"PB";230;21,8;"JOAO PESSOA";"Condutor deixou de manter distância do veículo da frente";"Colisão traseira";"Com Vítimas Feridas";"Pleno dia";"Decrescente";"Céu Claro";"Dupla";"Reta";"Sim";5;0;1;0;4;0;1;5;-7,15058344;-34,8523643;"SPRF-PB";"DEL01-PB";"UOP01-DEL01-PB"
757214;2026-02-12;"quinta-feira";"06:40:00";"PR";116;116,5;"CURITIBA";"Trafegar com motocicleta (ou similar) entre as faixas";"Colisão lateral mesmo sentido";"Com Vítimas Feridas";"Amanhecer";"Decrescente";"Nublado";"Dupla";"Reta";"Sim";2;0;1;0;0;1;1;2;-25,556992;-49,306202;"SPRF-PR";"DEL01-PR";"UOP03-DEL01-PR"
757216;2026-02-07;"sábado";"10:30:00";"GO";70;21;"COCALZINHO DE GOIAS";"Conversão proibida";"Colisão lateral mesmo sentido";"Com Vítimas Feridas";"Pleno dia";"Crescente";"Chuva";"Simples";"Curva;Interseção de Vias";"Sim";2;0;1;0;1;0;1;2;-15,74877163;-48,4117105;"SPRF-DF";"DEL03-DF";"UOP02-DEL03-DF"
757253;2026-01-09;"sexta-feira";"20:20:00";"RJ";101;533;"PARATY";"Transitar no Acostamento";"Atropelamento de Pedestre";"Com Vítimas Feridas";"Plena Noite";"Crescente";"Céu Claro";"Simples";"Reta";"Não";2;0;0;1;0;1;1;2;-23,02760753;-44,539572;"SPRF-RJ";"DEL03-RJ";"UOP03-DEL03-RJ"
757288;2026-01-25;"domingo";"11:45:00";"TO";153;648;"DUERE";"Acessar a via sem observar a presença dos outros veículos";"Saída de leito carroçável";"Com Vítimas Feridas";"Pleno dia";"Crescente";"Céu Claro";"Simples";"Reta";"Não";1;0;1;0;0;0;1;1;-11,5161;-49,0121;"SPRF-TO";"DEL01-TO";"UOP02-DEL01-TO"
757308;2026-01-24;"sábado";"20:00:00";"RJ";101;580;"PARATY";"Pista Escorregadia";"Saída de leito carroçável";"Com Vítimas Feridas";"Plena Noite";"Crescente";"Chuva";"Simples";"Curva";"Não";1;0;1;0;0;0;1;1;-23,24102078;-44,70175026;"SPRF-RJ";"DEL03-RJ";"UOP04-DEL03-RJ"
757373;2026-02-14;"sábado";"17:00:00";"RJ";40;120;"DUQUE DE CAXIAS";"Condutor deixou de manter distância do veículo da frente";"Colisão traseira";"Sem Vítimas";"Pleno dia";"Decrescente";"Céu Claro";"Dupla";"Reta";"Sim";2;0;0;0;2;0;0;2;-22,77702356;-43,2856575;"SPRF-RJ";"DEL01-RJ";"UOP02-DEL01-RJ"
757376;2026-01-29;"quinta-feira";"16:30:00";"RJ";101;397;"ITAGUAI";"Acessar a via sem observar a presença dos outros veículos";"Colisão transversal";"Com Vítimas Feridas";"Pleno dia";"Decrescente";"Nublado";"Dupla";"Reta";"Sim";2;0;2;0;0;0;2;2;-22,866874;-43,749963;"SPRF-RJ";"DEL03-RJ";"UOP01-DEL03-RJ"
757428;2026-01-29;"quinta-feira";"09:10:00";"RJ";101;387;"RIO DE JANEIRO";"Ausência de reação do condutor";"Saída de leito carroçável";"Com Vítimas Feridas";"Pleno dia";"Decrescente";"Céu Claro";"Dupla";"Reta";"Sim";1;0;0;1;0;0;1;1;-22,8881948;-43,65657806;"SPRF-RJ";"DEL03-RJ";"UOP01-DEL03-RJ"
757429;2026-01-10;"sábado";"08:30:00";"PA";10;156;"PARAGOMINAS";"Acessar a via sem observar a presença dos outros veículos";"Colisão frontal";"Com Vítimas Feridas";"Pleno dia";"Decrescente";"Sol";"Simples";"Reta";"Sim";2;0;0;1;1;0;1;2;-2,98623097;-47,4555409;"SPRF-PA";"DEL02-PA";"UOP01-DEL02-PA"
757433;2026-02-18;"quarta-feira";"10:04:00";"AL";101;140,8;"SAO MIGUEL DOS CAMPOS";"Transitar na contramão";"Colisão lateral sentido oposto";"Com Vítimas Feridas";"Pleno dia";"Crescente";"Céu Claro";"Dupla";"Reta";"Não";5;0;0;1;4;0;1;2;-9,81693;-36,12245;"SPRF-AL";"DEL02-AL";"UOP01-DEL02-AL"
757614;2026-02-21;"sábado";"19:15:00";"RJ";101;461;"ANGRA DOS REIS";"Demais Fenômenos da natureza";"Colisão transversal";"Com Vítimas Feridas";"Plena Noite";"Crescente";"Chuva";"Simples";"Curva";"Não";2;0;2;0;0;0;2;2;-23,02948;-44,19985;"SPRF-RJ";"DEL03-RJ";"UOP03-DEL03-RJ"
757618;2026-01-11;"domingo";"18:50:00";"RJ";465;20;"NOVA IGUACU";"Ausência de reação do condutor";"Colisão traseira";"Com Vítimas Feridas";"Plena Noite";"Crescente";"Céu Claro";"Simples";"Reta";"Sim";3;0;1;0;2;0;1;3;-22,85527488;-43,6016833;"SPRF-RJ";"DEL06-RJ";"UOP02-DEL06-RJ"
757622;2026-02-26;"quinta-feira";"15:00:00";"MS";163;39,6;"ELDORADO";"Reação tardia ou ineficiente do condutor";"Colisão frontal";"Com Vítimas Feridas";"Pleno dia";"Crescente";"Céu Claro";"Simples";"Reta;Em Obras;Interseção de Vias";"Sim";2;0;1;0;1;0;1;2;-23,791137;-54,282199;"SPRF-MS";"DEL09-MS";"UOP02-DEL09-MS"
757643;2026-02-19;"quinta-feira";"11:30:00";"PR";369;178,7;"ARAPONGAS";"Manobra de mudança de faixa";"Colisão lateral mesmo sentido";"Com Vítimas Feridas";"Pleno dia";"Decrescente";"Céu Claro";"Dupla";"Reta";"Não";3;0;0;1;2;0;1;2;-23,36241224;-51,40064284;"SPRF-PR";"DEL07-PR";"UOP03-DEL07-PR"
757658;2026-02-07;"sábado";"16:30:00";"PR";476;84;"BOCAIUVA DO SUL";"Ausência de reação do condutor";"Colisão com objeto";"Com Vítimas Feridas";"Pleno dia";"Decrescente";"Céu Claro";"Simples";"Curva";"Não";2;0;2;0;0;0;2;1;-25,150163;-49,108983;"SPRF-PR";"DEL01-PR";"UOP01-DEL01-PR"
757661;2026-01-10;"sábado";"08:35:00";"RJ";101;528;"ANGRA DOS REIS";"Velocidade Incompatível";"Colisão com objeto";"Com Vítimas Feridas";"Pleno dia";"Crescente";"Sol";"Simples";"Curva;Declive";"Sim";5;0;4;1;0;0;5;2;-23,02602769;-44,50561523;"SPRF-RJ";"DEL03-RJ";"UOP03-DEL03-RJ"
757663;2026-01-10;"sábado";"11:36:00";"RJ";116;299;"PORTO REAL";"Restrição de visibilidade em curvas verticais";"Engavetamento";"Com Vítimas Feridas";"Pleno dia";"Crescente";"Céu Claro";"Dupla";"Declive";"Não";7;0;1;0;5;1;1;6;-22,44999667;-44,33027;"SPRF-RJ";"DEL07-RJ";"UOP02-DEL07-RJ"
757766;2026-01-15;"quinta-feira";"07:40:00";"RJ";116;187;"NOVA IGUACU";"Ausência de reação do condutor";"Colisão lateral mesmo sentido";"Com Vítimas Feridas";"Amanhecer";"Decrescente";"Céu Claro";"Dupla";"Reta";"Não";2;0;1;0;1;0;1;2;-22,73948531;-43,46884187;"SPRF-RJ";"DEL06-RJ";"UOP01-DEL06-RJ"
757770;2026-01-11;"domingo";"23:06:00";"GO";153;514,5;"APARECIDA DE GOIANIA";"Velocidade Incompatível";"Colisão transversal";"Com Vítimas Feridas";"Plena Noite";"Crescente";"Nublado";"Dupla";"Interseção de Vias";"Sim";2;0;0;1;1;0;1;2;-16,82493755;-49,24210668;"SPRF-GO";"DEL01-GO";"UOP03-DEL01-GO"
757797;2026-01-03;"sábado";"22:10:00";"GO";40;96;"CRISTALINA";"Transitar na contramão";"Colisão frontal";"Com Vítimas Feridas";"Plena Noite";"Decrescente";"Nevoeiro/Neblina";"Simples";"Viaduto";"Sim";2;0;1;0;1;0;1;2;-16,754588;-47,60416;"SPRF-DF";"DEL01-DF";"UOP02-DEL01-DF"
757839;2026-01-27;"terça-feira";"13:40:00";"RJ";101;316;"SAO GONCALO";"Reação tardia ou ineficiente do condutor";"Colisão traseira";"Com Vítimas Feridas";"Pleno dia";"Decrescente";"Nublado";"Dupla";"Reta";"Sim";4;0;2;0;2;0;2;2;-22,83372728;-43,0942297;"SPRF-RJ";"DEL02-RJ";"UOP02-DEL02-RJ"
757848;2026-01-28;"quarta-feira";"19:00:00";"SC";282;179;"BOCAINA DO SUL";"Reação tardia ou ineficiente do condutor";"Saída de leito carroçável";"Com Vítimas Feridas";"Anoitecer";"Crescente";"Chuva";"Simples";"Declive;Curva";"Sim";1;0;1;0;0;0;1;1;-27,741759;-49,942418;"SPRF-SC";"DEL05-SC";"UOP01-DEL05-SC"
757849;2026-02-28;"sábado";"07:30:00";"MG";40;499;"ESMERALDAS";"Reação tardia ou ineficiente do condutor";"Colisão traseira";"Com Vítimas Feridas";"Pleno dia";"Decrescente";"Céu Claro";"Dupla";"Reta";"Não";4;0;1;0;3;0;1;2;-19,6883948;-44,17984486;"SPRF-MG";"DEL02-MG";"UOP01-DEL02-MG"
757882;2026-01-15;"quinta-feira";"18:00:00";"SC";101;206;"SAO JOSE";"Manobra de mudança de faixa";"Queda de ocupante de veículo";"Com Vítimas Feridas";"Pleno dia";"Crescente";"Ignorado";"Múltipla";"Reta";"Sim";2;0;1;0;1;0;1;2;-27,58851241;-48,61703094;"SPRF-SC";"DEL01-SC";"UOP01-DEL01-SC"
757888;2026-02-16;"segunda-feira";"15:18:00";"RN";226;64;"SERRA CAIADA";"Desrespeitar a preferência no cruzamento";"Colisão transversal";"Com Vítimas Feridas";"Pleno dia";"Crescente";"Céu Claro";"Simples";"Declive";"Não";7;0;3;1;3;0;4;2;-6,07334;-35,686556;"SPRF-RN";"DEL01-RN";"UOP02-DEL01-RN"
757995;2026-02-21;"sábado";"13:50:00";"AM";319;698;"HUMAITA";"Acumulo de água sobre o pavimento";"Saída de leito carroçável";"Sem Vítimas";"Pleno dia";"Decrescente";"Chuva";"Simples";"Curva";"Não";1;0;0;0;1;0;0;1;-7,7205;-63,09931;"SPRF-AM";"DEL02-AM";"UOP01-DEL02-AM"
758024;2026-02-13;"sexta-feira";"13:11:00";"RJ";40;120,8;"DUQUE DE CAXIAS";"Condutor deixou de manter distância do veículo da frente";"Colisão traseira";"Com Vítimas Feridas";"Pleno dia";"Crescente";"Sol";"Múltipla";"Reta";"Sim";3;0;1;0;2;0;1;2;-22,778072;-43,286126;"SPRF-RJ";"DEL01-RJ";"UOP02-DEL01-RJ"
758051;2026-01-04;"domingo";"22:00:00";"RJ";116;197;"QUEIMADOS";"Condutor usando celular";"Colisão traseira";"Sem Vítimas";"Plena Noite";"Crescente";"Garoa/Chuvisco";"Dupla";"Reta";"Não";2;0;0;0;2;0;0;2;-22,7299067;-43,61290164;"SPRF-RJ";"DEL06-RJ";"UOP02-DEL06-RJ"
758085;2026-02-05;"quinta-feira";"17:05:00";"PR";277;692;"SAO MIGUEL DO IGUACU";"Acessar a via sem observar a presença dos outros veículos";"Colisão lateral mesmo sentido";"Com Vítimas Feridas";"Pleno dia";"Decrescente";"Sol";"Dupla";"Retorno Regulamentado;Reta";"Sim";3;0;2;0;1;0;2;2;-25,36018;-54,2488;"SPRF-PR";"DEL05-PR";"UOP01-DEL05-PR"
758094;2026-02-01;"domingo";"11:00:00";"RJ";116;230;"PIRAI";"Mal súbito do condutor";"Queda de ocupante de veículo";"Com Vítimas Feridas";"Pleno dia";"Decrescente";"Céu Claro";"Simples";"Curva;Declive";"Não";3;0;1;0;0;2;1;2;-22,6696504;-43,8296255;"SPRF-RJ";"DEL07-RJ";"UOP01-DEL07-RJ"
758226;2026-02-07;"sábado";"08:30:00";"MG";116;396;"GOVERNADOR VALADARES";"Ausência de reação do condutor";"Colisão traseira";"Com Vítimas Feridas";"Pleno dia";"Crescente";"Céu Claro";"Simples";"Reta";"Não";2;0;2;0;0;0;2;2;-18,738677;-41,98403;"SPRF-MG";"DEL06-MG";"UOP01-DEL06-MG"
758228;2026-02-18;"quarta-feira";"20:30:00";"SC";101;243,4;"PALHOCA";"Ausência de reação do condutor";"Colisão lateral mesmo sentido";"Com Vítimas Feridas";"Plena Noite";"Crescente";"Nublado";"Dupla";"Reta";"Sim";2;0;1;0;1;0;1;2;-27,887623;-48,647944;"SPRF-SC";"DEL01-SC";"UOP02-DEL01-SC"
758242;2026-02-13;"sexta-feira";"14:00:00";"AP";210;0;"MACAPA";"Reação tardia ou ineficiente do condutor";"Queda de ocupante de veículo";"Com Vítimas Feridas";"Pleno dia";"Crescente";"Céu Claro";"Dupla";"Reta";"Sim";2;0;2;0;0;0;2;1;0,0777;-51,068;"SPRF-AP";"DEL01-AP";"UOP01-DEL01-AP"
758253;2026-01-29;"quinta-feira";"17:25:00";"RJ";101;406;"ITAGUAI";"Acumulo de água sobre o pavimento";"Tombamento";"Com Vítimas Feridas";"Pleno dia";"Decrescente";"Chuva";"Simples";"Curva";"Não";1;0;1;0;0;0;1;1;-22,90179465;-43,86737823;"SPRF-RJ";"DEL03-RJ";"UOP01-DEL03-RJ"
758468;2026-01-22;"quinta-feira";"18:30:00";"AL";316;226;"ATALAIA";"Velocidade Incompatível";"Colisão lateral sentido oposto";"Com Vítimas Fatais";"Plena Noite";"Crescente";"Céu Claro";"Simples";"Reta";"Não";7;1;0;2;0;4;2;3;-9,492595;-36,142168;"SPRF-AL";"DEL01-AL";"UOP01-DEL01-AL"
758489;2026-01-22;"quinta-feira";"16:00:00";"PR";376;605;"CURITIBA";"Trafegar com motocicleta (ou similar) entre as faixas";"Colisão traseira";"Com Vítimas Feridas";"Pleno dia";"Decrescente";"Céu Claro";"Dupla";"Reta";"Não";2;0;1;0;1;0;1;2;-25,53755677;-49,31365427;"SPRF-PR";"DEL01-PR";"UOP03-DEL01-PR"
758511;2026-02-16;"segunda-feira";"14:00:00";"RJ";40;121;"DUQUE DE CAXIAS";"Objeto estático sobre o leito carroçável";"Colisão com objeto";"Sem Vítimas";"Pleno dia";"Crescente";"Céu Claro";"Múltipla";"Reta";"Sim";3;0;0;0;3;0;0;1;-22,78282893;-43,28586459;"SPRF-RJ";"DEL01-RJ";"UOP02-DEL01-RJ"
758602;2026-02-23;"segunda-feira";"23:40:00";"ES";101;317;"VILA VELHA";"Condutor Dormindo";"Queda de ocupante de veículo";"Com Vítimas Feridas";"Plena Noite";"Decrescente";"Chuva";"Múltipla";"Reta";"Não";1;0;0;1;0;0;1;1;-20,488648;-40,476454;"SPRF-ES";"DEL01-ES";"UOP01-DEL01-ES"
758654;2026-02-14;"sábado";"23:00:00";"RJ";101;470;"ANGRA DOS REIS";"Velocidade Incompatível";"Colisão transversal";"Com Vítimas Feridas";"Plena Noite";"Decrescente";"Céu Claro";"Simples";"Reta";"Não";2;0;0;1;1;0;1;2;-22,98986693;-44,24189879;"SPRF-RJ";"DEL03-RJ";"UOP03-DEL03-RJ"
758713;2026-01-27;"terça-feira";"14:20:00";"PR";277;302;"PRUDENTOPOLIS";"Reação tardia ou ineficiente do condutor";"Colisão traseira";"Com Vítimas Feridas";"Pleno dia";"Decrescente";"Nublado";"Simples";"Aclive;Em Obras;Curva";"Não";4;0;2;0;2;0;2;2;-25,30127751;-51,1155653;"SPRF-PR";"DEL08-PR";"UOP01-DEL08-PR"
758821;2026-01-29;"quinta-feira";"19:00:00";"PR";376;614;"SAO JOSE DOS PINHAIS";"Ausência de reação do condutor";"Colisão lateral mesmo sentido";"Com Vítimas Feridas";"Plena Noite";"Decrescente";"Garoa/Chuvisco";"Dupla";"Reta;Declive";"Sim";3;0;1;0;1;1;1;3;-25,5817993;-49,1773441;"SPRF-PR";"DEL01-PR";"UOP03-DEL01-PR"
758897;2026-01-29;"quinta-feira";"04:20:00";"MG";262;692;"ARAXA";"Reação tardia ou ineficiente do condutor";"Eventos atípicos";"Com Vítimas Feridas";"Plena Noite";"Crescente";"Chuva";"Simples";"Reta";"Não";2;0;1;0;1;0;1;1;-19,592601;-47,08776411;"SPRF-MG";"DEL08-MG";"UOP01-DEL08-MG"
758902;2026-02-17;"terça-feira";"18:40:00";"PR";376;365,5;"ORTIGUEIRA";"Velocidade Incompatível";"Saída de leito carroçável";"Com Vítimas Feridas";"Anoitecer";"Decrescente";"Chuva";"Simples";"Curva";"Não";4;0;1;0;3;0;1;1;-24,336114;-50,83509;"SPRF-PR";"DEL07-PR";"UOP02-DEL07-PR"
758928;2026-01-26;"segunda-feira";"09:40:00";"BA";101;518;"ITABUNA";"Pista Escorregadia";"Saída de leito carroçável";"Com Vítimas Feridas";"Pleno dia";"Crescente";"Garoa/Chuvisco";"Simples";"Curva";"Não";3;0;0;1;2;0;1;1;-14,90453;-39,289012;"SPRF-BA";"DEL05-BA";"UOP01-DEL05-BA"
758938;2026-02-01;"domingo";"15:30:00";"MG";381;527;"BRUMADINHO";"Velocidade Incompatível";"Capotamento";"Com Vítimas Feridas";"Pleno dia";"Crescente";"Nublado";"Dupla";"Curva";"Não";2;0;1;0;1;0;1;1;-20,167165;-44,334298;"SPRF-MG";"DEL04-MG";"UOP03-DEL04-MG"
758941;2026-02-19;"quinta-feira";"12:45:00";"RJ";40;106;"DUQUE DE CAXIAS";"Demais falhas mecânicas ou elétricas";"Incêndio";"Sem Vítimas";"Pleno dia";"Decrescente";"Sol";"Múltipla";"Reta";"Sim";1;0;0;0;1;0;0;1;-22,65245902;-43,28345248;"SPRF-RJ";"DEL01-RJ";"UOP02-DEL01-RJ"
759117;2026-01-17;"sábado";"12:45:00";"PR";116;115;"CURITIBA";"Trafegar com motocicleta (ou similar) entre as faixas";"Colisão traseira";"Com Vítimas Feridas";"Pleno dia";"Crescente";"Céu Claro";"Dupla";"Reta";"Não";2;0;0;1;1;0;1;2;-25,544358;-49,30227;"SPRF-PR";"DEL01-PR";"UOP03-DEL01-PR"
759125;2026-02-10;"terça-feira";"14:56:00";"PA";163;407;"ITAITUBA";"Reação tardia ou ineficiente do condutor";"Saída de leito carroçável";"Sem Vítimas";"Pleno dia";"Crescente";"Nublado";"Simples";"Reta";"Não";2;0;0;0;0;2;0;1;-6,246321;-55,618915;"SPRF-PA";"DEL05-PA";"UOP03-DEL05-PA"
759146;2026-02-16;"segunda-feira";"14:48:00";"PB";101;36,8;"MAMANGUAPE";"Reação tardia ou ineficiente do condutor";"Colisão com objeto";"Sem Vítimas";"Pleno dia";"Crescente";"Céu Claro";"Dupla";"Reta";"Não";1;0;0;0;0;1;0;1;-6,81012;-35,139866;"SPRF-PB";"DEL01-PB";"UOP03-DEL01-PB"
759171;2026-02-27;"sexta-feira";"06:10:00";"RS";392;338;"SANTA MARIA";"Demais falhas mecânicas ou elétricas";"Colisão lateral sentido oposto";"Com Vítimas Feridas";"Amanhecer";"Decrescente";"Céu Claro";"Simples";"Reta";"Não";3;0;1;0;2;0;1;2;-29,83463009;-53,7600886;"SPRF-RS";"DEL09-RS";"UOP01-DEL09-RS"
759172;2026-02-14;"sábado";"22:38:00";"MA";316;582;"TIMON";"Reação tardia ou ineficiente do condutor";"Colisão transversal";"Com Vítimas Fatais";"Plena Noite";"Decrescente";"Chuva";"Simples";"Reta";"Não";4;1;2;0;1;0;2;3;-4,975742;-43;"SPRF-MA";"DEL03-MA";"UOP02-DEL03-MA"
759181;2026-02-14;"sábado";"10:41:00";"PA";163;310;"NOVO PROGRESSO";"Ultrapassagem Indevida";"Colisão lateral mesmo sentido";"Com Vítimas Feridas";"Pleno dia";"Decrescente";"Ignorado";"Simples";"Reta";"Sim";2;0;1;0;1;0;1;2;-7,14463;-55,3786;"SPRF-PA";"DEL05-PA";"UOP03-DEL05-PA"
759183;2026-02-07;"sábado";"16:30:00";"BA";324;622;"SALVADOR";"Acesso irregular";"Colisão lateral mesmo sentido";"Com Vítimas Feridas";"Pleno dia";"Decrescente";"Céu Claro";"Dupla";"Reta";"Não";1;0;0;1;0;0;1;1;-12,9307991;-38,4704237;"SPRF-BA";"DEL01-BA";"UOP01-DEL01-BA"
759243;2026-02-14;"sábado";"10:41:00";"PA";163;310;"NOVO PROGRESSO";"Velocidade Incompatível";"Saída de leito carroçável";"Sem Vítimas";"Pleno dia";"Decrescente";"Céu Claro";"Simples";"Reta";"Sim";2;0;0;0;0;2;0;2;-7,05453436;-55,40909529;"SPRF-PA";"DEL05-PA";"UOP03-DEL05-PA"
759324;2026-02-07;"sábado";"13:00:00";"RJ";493;19;"MAGE";"Acumulo de óleo sobre o pavimento";"Tombamento";"Com Vítimas Feridas";"Pleno dia";"Crescente";"Nublado";"Simples";"Retorno Regulamentado";"Sim";2;0;2;0;0;0;2;1;-22,66371436;-43,03371046;"SPRF-RJ";"DEL04-RJ";"UOP02-DEL04-RJ"
759330;2026-01-22;"quinta-feira";"10:30:00";"RJ";40;83;"PETROPOLIS";"Pista Escorregadia";"Colisão com objeto";"Com Vítimas Feridas";"Pleno dia";"Crescente";"Garoa/Chuvisco";"Dupla";"Curva";"Não";3;0;1;0;2;0;1;2;-22,53097854;-43,2361065;"SPRF-RJ";"DEL01-RJ";"UOP01-DEL01-RJ"
759332;2026-02-27;"sexta-feira";"11:30:00";"PB";230;78;"SOBRADO";"Acumulo de água sobre o pavimento";"Tombamento";"Com Vítimas Feridas";"Pleno dia";"Decrescente";"Chuva";"Dupla";"Reta";"Sim";2;0;2;0;0;0;2;1;-7,184078;-35,299845;"SPRF-PB";"DEL01-PB";"UOP02-DEL01-PB"
759349;2026-02-12;"quinta-feira";"08:40:00";"PB";230;23,8;"JOAO PESSOA";"Trafegar com motocicleta (ou similar) entre as faixas";"Colisão lateral mesmo sentido";"Com Vítimas Feridas";"Pleno dia";"Decrescente";"Chuva";"Dupla";"Viaduto";"Sim";3;0;1;0;0;2;1;3;-7,16529659;-34,86269731;"SPRF-PB";"DEL01-PB";"UOP01-DEL01-PB"
759358;2026-02-25;"quarta-feira";"10:45:00";"PB";230;20,5;"JOAO PESSOA";"Suicídio (presumido)";"Saída de leito carroçável";"Com Vítimas Feridas";"Pleno dia";"Decrescente";"Céu Claro";"Dupla";"Reta";"Não";1;0;1;0;0;0;1;1;-7,1387117;-34,8526283;"SPRF-PB";"DEL01-PB";"UOP01-DEL01-PB"
759396;2026-02-01;"domingo";"02:36:00";"RN";304;24;"MOSSORO";"Ingestão de álcool pelo condutor";"Saída de leito carroçável";"Com Vítimas Feridas";"Plena Noite";"Crescente";"Céu Claro";"Simples";"Rotatória;Retorno Regulamentado";"Não";2;0;1;0;1;0;1;1;-5,06671;-37,33107;"SPRF-RN";"DEL04-RN";"UOP02-DEL04-RN"
759450;2026-02-25;"quarta-feira";"07:00:00";"SC";101;131;"CAMBORIU";"Acessar a via sem observar a presença dos outros veículos";"Colisão transversal";"Com Vítimas Feridas";"Pleno dia";"Crescente";"Céu Claro";"Simples";"Reta";"Sim";3;0;3;0;0;0;3;2;-26,99734894;-48,65364075;"SPRF-SC";"DEL04-SC";"UOP03-DEL04-SC"
759527;2026-02-01;"domingo";"17:20:00";"RN";406;104,2;"JOAO CAMARA";"Acessar a via sem observar a presença dos outros veículos";"Colisão transversal";"Com Vítimas Feridas";"Pleno dia";"Crescente";"Céu Claro";"Simples";"Interseção de Vias;Reta";"Sim";2;0;0;1;1;0;1;2;-5,541193;-35,803763;"SPRF-RN";"DEL02-RN";"UOP01-DEL02-RN"
759552;2026-02-16;"segunda-feira";"02:40:00";"PB";104;132;"QUEIMADAS";"Animais na Pista";"Atropelamento de Animal";"Com Vítimas Feridas";"Plena Noite";"Decrescente";"Nublado";"Simples";"Reta";"Não";2;0;1;0;1;0;1;1;-7,306585;-35,89329;"SPRF-PB";"DEL02-PB";"UOP03-DEL02-PB"
759566;2026-02-20;"sexta-feira";"21:07:00";"PI";343;343;"TERESINA";"Condutor deixou de manter distância do veículo da frente";"Colisão traseira";"Com Vítimas Feridas";"Plena Noite";"Crescente";"Nublado";"Dupla";"Declive;Reta";"Não";2;0;1;0;1;0;1;2;-5,09408;-42,76254;"SPRF-PI";"DEL01-PI";"UOP01-DEL01-PI"
759576;2026-02-16;"segunda-feira";"12:40:00";"PA";163;282;"NOVO PROGRESSO";"Reação tardia ou ineficiente do condutor";"Colisão lateral mesmo sentido";"Com Vítimas Feridas";"Pleno dia";"Crescente";"Céu Claro";"Simples";"Reta";"Não";4;0;2;0;2;0;2;2;-7,26589425;-55,31979949;"SPRF-PA";"DEL05-PA";"UOP03-DEL05-PA"
759579;2026-02-26;"quinta-feira";"15:22:00";"PE";101;126,3;"ESCADA";"Ausência de reação do condutor";"Colisão traseira";"Com Vítimas Feridas";"Pleno dia";"Decrescente";"Céu Claro";"Dupla";"Reta";"Sim";2;0;1;0;1;0;1;2;-8,37012;-35,23003;"SPRF-PE";"DEL01-PE";"UOP03-DEL01-PE"
759600;2026-02-24;"terça-feira";"11:30:00";"RJ";40;43;"AREAL";"Curva acentuada";"Colisão com objeto";"Com Vítimas Feridas";"Pleno dia";"Decrescente";"Nublado";"Dupla";"Curva;Declive";"Não";2;0;1;0;1;0;1;1;-22,26899147;-43,11028417;"SPRF-RJ";"DEL05-RJ";"UOP02-DEL05-RJ"
759616;2026-02-12;"quinta-feira";"12:10:00";"SC";116;72,3;"MONTE CASTELO";"Acesso irregular";"Colisão transversal";"Com Vítimas Feridas";"Pleno dia";"Crescente";"Céu Claro";"Simples";"Reta";"Não";3;0;1;0;2;0;1;2;-26,489944;-50,232859;"SPRF-SC";"DEL06-SC";"UOP02-DEL06-SC"
759756;2026-02-21;"sábado";"17:00:00";"BA";324;622;"SALVADOR";"Manobra de mudança de faixa";"Incêndio";"Sem Vítimas";"Plena Noite";"Decrescente";"Nublado";"Dupla";"Reta";"Sim";1;0;0;0;1;0;0;1;-12,9306983;-38,4722602;"SPRF-BA";"DEL01-BA";"UOP01-DEL01-BA"
759835;2026-01-16;"sexta-feira";"20:30:00";"RJ";101;43;"CAMPOS DOS GOYTACAZES";"Iluminação deficiente";"Colisão traseira";"Com Vítimas Feridas";"Plena Noite";"Crescente";"Céu Claro";"Simples";"Reta";"Não";3;0;1;0;2;0;1;2;-21,59767463;-41,31690742;"SPRF-RJ";"DEL08-RJ";"UOP01-DEL08-RJ"